idx,t,px,py,pz,vx,vy,vz,ax,ay,az,yaw,mode,ledr,ledg,ledb
0,0.0,-3.9087794829109716e-44,-2.474925320225728e-137,5.119325189753227e-17,-2.909630239010414e-28,-1.073279956571686e-121,-0.14147100515477073,1.939753492673608e-27,7.155199710477901e-121,-0.4341932989681957,0.0,70.0,255.0,255.0,255.0
1,0.05,-1.454815119505211e-29,-5.366399782858455e-123,-0.007073550257738486,-1.93975349267361e-28,-7.155199710477909e-122,-0.16318067010318052,2.66716105242621e-27,9.838399601907113e-121,-0.6475157860812694,0.0,70.0,255.0,255.0,255.0
2,0.1,-1.939753492673614e-29,-7.155199710477934e-123,-0.016318067010318002,-2.424691865842037e-29,-8.943999638097466e-123,-0.20622258376289768,2.9096302390104122e-27,1.073279956571685e-120,-0.8532899484522943,0.0,70.0,255.0,255.0,255.0
3,0.15000000000000002,-1.6972843060894146e-29,-6.260799746668201e-123,-0.027695808634028256,9.698767463368021e-29,3.577599855238941e-122,-0.24850966494840995,1.9397534926736183e-27,7.155199710477948e-121,-0.8381932989682097,0.0,70.0,255.0,255.0,255.0
4,0.2,-9.69876746336812e-30,-3.5775998552389924e-123,-0.041169033505159,1.697284306089415e-28,6.260799746668201e-122,-0.29004191365971865,9.495296817283522e-28,3.5025453128214125e-121,-0.8230954610334004,0.0,70.0,255.0,255.0,255.0
5,0.25,3.475481505924496e-45,4.1340776046566784e-139,-0.056700000000000125,1.9194064280651544e-28,7.080145168060354e-122,-0.33081921105175,-1.5768975071560302e-28,-5.816727037364225e-122,-0.8079907895069482,0.0,70.0,255.0,255.0,255.0
6,0.30000000000000004,9.495296817283425e-30,3.502545312821362e-123,-0.074250954610334,1.5395945553738119e-28,5.679127042931779e-122,-0.3708409926104135,-1.4129905978100394e-27,-5.212121001222295e-121,-0.7928774687003126,0.0,70.0,255.0,255.0,255.0
7,0.35000000000000003,1.5395945553738122e-29,5.679127042931779e-123,-0.09378409926104148,5.064158302551148e-29,1.8680241668380578e-122,-0.41010695792178126,-2.5512958234057968e-27,-9.411005679806924e-121,-0.7777709814853084,0.0,70.0,255.0,255.0,255.0
8,0.4,1.4559455119834572e-29,5.37056947965942e-123,-0.11526165040251213,-1.011701268031985e-28,-3.731878636875146e-122,-0.4486180907589443,-3.149273444399e-27,-1.161677528752418e-120,-0.762696054239283,0.0,70.0,255.0,255.0,255.0
9,0.45,5.27893287341827e-30,1.9472484060566335e-123,-0.1386459083369359,-2.6428576141438854e-28,-9.748751120686124e-122,-0.48637656334570956,-2.786417458881382e-27,-1.0278302614410299e-120,-0.7476705349903212,0.0,70.0,255.0,255.0,255.0
10,0.5,-1.1869121021604281e-29,-4.378181641026705e-123,-0.16389930673708308,-3.7981187269133674e-28,-1.4010181251285445e-121,-0.5233851442579764,-8.726629932074754e-28,-3.2190059303548674e-121,-0.7326970006972877,0.0,70.0,255.0,255.0,255.0
11,0.55,-3.2702254395715404e-29,-1.2062932845228812e-122,-0.19098442276273356,-3.515520607351361e-28,-1.2967757051040991e-121,-0.5596462634154383,2.7841566739248907e-27,1.026996322080836e-120,-0.7177764192066893,0.0,70.0,255.0,255.0,255.0
12,0.6000000000000001,-4.702432709511789e-29,-1.7345938692067697e-122,-0.21986393307862692,-1.0139620529884767e-28,-3.740218030477086e-122,-0.5951627861786454,7.055909849224182e-27,2.6027247431703513e-120,-0.7029303567363088,0.0,70.0,255.0,255.0,255.0
13,0.65,-4.284187492560017e-29,-1.5803150875705898e-122,-0.2505007013805981,3.540389241872822e-28,1.3059490380662526e-121,-0.6299392990890692,1.0045797954190208e-26,3.7056095470289806e-120,-0.688187696929119,0.0,70.0,255.0,255.0,255.0
14,0.7000000000000001,-1.1620434676389667e-29,-4.286448311405171e-123,-0.28285786298753385,9.03183590120173e-28,3.331587743981272e-121,-0.6639815558715573,9.753026302323964e-27,3.597614399883652e-120,-0.6735636034368198,0.0,70.0,255.0,255.0,255.0
15,0.75,4.747648408641713e-29,1.751272656410682e-122,-0.31689885696775383,1.3293415544196787e-27,4.903563437949905e-121,-0.6972956594327512,3.4906519728299e-27,1.2876023721419464e-120,-0.659063931942766,0.0,70.0,255.0,255.0,255.0
16,0.8,1.213137207655782e-28,4.4749186068093887e-122,-0.35258742893080897,1.252248787403163e-27,4.619190116123218e-121,-0.7298879490658339,-9.743983162497991e-27,-3.5942786424428756e-120,-0.6446832650898349,0.0,70.0,255.0,255.0,255.0
17,0.8500000000000001,1.7270136282673345e-28,6.370462772533901e-122,-0.3898876518743372,3.5494323816987943e-28,1.3092847955070291e-121,-0.7617639859417347,-2.567234357349094e-26,-9.469798404700716e-120,-0.6303867524086681,0.0,70.0,255.0,255.0,255.0
18,0.9,1.5680804458256615e-28,5.784203402316418e-122,-0.42876382752498243,-1.3149855699459314e-27,-4.850608288577498e-121,-0.7929266243067007,-3.703391837236184e-26,-1.3660760659363503e-119,-0.6161123188834217,0.0,70.0,255.0,255.0,255.0
19,0.9500000000000001,4.1202805832140307e-29,1.5198544839564027e-122,-0.4691803143050073,-3.3484485990663044e-27,-1.2351475863856474e-120,-0.8233752178300768,-3.622568775041447e-26,-1.3362627338093573e-119,-0.6017893636166727,0.0,70.0,255.0,255.0,255.0
20,1.0,-1.780368153240643e-28,-6.567272461540057e-122,-0.5111013493079901,-4.9375543449873785e-27,-1.821323562667107e-120,-0.853105560668368,-1.308994489811213e-26,-4.8285088955323024e-120,-0.587351234235578,0.0,70.0,255.0,255.0,255.0
21,1.05,-4.525526286665976e-28,-1.669338114271467e-121,-0.5544908703718441,-4.657443088877517e-27,-1.7179984759388777e-120,-0.8821103412536346,3.61917759760671e-26,1.3350118247690665e-119,-0.5727638071473029,0.0,70.0,255.0,255.0,255.0
22,1.1,-6.437811242118161e-28,-2.3747257220928835e-121,-0.5993123834333536,-1.3183767473806684e-27,-4.863117378980404e-121,-0.9103819413830982,9.563346444473962e-26,3.5276468875632516e-119,-0.5580453375917283,0.0,70.0,255.0,255.0,255.0
23,1.1500000000000001,-5.843903034046644e-28,-2.1556498521695075e-121,-0.6455290645101539,4.905903355596444e-27,1.8096484116243743e-120,-0.9379148750128075,1.3808987553525712e-25,5.093743309042503e-119,-0.5432403235745231,0.0,70.0,255.0,255.0,255.0
24,1.2000000000000002,-1.5319078865217159e-28,-5.650773104685091e-122,-0.6931038709346343,1.2490610806145043e-26,4.607431571144463e-120,-0.9647059737405506,1.3514972469933384e-25,4.985289495249064e-119,-0.5283989420965196,0.0,70.0,255.0,255.0,255.0
25,1.25,6.6467077720984e-28,2.451781718974955e-121,-0.741999661884209,1.8420875825529829e-26,6.79493790687344e-120,-0.9907547692224594,4.886912761961861e-26,1.802643320998723e-119,-0.51357514043886,0.0,70.0,255.0,255.0,255.0
26,1.3,1.6888967939008116e-27,6.22986059640493e-121,-0.7921793478568803,1.7377523568106905e-26,6.410074892143186e-120,-1.0160634877844366,-1.3502312074177032e-25,-4.980619434831979e-119,-0.49880099350047,0.0,70.0,255.0,255.0,255.0
27,1.35,2.4024231340205303e-27,8.861856611118141e-121,-0.8436060106626526,4.9185637513527944e-27,1.8143184720414597e-120,-1.0406348685725064,-3.568615142054675e-25,-1.316360770978293e-118,-0.4840709648235242,0.0,70.0,255.0,255.0,255.0
28,1.4000000000000001,2.180753169036091e-27,8.04417906844639e-121,-0.8962428347141309,-1.8308627852439844e-26,-6.753532817639744e-120,-1.064470584266789,-5.153255837686665e-25,-1.9008897170233666e-118,-0.4693681583802456,0.0,70.0,255.0,255.0,255.0
29,1.4500000000000002,5.715603487765457e-28,2.108323793478397e-121,-0.9500530690893315,-4.661399462551386e-26,-1.7194578698192206e-119,-1.087571684410531,-5.043732110469208e-25,-1.8604895247186907e-118,-0.45468106846349166,0.0,70.0,255.0,255.0,255.0
30,1.5,-2.4806462935152956e-27,-9.150399629745816e-121,-1.005000003155184,-6.874594895713193e-26,-2.5358428064826653e-119,-1.1099386911131381,-1.823865655803625e-25,-6.727722394441674e-119,-0.4400002319809859,0.0,70.0,255.0,255.0,255.0
31,1.55,-6.303034546936649e-27,-2.3250104271348256e-120,-1.0610469382006453,-6.485265118355011e-26,-2.392230109263388e-119,-1.1315717076086296,5.039007069910141e-25,1.8587465914558856e-118,-0.4253189321374973,0.0,70.0,255.0,255.0,255.0
32,1.6,-8.965911411870307e-27,-3.3072700722379696e-120,-1.118157173916047,-1.8355878258030525e-26,-6.770962150267797e-120,-1.1524705843268879,1.3318125923771308e-24,4.912678395156849e-118,-0.4106308031142092,0.0,70.0,255.0,255.0,255.0
33,1.6500000000000001,-8.138622372739701e-27,-3.0021066421616054e-120,-1.1762939966333341,6.832860805416296e-26,2.520448285893461e-119,-1.1726347879200505,1.92321245953941e-24,7.094184537189215e-118,-0.3959270429045425,0.0,70.0,255.0,255.0,255.0
34,1.7000000000000002,-2.13305060645401e-27,-7.868217863445085e-121,-1.235420652708052,1.7396536769591047e-25,6.417088322162435e-119,-1.1920632886173421,1.8823431194883522e-24,6.943429149349863e-118,-0.38119678404955337,0.0,70.0,255.0,255.0,255.0
35,1.75,9.257914396851344e-27,3.41498168000083e-120,-1.2955003254950683,2.565629200029982e-25,9.463877435243325e-119,-1.2107544663250058,6.806771347018298e-25,2.5108246256767934e-118,-0.3664239316371942,0.0,70.0,255.0,255.0,255.0
36,1.8,2.352324139384581e-26,8.677055648898818e-120,-1.3564960993405526,2.4203308116609345e-25,8.927912947839229e-119,-1.2287056817810615,-1.8805797072222953e-24,-6.936924422340374e-118,-0.3516032779494971,0.0,70.0,255.0,255.0,255.0
37,1.85,3.346122251346069e-26,1.2342894627840059e-119,-1.4183708936731745,6.850494928076865e-26,2.5269530129029505e-119,-1.2459147941199555,-4.970388855303059e-24,-1.8334352809649114e-117,-0.3367658227196424,0.0,70.0,255.0,255.0,255.0
38,1.9000000000000001,3.0373736321922677e-26,1.1204008661801768e-119,-1.4810875787525482,-2.550058043642124e-25,-9.406439861809885e-119,-1.2623822640530258,-7.177524254388965e-24,-2.647584843173348e-117,-0.32196367000163484,0.0,70.0,255.0,255.0,255.0
39,1.9500000000000002,7.960642077039452e-27,2.9364547660301733e-120,-1.544609120078477,-6.49247476158128e-25,-2.394889541883053e-118,-1.278111161120119,-7.024999266906486e-24,-2.5913227072680762e-117,-0.3072450820515993,0.0,70.0,255.0,255.0,255.0
40,2.0,-3.455101129389013e-26,-1.2744886757028765e-119,-1.60889869486456,-9.57505731054861e-25,-3.531966693449065e-118,-1.2931067722581857,-2.540321973226955e-24,-9.370526263263e-118,-0.292652013498218,0.0,70.0,255.0,255.0,255.0
41,2.0500000000000003,-8.778993102844664e-26,-3.2383212168460473e-119,-1.6739197973042956,-9.032796734808235e-25,-3.331942168209353e-118,-1.3073763624699408,7.018418121898167e-24,2.5888951097905624e-117,-0.2782017555982508,0.0,70.0,255.0,255.0,255.0
42,2.1,-1.2487897864197248e-25,-4.6064308439122296e-119,-1.7396363311115541,-2.5566391886504426e-25,-9.430715836585024e-119,-1.3209269478180108,1.8549742828835099e-23,6.842473284343962e-117,-0.2638641344454573,0.0,70.0,255.0,255.0,255.0
43,2.15,-1.1335632291495107e-25,-4.1813928005045497e-119,-1.8060124920860967,9.516946094026867e-25,3.5105311161346096e-118,-1.3337627759144866,2.678688455801647e-23,9.880920918974472e-117,-0.24957920948993628,0.0,70.0,255.0,255.0,255.0
44,2.2,-2.970951770170381e-26,-1.0958997277776196e-119,-1.8730126087030028,2.423024536936603e-24,8.937849335315971e-118,-1.3458848687670044,2.6217653948137592e-23,9.670947914137313e-117,-0.23528340056455654,0.0,70.0,255.0,255.0,255.0
45,2.25,1.289461307787092e-25,4.756456534811421e-119,-1.9406009789627972,3.573460004216446e-24,1.3181479030271923e-117,-1.3572911159709422,9.480610758205979e-24,3.4971280427375185e-117,-0.22092400504591936,0.0,70.0,255.0,255.0,255.0
46,2.3000000000000003,3.276364827199408e-25,1.2085579302494306e-118,-2.008741720300097,3.371085612757201e-24,1.243497737805349e-117,-1.3679772692715964,-2.6193092780370386e-23,-9.661887996928205e-117,-0.2064696996574078,0.0,70.0,255.0,255.0,255.0
47,2.35,4.660546920544293e-25,1.719143391286491e-118,-2.077398705889957,9.541507261794076e-25,3.519591033343718e-118,-1.377938085936683,-6.922858246003733e-23,-2.553645785641094e-116,-0.19190034346123763,0.0,70.0,255.0,255.0,255.0
48,2.4000000000000004,4.230515553378816e-25,1.5605170335838024e-118,-2.1465355288937653,-3.551772633246533e-24,-1.310148047835745e-117,-1.3871673036177201,-9.997001397767688e-23,-3.6876098832724543e-116,-0.17719678807606165,0.0,70.0,255.0,255.0,255.0
49,2.45,1.1087742872977592e-25,4.0899534345074614e-119,-2.216115436251729,-9.042850671588282e-24,-3.335650779938083e-117,-1.3956577647442892,-9.784561652564392e-23,-3.6092468949281184e-116,-0.1623480289769219,0.0,70.0,255.0,255.0,255.0
50,2.5,-4.812335118209466e-25,-1.7751337463542808e-118,-2.2861013053681942,-1.3336334285810925e-23,-4.919394942763863e-117,-1.4034021065154123,-3.538212105959704e-23,-1.305145954462376e-116,-0.14734800361413392,0.0,70.0,255.0,255.0,255.0
51,2.5500000000000003,-1.2227559998513168e-24,-4.510399599313118e-118,-2.35645564690327,-1.2581062777547986e-23,-4.6407967344004586e-117,-1.4103925651057025,9.775395299958337e-23,3.605865687792228e-116,-0.13220513341756224,0.0,70.0,255.0,255.0,255.0
52,2.6,-1.7393397895757452e-24,-6.41593048075474e-118,-2.4271405618787645,-3.5609389858525884e-24,-1.313529254971635e-117,-1.4166226198571685,2.583645870113144e-22,9.530335814129977e-116,-0.11697533087033918,0.0,70.0,255.0,255.0,255.0
53,2.6500000000000004,-1.5788498984365756e-24,-5.823928854284753e-118,-2.498117908888987,1.3255395923583454e-23,4.889539079729518e-117,-1.4220900981927365,3.730931713526912e-22,1.3762347441192367e-115,-0.1017544773668444,0.0,70.0,255.0,255.0,255.0
54,2.7,-4.138001972173998e-25,-1.526391401025222e-118,-2.569349571698038,3.3748378149416536e-23,1.2448818186220733e-116,-1.426798067593853,3.651648121544381e-22,1.3469892788298742e-115,-0.086643457886737,0.0,70.0,255.0,255.0,255.0
55,2.75,1.7959879165050776e-24,6.624889331935981e-118,-2.640797715648372,4.977187713902726e-23,1.835943186802826e-116,-1.4307544439814102,1.3204787348018196e-22,4.870871013575756e-116,-0.07172798982160167,0.0,70.0,255.0,255.0,255.0
56,2.8000000000000003,4.5633875166853266e-24,1.683304046700304e-117,-2.712425016096179,4.6953165497434733e-23,1.731968919979649e-116,-1.4339708665760131,-3.6482271921796323e-22,-1.3457273951476092e-115,-0.05705027949280961,0.0,70.0,255.0,255.0,255.0
57,2.85,6.491304466248551e-24,2.394457853173247e-117,-2.7841948023059735,1.3289605217230935e-23,4.902157916552169e-117,-1.4364594719306911,-9.6422976558522e-22,-3.5567697470878817e-115,-0.04259385753293543,0.0,70.0,255.0,255.0,255.0
58,2.9000000000000004,5.89234803840842e-24,2.1735198383555207e-117,-2.8560709632892483,-4.946981106108726e-23,-1.8248008271082328e-116,-1.4382302523293067,-1.3924026714330872e-21,-5.1361779881497015e-115,-0.028308938820265084,0.0,70.0,255.0,255.0,255.0
59,2.95,1.544323360139824e-24,5.696570260650142e-118,-2.928017827538904,-1.259506619260778e-22,-4.6459621964944855e-116,-1.4392903658127176,-1.3628136320921079e-21,-5.027032425826686e-115,-0.014131939009809358,0.0,70.0,255.0,255.0,255.0
60,3.0,-6.70271815419936e-24,-2.472442358138965e-117,-2.99999999987052,-1.8575117427029805e-22,-6.851833252934919e-116,-1.4396434462302876,-4.92809372861131e-22,-1.8178338099840641e-115,9.520428889686627e-09,0.0,70.0,255.0,255.0,255.0
61,3.0500000000000003,-1.7030794066889983e-23,-6.282176226869905e-117,-3.071982172161933,-1.752315992121909e-22,-6.46379600647855e-116,-1.4392903648606747,1.3615369238722685e-21,5.022323011811214e-115,0.014131939034456309,0.0,70.0,255.0,255.0,255.0
62,3.1,-2.422587807541845e-23,-8.936238364617516e-117,-3.1439290363565875,-4.9597481883071194e-23,-1.8295102411237057e-116,-1.438230252326842,3.598554475329565e-21,1.3274045406938526e-114,0.028308896200490707,0.0,70.0,255.0,255.0,255.0
63,3.1500000000000004,-2.1990542255197102e-23,-8.11168646799361e-117,-3.215805197394617,1.846238483207656e-22,6.810249400459977e-116,-1.4364594752406257,5.196517514379658e-21,1.9168477208479573e-114,0.042593775771315734,0.0,70.0,255.0,255.0,255.0
64,3.2,-5.763493243341892e-24,-2.125988964157538e-117,-3.28757498388065,4.700542695548947e-22,1.733896696735587e-115,-1.4339708747497104,5.086089716213995e-21,1.8761140424476874e-114,0.0570501882848351,0.0,70.0,255.0,255.0,255.0
65,3.25,2.501488470029237e-23,9.22728049936226e-117,-3.359202284869588,6.93232819942165e-22,2.557138982493685e-115,-1.4307544564121422,1.839189617964341e-21,6.784248138578687e-115,0.07172795174006374,0.0,70.0,255.0,255.0,255.0
66,3.3000000000000003,6.355978875087461e-23,2.3445400860779316e-116,-3.4306504295218643,6.539732313513288e-22,2.4123215105934557e-115,-1.426798079575704,-5.08132497627111e-21,-1.8743564652097243e-114,0.08664354899607929,0.0,70.0,255.0,255.0,255.0
67,3.35,9.041220783542525e-23,3.3350495605296817e-116,-3.5018820928271586,1.8510032231505394e-22,6.827825172839607e-116,-1.4220901015125342,-1.3429988135733037e-20,-4.9539411880666245e-114,0.10175472960716192,0.0,70.0,255.0,255.0,255.0
68,3.4000000000000004,8.206982098238001e-23,3.0273226033618923e-116,-3.5728594396731177,-6.890255822219751e-22,-2.541619677473169e-115,-1.4166226066149878,-1.939366738608555e-20,-7.15377308457686e-114,0.11697570053668116,0.0,70.0,255.0,255.0,255.0
69,3.45,2.150964961322774e-23,7.934298830565132e-117,-3.6435443534886574,-1.7542664162935012e-21,-6.470990567292899e-115,-1.4103925314588661,-1.8981545232763867e-20,-7.001752927208077e-114,0.13220549822507977,0.0,70.0,255.0,255.0,255.0
70,3.5,-9.335682064697013e-23,-3.443667963931007e-116,-3.7138986928190043,-2.587180105498362e-21,-9.543372604681246e-115,-1.4034020567924799,-6.863949098996239e-21,-2.531915874433068e-114,0.1473481368992502,0.0,70.0,255.0,255.0,255.0
71,3.5500000000000003,-2.3720836093660847e-22,-8.749942721624733e-116,-3.7838845591679053,-2.440661326193125e-21,-9.002906441725967e-115,-1.395657717768941,1.8963762981212178e-20,6.995193559657772e-114,0.16234766451477256,0.0,70.0,255.0,255.0,255.0
72,3.6,-3.3742295326628263e-22,-1.2446574405656975e-115,-3.8534644645958984,-6.908038073771443e-22,-2.548179045023474e-115,-1.3871672903410026,5.01213980676026e-20,1.8488360211572642e-113,0.17719582173452153,0.0,70.0,255.0,255.0,255.0
73,3.6500000000000004,-3.062887416743229e-22,-1.1298121766648208e-115,-3.9226012882020056,2.571478480567135e-21,9.485453769846677e-115,-1.377938135595489,7.237815202996255e-20,2.6698244617459484e-113,0.19189894655760042,0.0,70.0,255.0,255.0,255.0
74,3.7,-8.027510520956909e-23,-2.961120635810298e-116,-3.9912582781554473,6.54701139561911e-21,2.415006557243601e-114,-1.3679773956852426,7.084009121484129e-20,2.613089766638455e-113,0.20646833163553424,0.0,70.0,255.0,255.0,255.0
75,3.75,3.484123978875882e-22,1.2851943805787805e-115,-4.05939902777053,9.655487602051265e-21,3.5616351436231234e-114,-1.3572913024319355,2.5616606778020776e-20,9.449238683874466e-114,0.22092350998699217,0.0,70.0,255.0,255.0,255.0
76,3.8000000000000003,8.852736549955575e-22,3.2655230800420935e-115,-4.126987408398641,9.108672073421188e-21,3.3599304256310476e-114,-1.3458850446865434,-7.077372694857702e-20,-2.6106417773421156e-113,0.2352847673040337,0.0,70.0,255.0,255.0,255.0
77,3.85,1.259279605229707e-21,4.645124806209829e-115,-4.193987532239184,2.5781149071935636e-21,9.509933662810075e-115,-1.3337628257015322,-1.8705560413467747e-19,-6.899949965822399e-113,0.24958282261575704,0.0,70.0,255.0,255.0,255.0
78,3.9000000000000004,1.1430851457149139e-21,4.216516446323101e-115,-4.260363690968794,-9.596888340046559e-21,-3.540019540191353e-114,-1.3209267624249676,-2.7011894073376504e-19,-9.963920538526122e-113,0.2638693523934421,0.0,70.0,255.0,255.0,255.0
79,3.95,2.9959077122505097e-22,1.105105266018475e-115,-4.326080208481681,-2.443377916618294e-20,-9.012927172245115e-114,-1.307375890462188,-2.6437881962660144e-19,-9.75218377383302e-113,0.2782068628783385,0.0,70.0,255.0,255.0,255.0
80,4.0,-1.3002927709033803e-21,-4.7964107259220145e-115,-4.391101280015013,-3.6034770302706705e-20,-1.3292203314024373e-113,-1.2931060761371338,-9.5602478013087e-20,-3.5265038861064787e-113,0.29265386044867725,0.0,70.0,255.0,255.0,255.0
81,4.05,-3.3038862590456194e-21,-1.2187098048005899e-114,-4.455390816095394,-3.399402696749164e-20,-1.2539431058351594e-113,-1.2781105044173202,2.64131144813096e-19,9.743047753402698e-113,0.30723997955632854,0.0,70.0,255.0,255.0,255.0
82,4.1000000000000005,-4.699695467652545e-21,-1.733584178427361e-114,-4.518912330456745,-9.621655821397103e-21,-3.5491555606216754e-114,-1.262382078181501,6.981010184711075e-19,2.575096384213233e-112,0.3219501838401584,0.0,70.0,255.0,255.0,255.0
83,4.15,-4.26605184118533e-21,-1.5736253608627574e-114,-4.581629023913544,3.581607487961911e-20,1.3211532783780738e-113,-1.2459154860333044,1.0080976109050972e-18,3.718585769235851e-112,0.3367463478302746,0.0,70.0,255.0,255.0,255.0
84,4.2,-1.1180879796906331e-21,-4.12430900049287e-115,-4.643503879060075,9.118810526911262e-20,3.3636702131736834e-113,-1.2287074433984735,9.86675187291564e-19,3.6395645328693616e-112,0.35158421685075325,0.0,70.0,255.0,255.0,255.0
85,4.25,4.852758685725933e-21,1.7900448523109266e-114,-4.704499768253392,1.344835936087755e-19,4.960717811247435e-113,-1.210757064348229,3.567933052743273e-19,1.3161091676038498e-112,0.3664170388945287,0.0,70.0,255.0,255.0,255.0
86,4.3,1.2330271381186918e-20,4.548286911198148e-114,-4.764579585494898,1.2686743579654535e-19,4.679779380777533e-113,-1.1920657395090206,-9.857508523038062e-19,-3.6361549236268635e-112,0.3812158272914701,0.0,70.0,255.0,255.0,255.0
87,4.3500000000000005,1.753950226538047e-20,6.46982423308846e-114,-4.823706342204294,3.590850837839489e-20,1.3245628876205716e-113,-1.172635481619082,-2.6053484697497517e-18,-9.610390540270692e-112,0.39597737442509384,0.0,70.0,255.0,255.0,255.0
88,4.4,1.5921122219026407e-20,5.8728497988187195e-114,-4.881843133656806,-1.3366741117842984e-19,-4.930611159493159e-113,-1.1524680020665112,-3.762271502886625e-18,-1.3877951023090796e-111,0.4107034847228519,0.0,70.0,255.0,255.0,255.0
89,4.45,4.172761147537484e-21,1.5392130735953008e-114,-4.938953142410945,-3.403186419102676e-19,-1.2553388135470224e-112,-1.1315651331467969,-3.682321929539676e-18,-1.3583039754094217e-111,0.4253900692520851,0.0,70.0,255.0,255.0,255.0
90,4.5,-1.8110741972000356e-20,-6.680538336651506e-114,-4.994999646971486,-5.018996041323975e-19,-1.8513650913587375e-112,-1.1099289951413027,-1.3315707430842168e-18,-4.91178628180473e-112,0.44002595600201033,0.0,70.0,255.0,255.0,255.0
91,4.55,-4.601719926570227e-20,-1.6974437839992076e-113,-5.049946041925075,-4.734757162186893e-19,-1.7465174417274954e-112,-1.0875625375465958,3.678872264402194e-18,1.3570314919167424e-111,0.4546099979911844,0.0,70.0,255.0,255.0,255.0
92,4.6000000000000005,-6.545831359386929e-20,-2.414571275392646e-113,-5.103755900726146,-1.3401237769217802e-19,-4.9433359944199526e-113,-1.0644679953421843,9.72329286052793e-18,3.586646577686964e-111,0.46918031845981645,0.0,70.0,255.0,255.0,255.0
93,4.65,-5.941843703492007e-20,-2.191777383441203e-113,-5.156392841459294,4.988535698341037e-19,1.840129135959469e-112,-1.0406445057006142,1.404098840064138e-17,5.179321832312726e-111,0.4837997132783656,0.0,70.0,255.0,255.0,255.0
94,4.7,-1.5572956610458915e-20,-5.7444213943317666e-114,-5.207820351296207,1.2700864623719601e-18,4.684988232870731e-112,-1.0160880240143477,1.3742612530867109e-17,5.069259448350739e-111,0.4985355061404739,0.0,70.0,255.0,255.0,255.0
95,4.75,6.759020920227595e-20,2.4932108494295274e-113,-5.258001643860728,1.8731148229208147e-18,6.909388584310208e-112,-0.9907909550865668,4.96948966706252e-18,1.833103595961499e-111,0.5134791370975833,0.0,70.0,255.0,255.0,255.0
96,4.800000000000001,1.7173852568162256e-19,6.334946444877032e-113,-5.306899446804864,1.767035429078212e-18,6.518091828832229e-112,-0.9647401103045894,-1.372973820530498e-17,-5.064510475304283e-111,0.5286641807432879,0.0,70.0,255.0,255.0,255.0
97,4.8500000000000005,2.442937521100972e-19,9.011302678261757e-113,-5.354475654891187,5.001410023903167e-19,1.8448781090059248e-112,-0.937924537012238,-3.628782297236199e-17,-1.3385547256720794e-110,0.5439413517350999,0.0,70.0,255.0,255.0,255.0
98,4.9,2.2175262592065423e-19,8.179824553882957e-113,-5.400691900506088,-1.8617468681579874e-18,-6.867455427888566e-112,-0.9103459751310794,-5.24016820996789e-17,-1.932949222694183e-110,0.5590576621643528,0.0,70.0,255.0,255.0,255.0
99,4.95,5.811906529429844e-20,2.1438472503731905e-113,-5.445510252404295,-4.740027207577574e-18,-1.7484614117935907e-111,-0.8820187707958027,-5.128812819392875e-17,-1.891873381799355e-110,0.5737546194731991,0.0,70.0,255.0,255.0,255.0
100,5.0,-2.5225009483710324e-19,-9.304789564052953e-113,-5.488893777585668,-6.990559687550863e-18,-2.5786189245882117e-111,-0.8529705131837595,-1.8546387925165836e-17,-6.841235755665522e-111,0.5877095235792495,0.0,70.0,255.0,255.0,255.0
101,5.050000000000001,-6.409369034607879e-19,-2.3642341995508926e-112,-5.530807303722671,-6.594666000094158e-18,-2.432584987360143e-111,-0.8232478184378778,5.124008055681775e-17,1.890101040930042e-110,0.600799479501557,0.0,70.0,255.0,255.0,255.0
102,5.1000000000000005,-9.11716694846519e-19,-3.363063943765438e-112,-5.571218559429456,-1.8665516318690877e-18,-6.885178836581695e-112,-0.7928905652336038,1.3542799902892e-16,4.995554244919623e-110,0.6134960461615435,0.0,70.0,255.0,255.0,255.0
103,5.15,-8.275920666476966e-19,-3.052752083209062e-112,-5.610096360246032,6.948133902797842e-18,2.5629692575594796e-111,-0.7618982138217234,1.955657399980742e-16,7.21386470754546e-110,0.6266087056634007,0.0,70.0,255.0,255.0,255.0
104,5.2,-2.1690330456673484e-19,-8.000946862059586e-113,-5.647408380811628,1.7690022367938336e-17,6.525346823887291e-111,-0.7302296946672637,1.91409900244848e-16,7.060567582362346e-110,0.6409855031469291,0.0,70.0,255.0,255.0,255.0
105,5.25,9.41410170146137e-19,3.4725947406782287e-112,-5.683119329712758,2.6089123927282643e-17,9.623536839921826e-111,-0.6977996635070305,6.92160620336009e-17,2.5531839426700544e-110,0.6577267779097618,0.0,70.0,255.0,255.0,255.0
106,5.300000000000001,2.3920090881615297e-18,8.823442153715867e-112,-5.717188347162331,2.4611628571298427e-17,9.078530766557346e-111,-0.6644570168762876,-1.9123058402196603e-16,-7.053953116189741e-110,0.6772579012499946,0.0,70.0,255.0,255.0,255.0
107,5.3500000000000005,3.4025730272759797e-18,1.2551125507235575e-111,-5.749565031400387,6.966065525086038e-18,2.5695837237320846e-111,-0.630073873382031,-5.054241731433182e-16,-1.8643662254006405e-109,0.6979517596560569,0.0,70.0,255.0,255.0,255.0
108,5.4,3.0886156406701335e-18,1.1393025877447952e-111,-5.780195734500534,-2.5930788743033393e-17,-9.565131487449059e-111,-0.5946618409106819,-7.298612778926182e-16,-2.692250960748765e-109,0.7170302191449096,0.0,70.0,255.0,255.0,255.0
109,5.45,8.094941529726403e-19,2.985994019786516e-112,-5.809031215491455,-6.602006226417579e-17,-2.4352925883755568e-110,-0.5583708514675401,-7.14351472785463e-16,-2.6350396947650025e-109,0.731576654652244,0.0,70.0,255.0,255.0,255.0
110,5.5,-3.513390585747446e-18,-1.2959900006307618e-111,-5.836032819647288,-9.736593602157969e-17,-3.591552843509909e-110,-0.5215041754454575,-2.5831786020923733e-16,-9.528612195113674e-110,0.7376873274852258,0.0,70.0,255.0,255.0,255.0
111,5.550000000000001,-8.92709944918533e-18,-3.292953441531257e-111,-5.861181633036001,-9.185184828509952e-17,-3.388153807886924e-110,-0.4846021187190175,7.1368225553104645e-16,2.6325711423828895e-109,0.7338832278524166,0.0,70.0,255.0,255.0,255.0
112,5.6000000000000005,-1.2698575414257399e-17,-4.6841438085176864e-111,-5.88449303151919,-2.599771046847504e-17,-9.589817011270189e-111,-0.4481158526602158,1.886268693544352e-15,6.9579094771106e-109,0.7262560760540993,0.0,70.0,255.0,255.0,255.0
113,5.65,-1.1526870496032834e-17,-4.251935142658276e-111,-5.905993218302022,9.677502106933568e-17,3.569755669223676e-110,-0.41197651111360756,2.723879371572398e-15,1.004761737224052e-108,0.7251495785966178,0.0,70.0,255.0,255.0,255.0
114,5.7,-3.0210733073238295e-18,-1.1143881392940096e-111,-5.925690682630551,2.4639022668876474e-16,9.088635671113501e-110,-0.37560089480055403,2.6659959908970045e-15,9.834102020823774e-109,0.7412747780105811,0.0,70.0,255.0,255.0,255.0
115,5.75,1.3112152172843642e-17,4.836700528455225e-111,-5.943553307782078,3.6337462015903617e-16,1.340385769004745e-109,-0.33784903331254945,9.640553788033502e-16,3.556126483778464e-109,0.7885954273001872,0.0,70.0,255.0,255.0,255.0
116,5.800000000000001,3.3316388708579793e-17,1.2289469550753442e-110,-5.959475585961806,3.4279576456909976e-16,1.2644762154891965e-109,-0.2967413520705353,-2.66349843810222e-15,-9.824889257912586e-109,0.8723832665944897,0.0,70.0,255.0,255.0,255.0
117,5.8500000000000005,4.739172862975362e-17,1.748146268334719e-110,-5.973227442989131,9.702477634881416e-17,3.578968432134863e-110,-0.2506107066531005,-7.0396506010340915e-15,-2.5967271683041764e-108,0.9711982951020381,0.0,70.0,255.0,255.0,255.0
118,5.9,4.301886634346121e-17,1.5868437982888305e-110,-5.984536656627116,-3.611692955343095e-16,-1.33225095281498e-109,-0.1996215225603315,-1.0165656208396975e-14,-3.7498218528213295e-108,1.0485036809206427,0.0,70.0,255.0,255.0,255.0
119,5.95,1.1274799076322665e-17,4.15895315519739e-111,-5.993189595245164,-9.195408444908834e-16,-3.391925009607844e-109,-0.1457603385610362,-9.949632490802553e-15,-3.67013683885301e-108,1.0701676831896378,0.0,70.0,255.0,255.0,255.0
120,6.0,-4.8935218105627133e-17,-1.8050812113190136e-110,-5.999112690483219,-1.3561325446145649e-15,-5.00238779166799e-109,-0.09260475424136771,-3.597903655004153e-15,-1.3271644715602485e-108,1.0051639703069881,0.0,70.0,255.0,255.0,255.0
121,6.050000000000001,-1.2433845538513382e-16,-4.586492476148251e-110,-6.002450070669301,-1.2793312099912987e-15,-4.7190894811680925e-109,-0.045243941530337395,9.940311496877837e-15,3.6666985889267474e-108,0.8405840787297336,0.0,70.0,255.0,255.0,255.0
122,6.1000000000000005,-1.7686833910475702e-16,-6.524170692487106e-110,-6.003637084636253,-3.6210139492678104e-16,-1.3356892027412428e-109,-0.008546346368394353,2.6272333710591998e-14,9.691117725505646e-108,0.6007590419062403,0.0,70.0,255.0,255.0,255.0
123,6.15,-1.6054859487781193e-16,-5.922181678889494e-110,-6.003304705306141,1.3479021610679014e-15,4.972028244337552e-109,0.014831962660286635,3.79387454620155e-14,1.3994525674061264e-107,0.33266264410745094,0.0,70.0,255.0,255.0,255.0
124,6.2,-4.207812299796687e-17,-1.5521424481495538e-110,-6.002153888370224,3.4317731512747684e-15,1.2658836471320023e-108,0.02471991804235074,3.7132533972313216e-14,1.3697137153329657e-107,0.0862551419118951,0.0,70.0,255.0,255.0,255.0
125,6.25,1.826287202496649e-16,6.73665479243053e-110,-6.0008327135019055,5.061155558299223e-15,1.866916539766721e-108,0.023457476851476144,1.3427559241213289e-14,4.953045237863147e-108,-0.09072412904096439,0.0,70.0,255.0,255.0,255.0
126,6.300000000000001,4.640374328319554e-16,1.7117022949517658e-109,-5.999808140685077,4.774529075396097e-15,1.761188170918317e-108,0.015647505138254303,-3.7097747549409103e-14,-1.3684305429915727e-107,-0.1731158519096887,0.0,70.0,255.0,255.0,255.0
127,6.3500000000000005,6.600816277892747e-16,2.43485365016137e-109,-5.99926796298808,1.3513808033583131e-15,4.9848599677514855e-109,0.006145891660507274,-9.804968424133396e-14,-3.61677437337184e-107,-0.17298541843748794,0.0,70.0,255.0,255.0,255.0
128,6.4,5.991755131677868e-16,2.2101882917269144e-109,-5.999193551519026,-5.030439348737299e-15,-1.8555862024535226e-108,-0.0016510367054944908,-1.41589325639665e-13,-5.2228280843423736e-107,-0.11979127366785747,0.0,70.0,255.0,255.0,255.0
129,6.45,1.5703769291554486e-16,5.792674477078472e-110,-5.9994330666586295,-1.2807551760608188e-14,-4.724342087567225e-108,-0.005833235706278472,-1.3858050339845028e-13,-5.111841177446563e-107,-0.04532382193307427,0.0,70.0,255.0,255.0,255.0
130,6.5,-6.815796628930322e-16,-2.514153795840311e-109,-5.999776875089654,-1.8888489688582326e-14,-6.967427379900086e-108,-0.006183418898801918,-5.011233330984903e-14,-1.8485016479892353e-107,0.016404993409224744,0.0,70.0,255.0,255.0,255.0
131,6.550000000000001,-1.7318112759426878e-15,-6.388159932192239e-109,-6.00005140854851,-1.781878509159309e-14,-6.5728437355564604e-108,-0.004192736365355998,1.3845067870075854e-13,5.10705231307362e-107,0.04536632191589618,0.0,70.0,255.0,255.0,255.0
132,6.6000000000000005,-2.4634581720523415e-15,-9.086997531396771e-109,-6.0001961487261894,-5.04342181850647e-15,-1.860375066826466e-108,-0.0016467867072123,3.659264032547438e-13,1.3497985720936796e-106,0.046351303172631475,0.0,70.0,255.0,255.0,255.0
133,6.65,-2.2361534577933348e-15,-8.248534999018705e-109,-6.000216087219231,1.8773855233881294e-14,6.925141985380335e-108,0.0004423939519071496,5.284185570966445e-13,1.9491859769963363e-106,0.03209797503975764,0.0,70.0,255.0,255.0,255.0
134,6.7,-5.860726486642121e-16,-2.161855546016436e-109,-6.000151909330999,4.779843389115798e-14,1.7631484703136897e-107,0.0015630107967634643,5.171894796214879e-13,1.9077650994453288e-106,0.012144481484810399,0.0,70.0,255.0,255.0,255.0
135,6.75,2.543689931322464e-15,9.382949704118191e-109,-6.000059786139555,7.049280319603008e-14,2.6002792979833625e-107,0.0016568421003881895,1.8702177399818276e-13,6.898702068170625e-107,-0.004395704735848938,0.0,70.0,255.0,255.0,255.0
136,6.800000000000001,6.4632076709387965e-15,2.384093743381719e-108,-5.99998622512096,6.650061129097626e-14,2.4530186771307522e-107,0.0011234403231785706,-5.167049672536252e-13,-1.905977870930289e-106,-0.012155869320729096,0.0,70.0,255.0,255.0,255.0
137,6.8500000000000005,9.19375106042009e-15,3.3913136475425715e-108,-5.999947442107237,1.882230647066756e-14,6.943014270530733e-108,0.0004412551683152799,-1.365655928777641e-12,-5.037516851037534e-106,-0.012419794253393235,0.0,70.0,255.0,255.0,255.0
138,6.9,8.345438318005553e-15,3.078395170434792e-108,-5.999942099604128,-7.006498158678785e-14,-2.584498173906782e-107,-0.00011853910216075292,-1.972084902746913e-12,-7.27446109955111e-106,-0.008600626490640195,0.0,70.0,255.0,255.0,255.0
139,6.95,2.187252901741305e-15,8.068154736357894e-109,-5.999959296017453,-1.7838618380402377e-13,-6.580159672498036e-107,-0.00041880748074873964,-1.930177415087502e-12,-7.11987628003666e-106,-0.0032541040061673243,0.0,70.0,255.0,255.0,255.0
140,7.0,-9.493180062396825e-15,-3.501764502063245e-108,-5.999983980352203,-2.6308272309553804e-13,-9.704374453943442e-107,-0.00044394950277748535,-6.979747626828823e-13,-2.574630662469326e-106,0.0011778255339933708,0.0,70.0,255.0,255.0,255.0
141,7.050000000000001,-2.4121019407812505e-14,-8.897558980307653e-108,-6.000003690967731,-2.48183660072312e-13,-9.154790334967363e-107,-0.00030102492734940256,1.9283691903137426e-12,7.113206252413798e-106,0.0032571553676419285,0.0,70.0,255.0,255.0,255.0
142,7.1000000000000005,-3.4311546069628026e-14,-1.2656554837030609e-107,-6.000014082844938,-7.024580406416376e-14,-2.591168201529644e-107,-0.0001182339660132925,5.096697311855821e-12,1.880026883205645e-105,0.003327873840497375,0.0,70.0,255.0,255.0,255.0
143,7.15,-3.114559981422888e-14,-1.1488727181837297e-107,-6.000015514364332,2.6148607111327014e-13,9.645478497089091e-107,3.176245670033495e-05,7.35992105389101e-12,2.7148658421208104e-105,0.0023045309227143207,0.0,70.0,255.0,255.0,255.0
144,7.2,-8.162938958301012e-15,-3.0110763399415175e-108,-6.000010906599268,6.657463013249372e-13,2.455749021967846e-106,0.00011221912625813957,7.203520180728518e-12,2.6571740020701307e-105,0.0008719345403918055,0.0,70.0,255.0,255.0,255.0
145,7.25,3.542903031826483e-14,1.3068763037841163e-107,-6.000004292451706,9.81838089186122e-13,3.62172185177904e-106,0.0001189559107395155,2.6048772767333446e-12,9.608652443060242e-106,-0.00031559740083508814,0.0,70.0,255.0,255.0,255.0
146,7.300000000000001,9.00208699603112e-14,3.320614217784888e-107,-5.999999011008194,9.262340289982717e-13,3.41661426627387e-106,8.065938617463075e-05,-7.196771794001345e-12,-2.654684713872489e-105,-0.0008727521502827074,0.0,70.0,255.0,255.0,255.0
147,7.3500000000000005,1.28052433218092e-13,4.723490570057986e-107,-5.999996226513089,2.621609097859874e-13,9.670371379065505e-107,3.1680695711244766e-05,-1.902113331864564e-11,-7.016355847718828e-105,-0.0008917011079745407,0.0,70.0,255.0,255.0,255.0
148,7.4,1.1623696093890993e-13,4.287651355691439e-107,-5.999995842938623,-9.758793028662926e-13,-3.599741581444959e-106,-8.510724622823318e-06,-2.746759931281712e-11,-1.0132017258528128e-104,-0.0006174971996841805,0.0,70.0,255.0,255.0,255.0
149,7.45,3.0464502931462736e-14,1.1237489886130267e-107,-5.999997077585551,-2.484599021495725e-12,-9.164980120621578e-106,-3.0069024257173282e-05,-2.688390330782658e-11,-9.916708380276853e-105,-0.0002336341559328048,0.0,70.0,255.0,255.0,255.0
150,7.5,-1.3222294121066253e-13,-4.877328764930139e-107,-5.999998849841049,-3.664269633648951e-12,-1.3516449961721812e-105,-3.18741402161038e-05,-9.721534344250497e-12,-3.58599791097716e-105,8.45640687252569e-05,0.0,70.0,255.0,255.0,255.0
151,7.550000000000001,-3.3596246043343234e-13,-1.2392700973108786e-106,-6.0000002649995725,-3.4567524559207746e-12,-1.2750978031598738e-105,-2.1612617384647592e-05,2.685871798569164e-11,9.907418230248576e-105,0.00023385323393299018,0.0,70.0,255.0,255.0,255.0
152,7.6000000000000005,-4.7789818680274e-13,-1.7628306796528879e-106,-6.000001011102787,-9.783978350797864e-13,-3.6090317314732367e-106,-8.488816822804779e-06,7.098783596272675e-11,2.618539650766966e-104,0.00023893059175605913,0.0,70.0,255.0,255.0,255.0
153,7.65,-4.33802243941411e-13,-1.6001732704582022e-106,-6.000001113881255,3.6420311403519005e-12,1.3434418476070926e-105,2.2804417909583208e-06,1.0251047619737748e-10,3.7813203191991704e-104,0.00016545787584476557,0.0,70.0,255.0,255.0,255.0
154,7.7,-1.1369507276755e-13,-4.193888320457953e-107,-6.000000783058608,9.272649784657962e-12,3.4204171460518463e-105,8.056970761671778e-06,1.0033209305057781e-10,3.7009659519037275e-104,6.260208342823148e-05,0.0,70.0,255.0,255.0,255.0
155,7.75,4.934627345243852e-13,1.8202438755936445e-106,-6.000000308184179,1.3675240445409681e-11,5.04440779951082e-105,8.540650133781469e-06,3.6281260100268217e-11,1.3383126399602475e-104,-2.2658873799485946e-05,0.0,70.0,255.0,255.0,255.0
156,7.800000000000001,1.2538289717734182e-12,4.625018967465026e-106,-5.999999928993595,1.2900775794684784e-11,4.758729786012094e-105,5.791083381723183e-06,-1.0023810014876513e-10,-3.697498820712176e-104,-6.266078518279983e-05,0.0,70.0,255.0,255.0,255.0
157,7.8500000000000005,1.7835403139928636e-12,6.578973661605738e-106,-5.9999997290758404,3.651430430533167e-12,1.3469089787986446e-105,2.274571615501486e-06,-2.6493021053226057e-10,-9.772523018295952e-104,-6.402125922733148e-05,0.0,70.0,255.0,255.0,255.0
158,7.9,1.618972014826735e-12,5.97192794626367e-106,-5.999999701536433,-1.3592245258541275e-11,-5.01379323228386e-105,-6.110425410099651e-07,-3.82574305476692e-10,-1.411207955094384e-103,-4.4334304316606676e-05,0.0,70.0,255.0,255.0,255.0
159,7.95,4.2431578813873605e-13,1.5651804293218779e-106,-5.9999997901800945,-3.4606000117136034e-11,-1.2765170572145197e-104,-2.1588588161591815e-06,-3.74444468894483e-10,-1.3812192969587182e-103,-1.6774177691303294e-05,0.0,70.0,255.0,255.0,255.0
160,8.0,-1.8416279968868684e-12,-6.793242625881527e-106,-5.999999917422315,-5.103669214798958e-11,-1.882598620187104e-104,-2.2884603101402945e-06,-1.3540350605682194e-10,-4.9946507687432695e-104,6.071427094411774e-06,0.0,70.0,255.0,255.0,255.0
161,8.05,-4.679353426660222e-12,-1.7260805772549163e-105,-6.000000019026126,-4.814635072281823e-11,-1.7759821340888466e-104,-1.551716106718004e-06,3.7409368260936766e-10,1.379925345982381e-103,1.6789906887026973e-05,0.0,70.0,255.0,255.0,255.0
162,8.1,-6.656263069168692e-12,-2.4553063966769992e-105,-6.0000000725939255,-1.3627323887052813e-11,-5.026732742047231e-105,-6.094696214375972e-07,9.887330061663141e-10,3.6471552422416823e-103,1.7154444531541913e-05,0.0,70.0,255.0,255.0,255.0
163,8.15,-6.042085815365503e-12,-2.2287538514596395e-105,-6.000000079973088,5.0726949893813195e-11,1.8711731081528356e-104,1.6372834643618717e-07,1.4277867457093894e-09,5.266699788457617e-103,1.1879340977571928e-05,0.0,70.0,255.0,255.0,255.0
164,8.200000000000001,-1.5835680797873718e-12,-5.841332885241632e-106,-6.000000056221091,1.2915135068388613e-10,4.764026514252894e-104,5.784644763195956e-07,1.397445782527354e-09,5.154780592644494e-103,4.4946274257995356e-06,0.0,70.0,255.0,255.0,255.0
165,8.25,6.8730492530231105e-12,2.5352726627932543e-105,-6.00000002212664,1.904715281465486e-10,7.02595370079733e-104,6.131910890161407e-07,5.053327641270192e-10,1.8640290435012755e-103,-1.6268339564362577e-06,0.0,70.0,255.0,255.0,255.0
166,8.3,1.746358473486749e-11,6.441820412273168e-105,-5.999999994901982,1.7968462709658805e-10,6.62805555775417e-104,4.1578108067596986e-07,-1.3961366302887063e-09,-5.149951501858305e-103,-4.498841921218855e-06,0.0,70.0,255.0,255.0,255.0
167,8.35,2.4841511962681917e-11,9.163328220547425e-105,-5.999999980548532,5.085786511767797e-11,1.8760021989390243e-104,1.6330689689425526e-07,-3.6900018141329962e-09,-1.3611368667137126e-102,-4.596519698196744e-06,0.0,70.0,255.0,255.0,255.0
168,8.4,2.2549371246635287e-11,8.317822611212193e-105,-5.999999978571292,-1.8931555431671162e-10,-6.983313109382958e-104,-4.387088914370452e-08,-5.328572677360865e-09,-1.965559119873608e-102,-3.1830598601345628e-06,0.0,70.0,255.0,255.0,255.0
169,8.450000000000001,5.909956531010755e-12,2.1800151111644657e-105,-5.999999984935621,-4.819994026184086e-10,-1.7779588999797055e-103,-1.5499908911920102e-07,-5.215338661214932e-09,-1.9237903073619257e-102,-1.2043316566234807e-06,0.0,70.0,255.0,255.0,255.0
170,8.5,-2.5650569015205572e-11,-9.461766388584863e-105,-5.999999994071201,-7.108494204382048e-10,-2.6221216183002217e-103,-1.643040548060526e-07,-1.885927550451255e-09,-6.956651097130775e-103,4.359089089689405e-07,0.0,70.0,255.0,255.0,255.0
171,8.55,-6.517498551280974e-11,-2.4041201071837754e-104,-6.000000001366026,-6.705921576635341e-10,-2.473624009692783e-103,-1.1140819822230696e-07,5.210452838545455e-09,1.9219880661450844e-102,1.2054610643019714e-06,0.0,70.0,255.0,255.0,255.0
172,8.6,-9.270978478155898e-11,-3.4198006485512694e-104,-6.000000005212021,-1.898041365836593e-10,-7.001335521551373e-104,-4.375794837585545e-08,1.377127425036567e-08,5.079831942630682e-102,1.2316336395201688e-06,0.0,70.0,255.0,255.0,255.0
173,8.65,-8.415539917117567e-11,-3.104253659338913e-104,-6.000000005741821,7.06535267373033e-10,2.6062079329378995e-103,1.1755165729709915e-08,1.988650396373407e-08,7.335566500648666e-102,8.528982853306388e-07,0.0,70.0,255.0,255.0,255.0
174,8.700000000000001,-2.2056258044255673e-11,-8.135927156133699e-105,-6.0000000040365045,1.798846259789748e-09,6.63543294849353e-103,4.1531880157208434e-08,1.9463908862332376e-08,7.179683170183253e-102,3.2269964478359725e-07,0.0,70.0,255.0,255.0,255.0
175,8.75,9.572922680779914e-11,3.5311792891546177e-104,-6.000000001588633,2.6529261536062708e-09,9.785891103121152e-103,4.402513020806964e-08,7.038377437678002e-09,2.5962575345021856e-102,-1.1680132416813649e-07,0.0,70.0,255.0,255.0,255.0
176,8.8,2.432363573163714e-10,8.972298387507782e-104,-5.999999999633991,2.5026840035575482e-09,9.231690482995716e-103,2.9851747740394785e-08,-1.9445674723893117e-08,-7.172957114394506e-102,-3.230021583533471e-07,0.0,70.0,255.0,255.0,255.0
177,8.85,3.45997627163554e-10,1.2762869772150334e-103,-5.9999999986034585,7.08358681216959e-10,2.612933988726646e-103,1.172491437273493e-08,-5.1395095187329686e-08,-1.895819090380902e-101,-3.3001539279098324e-07,0.0,70.0,255.0,255.0,255.0
178,8.9,3.140722254380673e-10,1.1585232376234428e-103,-5.9999999984615,-2.636825515175421e-09,-9.726500420813306e-103,-3.149791538703539e-09,-7.42174431775754e-08,-2.7376706882721064e-101,-2.2853345882367648e-07,0.0,70.0,255.0,255.0,255.0
179,8.950000000000001,8.231507564601186e-11,3.0363693513370284e-104,-5.999999998918438,-6.713385636540582e-09,-2.476377289399442e-102,-1.1128431509632719e-08,-7.264029678811455e-08,-2.679494237337108e-101,-8.646718896443417e-08,0.0,70.0,255.0,255.0,255.0
180,9.0,-3.572663382159909e-10,-1.317854051775999e-103,-5.999999999574343,-9.900855193986876e-09,-3.652144279418439e-102,-1.1796510435146956e-08,-2.6267582200260757e-08,-9.68936502829566e-102,3.129683179281528e-08,0.0,70.0,255.0,255.0,255.0
181,9.05,-9.077704437526758e-10,-3.348507344284736e-103,-6.000000000098089,-9.340143856566658e-09,-3.445313792229008e-102,-7.99874833035119e-09,7.257224605702698e-08,2.6769840391432926e-101,8.654845728983673e-08,0.0,70.0,255.0,255.0,255.0
182,9.1,-1.2912807238726566e-09,-4.763167844005007e-103,-6.000000000374218,-2.6436305882841766e-09,-9.75160240275146e-103,-3.141664706163283e-09,1.9180910649895308e-07,7.075293167260538e-101,8.842730991887038e-08,0.0,70.0,255.0,255.0,255.0
183,9.15,-1.1721335025810935e-09,-4.323667584559882e-103,-6.000000000412255,9.84076679332865e-09,3.62997937503153e-102,8.43982661535847e-10,2.769832687465676e-07,1.0217126103023559e-100,6.123510587485725e-08,0.0,70.0,255.0,255.0,255.0
184,9.200000000000001,-3.072040445397916e-10,-1.1331884689734767e-103,-6.00000000028982,2.5054696286372586e-08,9.241965862748414e-102,2.9818458813224424e-09,2.7109727829012584e-07,1.000000863233011e-100,2.3168844620613527e-08,0.0,70.0,255.0,255.0,255.0
185,9.25,1.3333361260561652e-09,4.918298278188534e-103,-6.0000000001140705,3.6950494622341234e-08,1.3629988007361641e-101,3.1608671235971997e-09,9.803195136336734e-08,3.616120257868137e-101,-8.385825367440702e-09,0.0,70.0,255.0,255.0,255.0
186,9.3,3.3878454176943324e-09,1.2496799538388165e-102,-5.999999999973733,3.485789142270932e-08,1.2858086120616551e-101,2.143263344578372e-09,-2.708433095042154e-07,-9.990640445133745e-101,-2.319060499189618e-08,0.0,70.0,255.0,255.0,255.0
187,9.35,4.8191252683270974e-09,1.7776384398805083e-102,-5.999999999899744,9.866163671919693e-09,3.6393475622278965e-102,8.418066244075817e-10,-7.158413308084903e-07,-2.6405353578661537e-100,-2.369411333802418e-08,0.0,70.0,255.0,255.0,255.0
188,9.4,4.374461784886302e-09,1.6136147100616062e-102,-5.999999999889552,-3.672624165813972e-08,-1.3547267458044984e-101,-2.2614798922404589e-10,-1.0337156318086984e-06,-3.813083372382226e-100,-1.6408030489856174e-08,0.0,70.0,255.0,255.0,255.0
189,9.450000000000001,1.1465011025131257e-09,4.2291169407600976e-103,-5.999999999922359,-9.350539950895014e-08,-3.449148616159436e-101,-7.989964245780357e-10,-1.0117488163723858e-06,-3.7320540291983234e-100,-6.208011882335995e-09,0.0,70.0,255.0,255.0,255.0
190,9.5,-4.976078166008713e-09,-1.8355339060978304e-102,-5.999999999969452,-1.379011232953783e-07,-5.086780775002822e-101,-8.469491774576454e-10,-3.6586022325320465e-07,-1.3495544528642833e-100,2.247180219683287e-09,0.0,70.0,255.0,255.0,255.0
191,9.55,-1.2643611227024704e-08,-4.663869080926812e-102,-6.000000000007054,-1.300914218342706e-07,-4.7987030690237195e-101,-5.74278402609707e-10,1.0108009919598372e-06,3.728557774139176e-100,6.213785042064046e-09,0.0,70.0,255.0,255.0,255.0
192,9.600000000000001,-1.7985220349435775e-08,-6.63423697512155e-102,-6.00000000002688,-3.6821024099394575e-08,-1.3582230008636458e-101,-2.255706732512408e-10,2.671556216735007e-06,9.854612114738559e-100,6.348699344016495e-09,0.0,70.0,255.0,255.0,255.0
193,9.65,-1.6325713636964162e-08,-6.022092081790458e-102,-6.000000000029611,1.370641998392301e-07,5.05590904571484e-101,6.059153179194254e-11,3.857879258488226e-06,1.4230620879226553e-99,4.39657199535759e-09,0.0,70.0,255.0,255.0,255.0
194,9.700000000000001,-4.278800365512763e-09,-1.57832792940671e-102,-6.000000000020821,3.489669017494281e-07,1.2872397878362907e-100,2.1408652628451819e-10,3.7758979871994218e-06,1.3928215253560294e-99,1.6635581800983346e-09,0.0,70.0,255.0,255.0,255.0
195,9.75,1.857097653797865e-08,6.85030579657245e-102,-6.000000000008202,5.146539985591723e-07,1.8984124299275133e-100,2.26947349801776e-10,1.3654089416494583e-06,5.036605785670334e-100,-6.020961507147149e-10,0.0,70.0,255.0,255.0,255.0
196,9.8,4.7186599490404474e-08,1.7405796369868426e-101,-5.999999999998126,4.855077959143739e-07,1.790900366403324e-100,1.538769112130467e-10,-3.772360658335137e-06,-1.3915167052043347e-99,-1.6651569012537948e-09,0.0,70.0,255.0,255.0,255.0
197,9.850000000000001,6.712175612941605e-08,2.4759309460605694e-101,-5.999999999992815,1.374179327256586e-07,5.068957247231785e-101,6.043165967639652e-11,-9.970383536131553e-06,-3.677791310108811e-99,-1.7010393094096798e-09,0.0,70.0,255.0,255.0,255.0
198,9.9,6.092839276297033e-08,2.247475361710021e-101,-5.999999999992083,-5.115305576987813e-07,-1.886890943705487e-100,-1.6227019727921288e-11,-1.4397801402144205e-05,-5.310940014452397e-99,-1.177902220206306e-09,0.0,70.0,255.0,255.0,255.0
199,9.950000000000001,1.596870035953791e-08,5.89040002355082e-102,-5.999999999994437,-1.302362207488762e-06,-4.804044289729219e-100,-5.735856234423409e-11,-1.4091843132425289e-05,-5.198080698504282e-99,-4.4586556668946287e-10,0.0,70.0,255.0,255.0,255.0
200,10.0,-6.930782798590586e-08,-2.556568928019198e-101,-5.999999999997819,-1.9207148709413103e-06,-7.08497164220977e-100,-6.081357639686757e-11,-5.095775543344624e-06,-1.879686868981705e-99,1.6129320101754274e-10,0.0,70.0,255.0,255.0,255.0
201,10.05,-1.7610278673459315e-07,-6.495931639854689e-101,-6.000000000000519,-1.8119397618232244e-06,-6.683731158710924e-100,-4.1229242242479813e-11,1.4078641641380703e-05,5.193211043403421e-99,4.461320202153729e-10,0.0,70.0,255.0,255.0,255.0
202,10.100000000000001,-2.505018041682283e-07,-9.240300086730122e-101,-6.000000000001942,-5.128507068032399e-07,-1.8917605988063492e-100,-1.6200374375330284e-11,3.720997792779118e-05,1.3725704028961387e-98,4.5581316499010427e-10,0.0,70.0,255.0,255.0,255.0
203,10.15,-2.2738785741491714e-07,-8.387692238661038e-101,-6.000000000002139,1.9090580309558937e-06,7.041972870250465e-100,4.352074256530614e-12,5.37333263500886e-05,1.982069796988693e-98,3.1583624604536453e-10,0.0,70.0,255.0,255.0,255.0
204,10.200000000000001,-5.9596001072638915e-08,-2.1983272164796564e-101,-6.000000000001506,4.86048192820562e-06,1.7928937371080583e-99,1.538325022920617e-11,5.259147454250177e-05,1.9399501268661098e-98,1.1937117960769683e-10,0.0,70.0,255.0,255.0,255.0
205,10.25,2.586603354056449e-07,9.541245132419546e-101,-6.0000000000006,7.168205485206071e-06,2.6441474138911567e-99,1.6289192217300297e-11,1.9017693231729055e-05,7.0150868973597914e-99,-4.334310688136611e-11,0.0,70.0,255.0,255.0,255.0
206,10.3,6.572245474479682e-07,2.4243146922431913e-100,-5.999999999999877,6.762251251378525e-06,2.4944024268440375e-99,1.1048939541069558e-11,-5.2542205907187676e-05,-1.9381327468409342e-98,-1.1945999744966684e-10,0.0,70.0,255.0,255.0,255.0
207,10.350000000000001,9.348854605434974e-07,3.4485269400859923e-100,-5.9999999999994955,1.913984894487303e-06,7.060146670502222e-100,4.343192472333612e-12,-0.0001388695281750332,-5.1225024805736754e-98,-1.2221335055073723e-10,0.0,70.0,255.0,255.0,255.0
208,10.4,8.486230368966986e-07,3.1303293592934135e-100,-5.999999999999443,-7.1247015661247964e-06,-2.6281000537296375e-99,-1.1723955140041653e-12,-0.00020053550399821022,-7.397185186509535e-98,-8.464340339742193e-11,0.0,70.0,255.0,255.0,255.0
209,10.450000000000001,2.2241530393101778e-07,8.20426886356355e-101,-5.999999999999613,-1.813956550533372e-05,-6.691170519459313e-99,-4.121147867408581e-12,-0.00019627405503758178,-7.239992437614013e-98,-3.197442310920451e-11,0.0,70.0,255.0,255.0,255.0
210,10.5,-9.653335136366736e-07,-3.5608411601658995e-100,-5.999999999999855,-2.6752107069882976e-05,-9.86809249134365e-99,-4.369837824924616e-12,-7.097499738357145e-05,-2.6180660720457436e-98,1.1546319456101628e-11,0.0,70.0,255.0,255.0,255.0
211,10.55,-2.4527954030572798e-06,-9.047665604987296e-100,-6.00000000000005,-2.5237065243690864e-05,-9.309236591505056e-99,-2.9665159217984183e-12,0.00019609018198737008,7.233209883023397e-98,3.2152058793144533e-11,0.0,70.0,255.0,255.0,255.0
212,10.600000000000001,-3.4890400380057604e-06,-1.2870077751670957e-99,-6.000000000000152,-7.143088871145966e-06,-2.6348826083202526e-99,-1.1546319456101628e-12,0.0005182681347723414,1.9117439519398553e-97,3.277378368693462e-11,0.0,70.0,255.0,255.0,255.0
213,10.65,-3.1671042901718764e-06,-1.1682548213307549e-99,-6.000000000000165,2.658974823354328e-05,9.808202927893499e-99,3.1086244689504383e-13,0.000748408689642752,2.7606670949049434e-97,2.255973186038318e-11,0.0,70.0,255.0,255.0,255.0
214,10.700000000000001,-8.300652146514323e-07,-3.0618748237774566e-100,-6.000000000000121,6.769778009312924e-05,2.4971788340729184e-98,1.1013412404281553e-12,0.0007325047456078252,2.702001962358995e-97,8.615330671091215e-12,0.0,70.0,255.0,255.0,255.0
215,10.75,3.6026737191410487e-06,1.3289240127421638e-99,-6.000000000000055,9.98402227943258e-05,3.682822255148345e-98,1.1723955140041653e-12,0.00026488229630255706,9.770755598447011e-98,-3.0198066269804258e-12,0.0,70.0,255.0,255.0,255.0
216,10.8,9.153957064781149e-06,3.3766347727705995e-99,-6.0000000000000036,9.418600972338495e-05,3.4742543939176196e-98,7.993605777301127e-13,-0.0007318185220422924,-2.699470678525266e-97,-8.526512829121202e-12,0.0,70.0,255.0,255.0,255.0
217,10.850000000000001,1.3021274691479543e-05,4.803178406659784e-99,-5.999999999999975,2.665837059009657e-05,9.833515766230788e-99,3.197442310920451e-13,-0.0019342030109143328,-7.134725559702056e-97,-8.881784197001252e-12,0.0,70.0,255.0,255.0,255.0
218,10.9,1.1819794123790806e-05,4.359986349393678e-99,-5.999999999999972,-9.923429136804835e-05,-3.660471165784436e-98,-8.881784197001252e-14,-0.0027930992545727984,-1.0302949860968822e-96,-6.217248937900877e-12,0.0,70.0,255.0,255.0,255.0
219,10.950000000000001,3.097845554674708e-06,1.142707240875347e-99,-5.999999999999984,-0.0002526515548671833,-9.319598284345743e-98,-3.019806626980426e-13,-0.0027337449273937184,-1.0084008605674575e-96,-2.3092638912203256e-12,0.0,70.0,255.0,255.0,255.0
220,11.0,-1.3445361362927524e-05,-4.959611934952066e-99,-6.000000000000002,-0.00037260878410742024,-1.374447977145901e-97,-3.197442310920451e-13,-0.0009885541878266561,-3.6464956321742255e-97,9.769962616701378e-13,0.0,70.0,255.0,255.0,255.0
221,11.05,-3.416303285606732e-05,-1.2601772530583666e-98,-6.000000000000016,-0.0003515069736498489,-1.296609391651997e-97,-2.042810365310288e-13,0.002731183906181799,1.0074561725798718e-96,2.4868995751603507e-12,0.0,70.0,255.0,255.0,255.0
222,11.100000000000001,-4.859605872791241e-05,-1.7925705851472036e-98,-6.000000000000022,-9.949039348924031e-05,-3.669918045660291e-98,-7.105427357601002e-14,0.007218543908884989,2.662715828686836e-96,2.3092638912203256e-12,0.0,70.0,255.0,255.0,255.0
223,11.15,-4.411207220499135e-05,-1.6271690576243957e-98,-6.000000000000023,0.00037034741723864997,1.366106437034839e-97,2.6645352591003757e-14,0.01042398832864844,3.845113234897034e-96,1.4210854715202004e-12,0.0,70.0,255.0,255.0,255.0
224,11.200000000000001,-1.1561317004047419e-05,-4.264641481123645e-99,-6.0000000000000195,0.0009429084393756038,3.4781214303310053e-97,7.105427357601002e-14,0.01047771971921182,3.763403246033932e-96,4.440892098500626e-13,0.0,70.0,255.0,255.0,255.0
225,11.25,5.017877173256904e-05,1.85095237270661e-98,-6.000000000000016,0.001418119389159832,5.129509683068772e-97,7.105427357601002e-14,0.0058224813081510195,1.3608906968852218e-96,-1.7763568394002505e-13,0.0,70.0,255.0,255.0,255.0
226,11.3,0.0001302506219119358,4.703045534956407e-98,-6.000000000000012,0.0015251565701907058,4.839012127216227e-97,5.3290705182007514e-14,-0.004198697988465783,-3.759877622466963e-96,-5.329070518200751e-13,0.0,70.0,255.0,255.0,255.0
227,11.350000000000001,0.00020269442875163961,6.689964499922837e-98,-6.000000000000011,0.0009982495903132537,1.3696320606018084e-97,1.7763568394002505e-14,-0.018667338591991614,-9.937390758777141e-96,-5.329070518200751e-13,0.0,70.0,255.0,255.0,255.0
228,11.4,0.00023007558094326116,6.072677595558215e-98,-6.000000000000011,-0.000341577289008456,-5.098378631560914e-97,0.0,-0.03566108249824973,-1.4350157953491258e-95,-3.552713678800501e-13,0.0,70.0,255.0,255.0,255.0
229,11.450000000000001,0.00016853669985079402,1.5915858683619224e-98,-6.000000000000011,-0.0025678586595117192,-1.2980525892889449e-96,-1.7763568394002505e-14,-0.05299046728278734,-1.4045212123568273e-95,-1.7763568394002505e-13,0.0,70.0,255.0,255.0,255.0
230,11.5,-2.6710285007910772e-05,-6.907848297331235e-98,-6.000000000000012,-0.00564062401728719,-1.9143590755129187e-96,-1.7763568394002505e-14,-0.06855237337577905,-5.078913224323458e-96,0.0,0.0,70.0,255.0,255.0,255.0
231,11.55,-0.000395525701877925,-1.7552004886767264e-97,-6.000000000000012,-0.009423095997089624,-1.8059439117212907e-96,-1.7763568394002505e-14,-0.08111998169590941,1.403205431728798e-95,0.0,0.0,70.0,255.0,255.0,255.0
232,11.600000000000001,-0.0009690198847168733,-2.496728741454414e-97,-6.000000000000014,-0.01375262218687813,-5.111536437841207e-97,-1.7763568394002505e-14,-0.09058107765280947,3.7086847206421726e-95,3.552713678800501e-13,0.0,70.0,255.0,255.0,255.0
233,11.65,-0.001770787920565738,-2.266354132460847e-97,-6.000000000000014,-0.01848120376237057,1.902740808920882e-96,1.7763568394002505e-14,-0.09716930868530249,5.3555518579067995e-95,3.552713678800501e-13,0.0,70.0,255.0,255.0,255.0
234,11.700000000000001,-0.0028171402609539304,-5.939879325335321e-98,-6.000000000000012,-0.02346955305540838,4.844398214122679e-96,1.7763568394002505e-14,-0.10122055921277298,5.241744524823914e-95,-1.7763568394002505e-13,0.0,70.0,255.0,255.0,255.0
235,11.75,-0.004117743226106576,2.5780440816618326e-97,-6.000000000000012,-0.02860325968364787,7.144485333744796e-96,0.0,-0.10335322090526541,1.8954762200408626e-95,-1.7763568394002505e-13,0.0,70.0,255.0,255.0,255.0
236,11.8,-0.005677466229318718,6.550497401211264e-97,-6.000000000000012,-0.03380487514593492,6.7398744341635415e-96,0.0,-0.10405275051927297,-5.2368339646684955e-95,0.0,0.0,70.0,255.0,255.0,255.0
237,11.850000000000001,-0.007498230740700069,9.317918515825374e-97,-6.000000000000012,-0.03900853473557517,1.907651369076301e-96,0.0,-0.10343315266157817,-1.3840999806690978e-94,0.0,0.0,70.0,255.0,255.0,255.0
238,11.9,-0.009578319702876235,8.458148770287565e-97,-6.000000000000012,-0.04414819041209274,-7.1011253725274375e-96,0.0,-0.10171296481182646,-1.9987191636278067e-94,0.0,0.0,70.0,255.0,255.0,255.0
239,11.950000000000001,-0.011913049781909343,2.2167931432979364e-97,-6.000000000000012,-0.04917983121675781,-1.807954026720177e-95,0.0,-0.09945391591274222,-1.9562456886938827e-94,0.0,0.0,70.0,255.0,255.0,255.0
240,12.0,-0.014496302824552016,-9.621391496914205e-97,-6.000000000000012,-0.05409358200336696,-2.6663582259466265e-95,0.0,-0.09732816957657847,-7.074013557731094e-95,0.0,0.0,70.0,255.0,255.0,255.0
241,12.05,-0.01732240798224604,-2.444678911616833e-96,-6.000000000000012,-0.05891264817441566,-2.5153553824932864e-95,0.0,-0.09574537986336298,1.9544130426945183e-94,0.0,0.0,70.0,255.0,255.0,255.0
242,12.100000000000001,-0.020387567641993582,-3.477494532184707e-96,-6.000000000000012,-0.06366811998970326,-7.119451832521081e-96,0.0,-0.0947039340785101,5.165531450612173e-94,0.0,0.0,70.0,255.0,255.0,255.0
243,12.15,-0.023689219981216366,-3.156624094868941e-96,-6.000000000000012,-0.06838304158226667,2.6501760681188866e-95,0.0,-0.09410134954991392,7.45932146872055e-94,0.0,0.0,70.0,255.0,255.0,255.0
244,12.200000000000001,-0.02722587180022025,-8.273184640658206e-97,-6.000000000000012,-0.07307825494469465,6.747376285468441e-95,0.0,-0.09389244846493047,7.30080830229314e-94,0.0,0.0,70.0,255.0,255.0,255.0
245,12.25,-0.030997045475685832,3.5907521905995006e-96,-6.000000000000012,-0.07777228642875972,9.950984370412026e-95,0.0,-0.09402668820099574,2.6400578010883514e-94,0.0,0.0,70.0,255.0,255.0,255.0
246,12.3,-0.03500310044309622,9.123665906346207e-96,-6.000000000000012,-0.08248092376479423,9.387434086556793e-95,0.0,-0.09444824750979228,-7.293968774311223e-94,0.0,0.0,70.0,255.0,255.0,255.0
247,12.350000000000001,-0.039245137852165254,1.2978186277156294e-95,-6.000000000000012,-0.08721711117973895,2.657015596100802e-95,0.0,-0.09506579633908191,-1.9278025821779596e-93,0.0,0.0,70.0,255.0,255.0,255.0
248,12.4,-0.043724811561070116,1.1780681502447009e-95,-6.000000000000012,-0.09198750339870242,-9.890591735222802e-95,0.0,-0.0957244341913202,-2.783856671125438e-93,0.0,0.0,70.0,255.0,255.0,255.0
249,12.450000000000001,-0.048443888192035496,3.0875945419334925e-96,-6.000000000000012,-0.09678955459887097,-2.518155111515358e-94,0.0,-0.09623782868907332,-2.724698752047867e-93,0.0,0.0,70.0,255.0,255.0,255.0
250,12.5,-0.05340376702095721,-1.3400869612706573e-95,-6.000000000000012,-0.10161128626760975,-3.7137579255701476e-94,0.0,-0.09643304964739516,-9.852829848580307e-94,0.0,0.0,70.0,255.0,255.0,255.0
251,12.55,-0.05860501681879647,-3.4049984713767985e-95,-6.000000000000012,-0.10643285956361048,-3.5034380963733887e-94,0.0,-0.09622163009746845,2.7221462054550373e-93,0.0,0.0,70.0,255.0,255.0,255.0
252,12.600000000000001,-0.06404705297731826,-4.8435250576440464e-95,-6.000000000000012,-0.1112334492773566,-9.9161172011511e-95,0.0,-0.09564099245329277,7.194657183650622e-93,0.0,0.0,70.0,255.0,255.0,255.0
253,12.65,-0.06972836174653213,-4.3966101914919084e-95,-6.000000000000012,-0.11599695880893976,3.691219087277233e-94,0.0,-0.09479280179670035,1.0389494537629698e-92,0.0,0.0,70.0,255.0,255.0,255.0
254,12.700000000000001,-0.07564674885821224,-1.1523059703668139e-95,-6.000000000000012,-0.12071272945702663,9.397882817514589e-94,0.0,-0.09379623677877175,1.0168714177962157e-92,0.0,0.0,70.0,255.0,255.0,255.0
255,12.75,-0.0817996346922348,5.001272626022681e-95,-6.000000000000012,-0.12537658248681693,1.385993326523939e-93,0.0,-0.09277314118142643,3.6771261593232843e-93,0.0,0.0,70.0,255.0,255.0,255.0
256,12.8,-0.08818440710689393,1.2707627294872576e-94,-6.000000000000012,-0.12999004357516927,1.3075008976837874e-93,0.0,-0.09180369363879781,-1.015918794438903e-92,0.0,0.0,70.0,255.0,255.0,255.0
257,12.850000000000001,-0.09479863904975172,1.8076281602860556e-94,-6.000000000000012,-0.13455695185069672,3.7007453208503594e-94,0.0,-0.09092743664497888,-2.6850826152424514e-92,0.0,0.0,70.0,255.0,255.0,255.0
258,12.9,-0.1016401022919636,1.6408372615722936e-94,-6.000000000000012,-0.13908278723966716,-1.3775817175586642e-93,0.0,-0.09018967330720329,-3.8774121479393354e-92,0.0,0.0,70.0,255.0,255.0,255.0
259,12.950000000000001,-0.10870691777371844,4.3004644272739115e-95,-6.000000000000012,-0.14357591918141704,-3.5073376158542995e-93,0.0,-0.08964239902100601,-3.7950157959800754e-92,0.0,0.0,70.0,255.0,255.0,255.0
260,13.0,-0.1159976942101053,-1.866500354282006e-94,-6.000000000000012,-0.14804702714176776,-5.17259751353874e-93,0.0,-0.08932641359889193,-1.3723221652435111e-92,0.0,0.0,70.0,255.0,255.0,255.0
261,13.05,-0.12351162048789521,-4.7425510708113484e-94,-6.000000000000012,-0.15250856054130624,-4.879659781097811e-93,0.0,-0.08925133427508669,3.791460557210107e-92,0.0,0.0,70.0,255.0,255.0,255.0
262,13.100000000000001,-0.13124855026423593,-6.746160135379817e-94,-6.000000000000012,-0.15697216056927643,-1.3811369563286325e-93,0.0,-0.08936571784329272,1.0020864742604745e-91,0.0,0.0,70.0,255.0,255.0,255.0
263,13.15,-0.13920883654482286,-6.123688027139981e-94,-6.000000000000012,-0.1614451323256355,5.1412049615069354e-93,0.0,-0.08957036977635946,1.4470699137994366e-91,0.0,0.0,70.0,255.0,255.0,255.0
264,13.200000000000001,-0.14739306349679948,-1.6049551738728807e-94,-6.000000000000012,-0.16592919754691238,1.3089562181665736e-92,0.0,-0.08974847949150266,1.4163191766124084e-91,0.0,0.0,70.0,255.0,255.0,255.0
265,13.25,-0.1558017562995141,6.965874154525757e-94,-6.000000000000012,-0.17041998027478578,1.930439672763102e-92,0.0,-0.08978115780292062,5.12157604504172e-92,0.0,0.0,70.0,255.0,255.0,255.0
266,13.3,-0.16443506152427806,1.7699441553758138e-93,-6.000000000000012,-0.17490731332720444,1.8211138226707457e-92,0.0,-0.08960476879464885,-1.4149923434401527e-91,0.0,0.0,70.0,255.0,255.0,255.0
267,13.350000000000001,-0.17329248763223454,2.5177012381233214e-93,-6.000000000000012,-0.17938045715425066,5.154473293229491e-93,0.0,-0.08925332834552324,-3.7398376355176536e-91,0.0,0.0,70.0,255.0,255.0,255.0
268,13.4,-0.18237310723970312,2.285391484698763e-93,-6.000000000000012,-0.18383264616175676,-1.918723812846908e-92,0.0,-0.08880437206291725,-5.400538440403813e-91,0.0,0.0,70.0,255.0,255.0,255.0
269,13.450000000000001,-0.1916757522484102,5.989774252764132e-94,-6.000000000000012,-0.18826089436054239,-4.885091111080864e-92,0.0,-0.08833748254677976,-5.285775126851624e-91,0.0,0.0,70.0,255.0,255.0,255.0
270,13.5,-0.20119919667575736,-2.599699626382102e-93,-6.000000000000012,-0.19266639441643474,-7.204498939698532e-92,0.0,-0.08794093654134194,-1.9113982014923346e-91,0.0,0.0,70.0,255.0,255.0,255.0
271,13.55,-0.2109423916900537,-6.605521514422119e-93,-6.000000000000012,-0.19705498801467658,-6.796489312573199e-92,0.0,-0.08766236443907838,5.280823318039599e-91,0.0,0.0,70.0,255.0,255.0,255.0
272,13.600000000000001,-0.22090469547722502,-9.396188938955302e-93,-6.000000000000012,-0.20143263086034258,-1.923675621658933e-92,0.0,-0.08746003637373212,1.3957264067810135e-90,0.0,0.0,70.0,255.0,255.0,255.0
273,13.65,-0.23108565477608795,-8.529197136081052e-93,-6.000000000000012,-0.2058009916520498,7.160774755236936e-92,0.0,-0.0872539135337802,2.0155083847815816e-90,0.0,0.0,70.0,255.0,255.0,255.0
274,13.700000000000001,-0.24148479464243,-2.2354141837183654e-93,-6.000000000000012,-0.2101580222137206,1.8231408226156884e-91,0.0,-0.08697450407428309,1.9726781330794096e-90,0.0,0.0,70.0,255.0,255.0,255.0
275,13.75,-0.25210145699746,9.702211090075833e-93,-6.000000000000012,-0.2144984420594781,2.6887556086031034e-91,0.0,-0.08655915197569031,7.133435201465172e-91,0.0,0.0,70.0,255.0,255.0,255.0
276,13.8,-0.2629346388483778,2.4652141902312668e-92,-6.000000000000012,-0.21881393741128963,2.536484342762206e-91,0.0,-0.08597868720194857,-1.9708300928718242e-90,0.0,0.0,70.0,255.0,255.0,255.0
277,13.850000000000001,-0.27398285073858897,3.506705451769789e-92,-6.000000000000012,-0.22309631077967296,7.179255157312791e-92,0.0,-0.08526829772140809,-5.2089218635722895e-90,0.0,0.0,70.0,255.0,255.0,255.0
278,13.9,-0.2852442699263451,3.183139705962546e-92,-6.000000000000012,-0.22734076718343044,-2.6724375208100843e-91,0.0,-0.08449904140105935,-7.521979695085947e-90,0.0,0.0,70.0,255.0,255.0,255.0
279,13.950000000000001,-0.296716927456932,8.342679309597045e-93,-6.000000000000012,-0.2315462149197789,-6.804054179354668e-91,0.0,-0.08374398833554952,-7.362135019632475e-90,0.0,0.0,70.0,255.0,255.0,255.0
280,14.0,-0.308398891418323,-3.620914473392123e-92,-6.000000000000012,-0.2357151660169854,-1.003457254044256e-90,0.0,-0.08306646487982738,-2.662234260436836e-90,0.0,0.0,70.0,255.0,255.0,255.0
281,14.05,-0.32028844405863055,-9.200304609482856e-92,-6.000000000000012,-0.23985286140776163,-9.466288439791504e-91,0.0,-0.0825028867531108,7.355238039683334e-90,0.0,0.0,70.0,255.0,255.0,255.0
282,14.100000000000001,-0.33238417755909916,-1.3087202913183627e-91,-6.000000000000012,-0.24396545469229647,-2.679334500759225e-91,0.0,-0.08206406877803163,1.943996104750815e-89,0.0,0.0,70.0,255.0,255.0,255.0
283,14.15,-0.3446849895278602,-1.1879639110242081e-91,-6.000000000000012,-0.2480592682855648,9.973672607716644e-91,0.0,-0.081752624824738,2.8072410395562217e-89,0.0,0.0,70.0,255.0,255.0,255.0
284,14.200000000000001,-0.35719010438765564,-3.113530305466984e-92,-6.000000000000012,-0.25214071717477027,2.5393075894802992e-90,0.0,-0.08156282929676073,2.7475861945450502e-89,0.0,0.0,70.0,255.0,255.0,255.0
285,14.25,-0.3698990612453372,1.3513436784560913e-91,-6.000000000000012,-0.25621555121524087,3.7449534553167146e-90,0.0,-0.08147895120886872,9.935593521600823e-90,0.0,0.0,70.0,255.0,255.0,255.0
286,14.3,-0.3828116595091797,3.433600424770016e-91,-6.000000000000012,-0.26028861229565714,3.5328669416403816e-90,0.0,-0.0814840781399151,-2.7450122065861538e-89,0.0,0.0,70.0,255.0,255.0,255.0
287,14.350000000000001,-0.39592792247490294,4.884210620096473e-91,-6.000000000000012,-0.2643639590292324,9.999412487305608e-91,0.0,-0.08155458800570559,-7.25509223264603e-89,0.0,0.0,70.0,255.0,255.0,255.0
288,14.4,-0.40924805541210296,4.433541673500577e-91,-6.000000000000012,-0.2684440710962277,-3.722225291005649e-90,0.0,-0.0816496201391903,-1.0476766188716288e-88,0.0,0.0,70.0,255.0,255.0,255.0
289,14.450000000000001,-0.4227723295845257,1.1619853290908242e-91,-6.000000000000012,-0.2725289210431514,-9.476824939985728e-90,0.0,-0.08171900683167088,-1.0254131276216953e-88,0.0,0.0,70.0,255.0,255.0,255.0
290,14.5,-0.4365009475164181,-5.043283266485151e-91,-6.000000000000012,-0.2766159717793948,-1.3976356567222602e-89,0.0,-0.08172169298859,-3.708013982596646e-89,0.0,0.0,70.0,255.0,255.0,255.0
291,14.55,-0.4504339267624652,-1.2814371238131777e-90,-6.000000000000012,-0.2807010903420104,-1.3184838922582374e-89,0.0,-0.08163408740056166,1.0244525022376274e-88,0.0,0.0,70.0,255.0,255.0,255.0
292,14.600000000000001,-0.46457105655061914,-1.8228122189067524e-90,-6.000000000000012,-0.28477938051945095,-3.7318315448463264e-90,0.0,-0.08144028316189877,2.7076372825833296e-88,0.0,0.0,70.0,255.0,255.0,255.0
293,14.65,-0.4789118648144103,-1.6546202782978104e-90,-6.000000000000012,-0.2888451186582003,1.3891533903250928e-89,0.0,-0.08112619065578919,3.909982371530894e-88,0.0,0.0,70.0,255.0,255.0,255.0
294,14.700000000000001,-0.49345556841643917,-4.336588285816596e-91,-6.000000000000012,-0.29289199958502987,3.5367992170462616e-89,0.0,-0.08068785666325295,3.8268938910322765e-88,0.0,0.0,70.0,255.0,255.0,255.0
295,14.75,-0.5082010647729133,1.8821789387484515e-90,-6.000000000000012,-0.2969139043245256,5.216047281357369e-89,0.0,-0.08013031413276472,1.383849657822648e-88,0.0,0.0,70.0,255.0,255.0,255.0
296,14.8,-0.5231469588488917,4.78238845277571e-90,-6.000000000000012,-0.30090503099830634,4.92064887486891e-89,0.0,-0.07946525990354947,-3.823308788291895e-88,0.0,0.0,70.0,255.0,255.0,255.0
297,14.850000000000001,-0.5382915678727439,6.802827813617362e-90,-6.000000000000012,-0.3048604303148805,1.3927384930654738e-89,0.0,-0.07872511850758324,-1.0105039907068714e-87,0.0,0.0,70.0,255.0,255.0,255.0
298,14.9,-0.5536330018803798,6.175126945841184e-90,-6.000000000000012,-0.30877754284906467,-5.1843910321998054e-89,0.0,-0.07796645639851496,-1.4592252867251944e-87,0.0,0.0,70.0,255.0,255.0,255.0
299,14.950000000000001,-0.5691693221576504,1.6184367814175564e-90,-6.000000000000012,-0.312657075954732,-1.3199514374186472e-88,0.0,-0.07725525416102386,-1.4282162436507406e-87,0.0,0.0,70.0,255.0,255.0,255.0
300,15.0,-0.584898709475853,-7.024387428345289e-90,-6.000000000000012,-0.31650306826516705,-1.9466553468707212e-88,0.0,-0.07665308777627944,-5.164597233030936e-88,0.0,0.0,70.0,255.0,255.0,255.0
301,15.05,-0.6008196289841671,-1.7848116687289657e-89,-6.000000000000012,-0.32032238473235997,-1.8364111607217408e-88,0.0,-0.07619158627192313,1.426878265092995e-87,0.0,0.0,70.0,255.0,255.0,255.0
302,15.100000000000001,-0.616930947949089,-2.5388499035562697e-89,-6.000000000000012,-0.32412222689235937,-5.1977708177772635e-89,0.0,-0.07585653884517596,3.7712522345691536e-87,0.0,0.0,70.0,255.0,255.0,255.0
303,15.15,-0.633231851673403,-2.304588750506692e-89,-6.000000000000012,-0.32790803861687756,1.934841073847413e-88,0.0,-0.07561068771290147,5.445902909747689e-87,0.0,0.0,70.0,255.0,255.0,255.0
304,15.200000000000001,-0.6497217518107767,-6.040088297088567e-90,-6.000000000000012,-0.3316832956636495,4.9261258279699626e-88,0.0,-0.07541112669263716,5.330175585499737e-87,0.0,0.0,70.0,255.0,255.0,255.0
305,15.25,-0.666400181239768,2.621537077463271e-89,-6.000000000000012,-0.3354491512861413,7.265016659347151e-88,0.0,-0.07521332543798387,1.9274539274301103e-87,0.0,0.0,70.0,255.0,255.0,255.0
306,15.3,-0.6832666669393909,6.661007829638294e-89,-6.000000000000012,-0.3392046282074479,6.853579755400073e-88,0.0,-0.07498890782922096,-5.325182181542795e-87,0.0,0.0,70.0,255.0,255.0,255.0
307,15.350000000000001,-0.7003206440605128,9.475116832863345e-89,-6.000000000000012,-0.3429480420690634,1.9398344778043553e-88,0.0,-0.07472965851272884,-1.4074504947569745e-86,0.0,0.0,70.0,255.0,255.0,255.0
308,15.4,-0.7175614711462972,8.60084230744265e-89,-6.000000000000012,-0.3466775940587208,-7.220925192169674e-88,0.0,-0.07442902118824923,-2.0324386352265558e-86,0.0,0.0,70.0,255.0,255.0,255.0
309,15.450000000000001,-0.7349884034663848,2.2541916406936704e-89,-6.000000000000012,-0.3503909441878883,-1.8384551874461203e-87,0.0,-0.07407403860228978,-1.98924860983482e-86,0.0,0.0,70.0,255.0,255.0,255.0
310,15.5,-0.752600565565086,-9.783709567018554e-89,-6.000000000000012,-0.35408499791894976,-2.7113411290517873e-87,0.0,-0.07364158249948405,-7.193355986417346e-87,0.0,0.0,70.0,255.0,255.0,255.0
311,15.55,-0.7703969032582798,-2.4859219649824202e-88,-6.000000000000012,-0.3577551024378367,-2.557790786087855e-87,0.0,-0.07312606912438513,1.987385046107817e-86,0.0,0.0,70.0,255.0,255.0,255.0
312,15.600000000000001,-0.7883760758088697,-3.5361617427897105e-88,-6.000000000000012,-0.3613976048313883,-7.239560829439705e-88,0.0,-0.07258482710412739,5.2526767555709825e-86,0.0,0.0,70.0,255.0,255.0,255.0
313,15.65,-0.8065366637414186,-3.209878047926391e-88,-6.000000000000012,-0.36501358514824944,2.694885969483128e-87,0.0,-0.07211322753423177,7.585164249931452e-86,0.0,0.0,70.0,255.0,255.0,255.0
314,15.700000000000001,-0.8248774343236946,-8.412757733065827e-89,-6.000000000000012,-0.36860892758481145,6.861208166987483e-87,0.0,-0.07180600561148553,7.423976880789303e-86,0.0,0.0,70.0,255.0,255.0,255.0
315,15.75,-0.8433975564998998,3.651330119061093e-88,-6.000000000000012,-0.372194185709398,1.0118862850272431e-86,0.0,-0.07176831659185812,2.6845970018239263e-86,0.0,0.0,70.0,255.0,255.0,255.0
316,15.8,-0.8620968528946344,9.27758707696585e-88,-6.000000000000012,-0.37578575924399726,9.545805168811409e-87,0.0,-0.072040615207003,-7.41702196627698e-86,0.0,0.0,70.0,255.0,255.0,255.0
317,15.850000000000001,-0.8809761324242995,1.3197135287872502e-87,-6.000000000000012,-0.3793982472300983,2.7018408839954523e-87,0.0,-0.07248926150914548,-1.9603256527526867e-85,0.0,0.0,70.0,255.0,255.0,255.0
318,15.9,-0.9000366776176443,1.1979427960961302e-87,-6.000000000000012,-0.3830346853949118,-1.0057451358715458e-86,0.0,-0.07287900107575407,-2.8308218364499306e-85,0.0,0.0,70.0,255.0,255.0,255.0
319,15.950000000000001,-0.9192796009637907,3.1396839291570434e-88,-6.000000000000012,-0.3866861473376737,-2.5606377480503856e-86,0.0,-0.07297587834563801,-2.7706658913322684e-85,0.0,0.0,70.0,255.0,255.0,255.0
320,16.0,-0.9387052923514116,-1.3626949519542556e-87,-6.000000000000012,-0.3903322732294756,-3.7764110272038144e-86,0.0,-0.0725451977530156,-1.0019052408654076e-85,0.0,0.0,70.0,255.0,255.0,255.0
321,16.05,-0.9583128282867382,-3.4624426342881104e-87,-6.000000000000012,-0.39394066711297526,-3.562542988915793e-86,0.0,-0.07148387098001585,2.76807028190002e-85,0.0,0.0,70.0,255.0,255.0,255.0
322,16.1,-0.9780993590627092,-4.925237940870049e-87,-6.000000000000012,-0.3974806603274772,-1.0083407453037939e-86,0.0,-0.06998437394574175,7.316034935453661e-85,0.0,0.0,70.0,255.0,255.0,255.0
323,16.150000000000002,-0.998060894319486,-4.470783379591904e-87,-6.000000000000012,-0.40093910450754944,3.753491946537868e-86,0.0,-0.06840619939821879,1.0564770920806584e-84,0.0,0.0,70.0,255.0,255.0,255.0
324,16.2,-1.0181932695134641,-1.1717459943321812e-87,-6.000000000000012,-0.4043212802672991,9.556430175502791e-86,0.0,-0.06711602879139189,1.0340265877250147e-84,0.0,0.0,70.0,255.0,255.0,255.0
325,16.25,-1.0384930223462159,5.085646795910888e-87,-6.000000000000012,-0.4076507073866886,1.4093757823788015e-85,0.0,-0.06647886442392448,3.739161263279249e-85,0.0,0.0,70.0,255.0,255.0,255.0
326,16.3,-1.058958340252133,1.2922011829455835e-86,-6.000000000000012,-0.4109691667096915,1.329559143878204e-85,0.0,-0.06667098712000996,-1.0330578930972375e-84,0.0,0.0,70.0,255.0,255.0,255.0
327,16.35,-1.079589939017185,1.838123823469293e-86,-6.000000000000012,-0.4143178060986896,3.76317889281564e-86,0.0,-0.06748335925825799,-2.730381408906195e-84,0.0,0.0,70.0,255.0,255.0,255.0
328,16.400000000000002,-1.100390120862002,1.6685190722271475e-86,-6.000000000000012,-0.4177175026355173,-1.400822265027991e-85,0.0,-0.0685052456205204,-3.942826184677641e-84,0.0,0.0,70.0,255.0,255.0,255.0
329,16.45,-1.1213616892807368,4.3730155844130185e-87,-6.000000000000012,-0.42116833066074166,-3.5665082953960775e-85,0.0,-0.06932065916922525,-3.8590397617668325e-84,0.0,0.0,70.0,255.0,255.0,255.0
330,16.5,-1.142506953928076,-1.89798922316893e-86,-6.000000000000012,-0.42464956855243985,-5.259862026794824e-85,0.0,-0.0695193911711689,-1.3954739812251587e-84,0.0,0.0,70.0,255.0,255.0,255.0
331,16.55,-1.1638266461359807,-4.8225604683535226e-86,-6.000000000000012,-0.42812026977785855,-4.9619822766212363e-85,0.0,-0.06889232040012683,3.855424544198947e-84,0.0,0.0,70.0,255.0,255.0,255.0
332,16.6,-1.185318980905862,-6.859971499790166e-86,-6.000000000000012,-0.43153880059245253,-1.4044374825958764e-85,0.0,-0.06761300487223565,1.018992214207941e-83,0.0,0.0,70.0,255.0,255.0,255.0
333,16.650000000000002,-1.206980526195226,-6.226997950949399e-86,-6.000000000000012,-0.4348815702650821,5.227939865458175e-85,0.0,-0.0660420022690067,1.4714827646629908e-83,0.0,0.0,70.0,255.0,255.0,255.0
334,16.7,-1.2288071379323702,-1.6320316343319906e-86,-6.000000000000012,-0.4381430008193532,1.3310390164034032e-84,0.0,-0.06454119467140806,1.4402132459342326e-83,0.0,0.0,70.0,255.0,255.0,255.0
335,16.75,-1.2507948262771613,7.083392213084633e-86,-6.000000000000012,-0.4413356897322229,1.9630072324800501e-84,0.0,-0.06346352427115676,5.20797979857271e-84,0.0,0.0,70.0,255.0,255.0,255.0
336,16.8,-1.2729407069055925,1.7998040690468512e-85,-6.000000000000012,-0.4444893532464689,1.8518369962606743e-84,0.0,-0.06299907859883547,-1.4388640283698561e-83,0.0,0.0,70.0,255.0,255.0,255.0
337,16.85,-1.2952437616018082,2.5601762175691376e-85,-6.000000000000012,-0.44763559759210647,5.241432041101939e-85,0.0,-0.06305557696391073,-3.802930715941146e-83,0.0,0.0,70.0,255.0,255.0,255.0
338,16.900000000000002,-1.3177042666648031,2.3239472731570452e-85,-6.000000000000012,-0.45079491094285995,-1.951093719680472e-84,0.0,-0.06341662875346543,-5.491648440184199e-83,0.0,0.0,70.0,255.0,255.0,255.0
339,16.95,-1.3403232526960942,6.090824978886656e-86,-6.000000000000012,-0.453977260467453,-4.967505236074005e-84,0.0,-0.0638674758979274,-5.3749490075602444e-83,0.0,0.0,70.0,255.0,255.0,255.0
340,17.0,-1.3631019927115484,-2.64355796291696e-85,-6.000000000000012,-0.4571816585326527,-7.326042727240716e-84,0.0,-0.06419853971610934,-1.9436445213065675e-83,0.0,0.0,70.0,255.0,255.0,255.0
341,17.05,-1.3860414185493595,-6.716960229352051e-85,-6.000000000000012,-0.46039711443906395,-6.911149757380572e-84,0.0,-0.06428581741904082,5.3699136590595246e-83,0.0,0.0,70.0,255.0,255.0,255.0
342,17.1,-1.4091417041554548,-9.554707720297534e-85,-6.000000000000012,-0.4636102402745568,-1.9561290681811909e-84,0.0,-0.06412925603687114,1.4192730649556642e-82,0.0,0.0,70.0,255.0,255.0,255.0
343,17.150000000000002,-1.4324024425768151,-8.673089297533242e-85,-6.000000000000012,-0.46681004004275106,7.28158089217607e-84,0.0,-0.0637652356309637,2.0495110996073805e-82,0.0,0.0,70.0,255.0,255.0,255.0
344,17.2,-1.45582270815973,-2.273126828121464e-85,-6.000000000000012,-0.46998676383765314,1.8538981927892618e-83,0.0,-0.06322321409102383,2.0059582784306745e-82,0.0,0.0,70.0,255.0,255.0,255.0
345,17.25,-1.4794011189605805,9.865892630359378e-85,-6.000000000000012,-0.47313236145185344,2.7341163676482817e-83,0.0,-0.06253429821627687,7.253780105368995e-83,0.0,0.0,70.0,255.0,255.0,255.0
346,17.3,-1.5031359443049153,2.5068036848361353e-84,-6.000000000000012,-0.47624019365928083,2.5792762033261613e-83,0.0,-0.06172991279718154,-2.0040790607868248e-82,0.0,0.0,70.0,255.0,255.0,255.0
347,17.35,-1.5270251383265085,3.5658654663620995e-84,-6.000000000000012,-0.4793053527315716,7.300373068614566e-84,0.0,-0.06086823804964947,-5.29679918822854e-82,0.0,0.0,70.0,255.0,255.0,255.0
348,17.400000000000002,-1.5510664795780724,3.236840991697592e-84,-6.000000000000012,-0.4823270174642458,-2.7175229849023797e-83,0.0,-0.06004326788378034,-7.648879554411104e-82,0.0,0.0,70.0,255.0,255.0,255.0
349,17.45,-1.5752578400729331,8.483424814597198e-85,-6.000000000000012,-0.48530967951994963,-6.918842247549647e-83,0.0,-0.05935864209676289,-7.486338212966676e-82,0.0,0.0,70.0,255.0,255.0,255.0
350,17.5,-1.5995974475300674,-3.682001255852055e-84,-6.000000000000012,-0.48826288167392207,-1.0203861197869056e-82,0.0,-0.05890827674246424,-2.707147590016943e-82,0.0,0.0,70.0,255.0,255.0,255.0
351,17.55,-1.6240841282403253,-9.355518716409337e-84,-6.000000000000012,-0.49120050719419606,-9.62598983756659e-83,0.0,-0.058735044212587795,7.47932487724135e-82,0.0,0.0,70.0,255.0,255.0,255.0
352,17.6,-1.648717498249487,-1.3307991093418646e-83,-6.000000000000012,-0.49413638609518085,-2.7245363206277067e-83,0.0,-0.05879331624045747,1.9767923687958504e-81,0.0,0.0,70.0,255.0,255.0,255.0
353,17.650000000000002,-1.6734977668498434,-1.2080055037037044e-83,-6.000000000000012,-0.4970798388182418,1.0141933850391915e-82,0.0,-0.05898532919794697,2.854600711803703e-81,0.0,0.0,70.0,255.0,255.0,255.0
354,17.7,-1.6984254821313112,-3.16605724302673e-84,-6.000000000000012,-0.5000349190149755,2.5821470797409327e-82,0.0,-0.05920273034223378,2.7939394573436023e-81,0.0,0.0,70.0,255.0,255.0,255.0
355,17.75,-1.723501258751341,1.3741415760372284e-83,-6.000000000000012,-0.5030001118524652,3.808132842382794e-82,0.0,-0.05934457616549871,1.0103212349530863e-81,0.0,0.0,70.0,255.0,255.0,255.0
356,17.8,-1.7487254933165577,3.4915271180801214e-83,-6.000000000000012,-0.5059693766315254,3.592468314694019e-82,0.0,-0.05935042317279926,-2.7913220448178565e-81,0.0,0.0,70.0,255.0,255.0,255.0
357,17.85,-1.7740981964144935,4.9666098907312475e-83,-6.000000000000012,-0.5089351541697451,1.0168107975649377e-82,0.0,-0.05920213335253166,-7.377489556360547e-81,0.0,0.0,70.0,255.0,255.0,255.0
358,17.900000000000002,-1.7996190087335322,4.508337915645059e-83,-6.000000000000012,-0.5118895899667786,-3.7850212416665275e-82,0.0,-0.05889093980031568,-1.0653514891773703e-80,0.0,0.0,70.0,255.0,255.0,255.0
359,17.95,-1.8252871554111714,1.1815886490647198e-83,-6.000000000000012,-0.5148242481497767,-9.636704094208766e-82,0.0,-0.05841094935450375,-1.0427124008077744e-80,0.0,0.0,70.0,255.0,255.0,255.0
360,18.0,-1.8511014335485099,-5.128366178563708e-83,-6.000000000000012,-0.517730684902229,-1.4212145249744272e-81,0.0,-0.05775742791926941,-3.7705701808106545e-81,0.0,0.0,70.0,255.0,255.0,255.0
361,18.05,-1.8770602239013943,-1.3030556600679553e-82,-6.000000000000012,-0.5205999909417036,-1.340727427501942e-81,0.0,-0.05694223745524862,1.0417355691547294e-80,0.0,0.0,70.0,255.0,255.0,255.0
362,18.1,-1.9031614326426802,-1.8535640453583127e-82,-6.000000000000012,-0.5234249086477538,-3.794789558196977e-82,0.0,-0.056038989510565074,2.7533165856646338e-80,0.0,0.0,70.0,255.0,255.0,255.0
363,18.150000000000002,-1.9294027147661696,-1.682534615887653e-82,-6.000000000000012,-0.5262038898927601,1.4125891581626922e-81,0.0,-0.055171750761728866,3.975945885529111e-80,0.0,0.0,70.0,255.0,255.0,255.0
364,18.2,-1.9557818216319562,-4.409748871956204e-83,-6.000000000000012,-0.5289420837239267,3.596466929709414e-81,0.0,-0.054472446598241575,3.891455657496737e-80,0.0,0.0,70.0,255.0,255.0,255.0
365,18.25,-1.9822969231385623,1.9139323138217608e-82,-6.000000000000012,-0.5316511345525843,5.304044815659429e-81,0.0,-0.054069721481275757,1.4071959488289515e-80,0.0,0.0,70.0,255.0,255.0,255.0
366,18.3,-2.0089469350872147,4.863069928463809e-82,-6.000000000000012,-0.5343490558720543,5.0036628785383655e-81,0.0,-0.05402113982704293,-3.887810072137132e-80,0.0,0.0,70.0,255.0,255.0,255.0
367,18.35,-2.0357318287257677,6.917595192360127e-82,-6.000000000000012,-0.5370532485352886,1.4162347435222968e-81,0.0,-0.05423743308097251,-1.027551738702248e-79,0.0,0.0,70.0,255.0,255.0,255.0
368,18.400000000000002,-2.0626522599407435,6.279304671986106e-82,-6.000000000000012,-0.5397727991801515,-5.271854508484115e-81,0.0,-0.054545693516416804,-1.483843205293907e-79,0.0,0.0,70.0,255.0,255.0,255.0
369,18.45,-2.089709108643783,1.6457406838760114e-82,-6.000000000000012,-0.5425078178869303,-1.3422197309416773e-80,0.0,-0.0547664903593148,-1.4523110229179172e-79,0.0,0.0,70.0,255.0,255.0,255.0
370,18.5,-2.1169030417294366,-7.14289263743067e-82,-6.000000000000012,-0.545249448216083,-1.979496473766329e-80,0.0,-0.05472769547938405,-5.251726777234752e-80,0.0,0.0,70.0,255.0,255.0,255.0
371,18.55,-2.144234053465391,-1.814922405378728e-81,-6.000000000000012,-0.5479805874348687,-1.8673924086651525e-80,0.0,-0.05433991652350478,1.45095047193938e-79,0.0,0.0,70.0,255.0,255.0,255.0
372,18.6,-2.1717011004729234,-2.5816816724082196e-81,-6.000000000000012,-0.5506834398684335,-5.2854600182694885e-81,0.0,-0.053656686091363426,3.8348752962425306e-79,0.0,0.0,70.0,255.0,255.0,255.0
373,18.650000000000002,-2.1993023974522345,-2.343468407205677e-81,-6.000000000000012,-0.553346256044005,1.9674828875773776e-80,0.0,-0.05280006724746045,5.537778232622718e-79,0.0,0.0,70.0,255.0,255.0,255.0
374,18.7,-2.227035726077324,-6.141987848308418e-82,-6.000000000000012,-0.5559634465931795,5.0092322307957696e-80,0.0,-0.05189487867740539,5.420098525921995e-79,0.0,0.0,70.0,255.0,255.0,255.0
375,18.75,-2.2548987421115525,2.6657638235900927e-81,-6.000000000000012,-0.5585357439117455,7.387581413499374e-80,0.0,-0.05105548727684095,1.959971116011003e-79,0.0,0.0,70.0,255.0,255.0,255.0
376,18.8,-2.2828893004684985,6.773382628668532e-81,-6.000000000000012,-0.5610689953208636,6.969203346806773e-80,0.0,-0.050351967971806744,-5.415020880543806e-79,0.0,0.0,70.0,255.0,255.0,255.0
377,18.85,-2.311005641643639,9.634967170396866e-81,-6.000000000000012,-0.5635709407089262,1.972560532955567e-80,0.0,-0.049812186190312246,-1.4311949446267996e-78,0.0,0.0,70.0,255.0,255.0,255.0
378,18.900000000000002,-2.339246394539391,8.745943161624099e-81,-6.000000000000012,-0.5660502139398949,-7.342746099461225e-80,0.0,-0.0494585130186298,-2.066726972519693e-78,0.0,0.0,70.0,255.0,255.0,255.0
379,18.95,-2.3676106630376283,2.29222107093564e-81,-6.000000000000012,-0.5685167920107892,-1.8694709192241363e-79,0.0,-0.04931348211041353,-2.0228083080769657e-78,0.0,0.0,70.0,255.0,255.0,255.0
380,19.0,-2.39609807374047,-9.948766030617268e-81,-6.000000000000012,-0.5709815621509362,-2.757082918023088e-79,0.0,-0.04940634608869843,-7.314711786320356e-79,0.0,0.0,70.0,255.0,255.0,255.0
381,19.05,-2.424708819252722,-2.527860810929524e-80,-6.000000000000012,-0.573457426619659,-2.600942097856172e-79,0.0,-0.04973323723005407,2.0209133050235707e-78,0.0,0.0,70.0,255.0,255.0,255.0
382,19.1,-2.453443816402436,-3.595818700917899e-80,-6.000000000000012,-0.5759548858739416,-7.361696129995177e-80,0.0,-0.05017372998694647,5.341292248882927e-78,0.0,0.0,70.0,255.0,255.0,255.0
383,19.150000000000002,-2.482304307840116,-3.264030423929042e-80,-6.000000000000012,-0.5784747996183537,2.740350151026756e-79,0.0,-0.05052504151765724,7.713130066816488e-78,0.0,0.0,70.0,255.0,255.0,255.0
384,19.200000000000003,-2.5112912963642713,-8.554685498911426e-81,-6.000000000000012,-0.5810073900257073,6.976960453816971e-79,0.0,-0.05057893180864248,7.549223379715657e-78,0.0,0.0,70.0,255.0,255.0,255.0
385,19.25,-2.540405046842687,3.7129300298879294e-80,-6.000000000000012,-0.5835326927992179,1.0289573530742413e-78,0.0,-0.05012714701591037,2.729887602927036e-78,0.0,0.0,70.0,255.0,255.0,255.0
386,19.3,-2.569644565644193,9.434104980851272e-80,-6.000000000000012,-0.5860201047272984,9.706848056744007e-79,0.0,-0.049080770753384684,-7.542151132039917e-78,0.0,0.0,70.0,255.0,255.0,255.0
387,19.35,-2.5990070573154167,1.3419778086631936e-79,-6.000000000000012,-0.5884407698745564,2.7474223987024955e-79,0.0,-0.04761914094846276,-1.9933974050904935e-77,0.0,0.0,70.0,255.0,255.0,255.0
388,19.400000000000002,-2.6284886426316487,1.2181527379553768e-79,-6.000000000000012,-0.5907820188221447,-1.0227125994160931e-78,0.0,-0.046076752146539945,-2.878579329474624e-77,0.0,0.0,70.0,255.0,255.0,255.0
389,19.450000000000003,-2.658085259197631,3.192652092471005e-80,-6.000000000000012,-0.5930484450892104,-2.603837089604375e-78,0.0,-0.044796338440722394,-2.8174085210785622e-77,0.0,0.0,70.0,255.0,255.0,255.0
390,19.5,-2.6877934871405698,-1.385684351648998e-79,-6.000000000000012,-0.5952616526662169,-3.8401211204946557e-78,0.0,-0.044113037875215255,-1.018807923307609e-77,0.0,0.0,70.0,255.0,255.0,255.0
391,19.55,-2.717611424464253,-3.5208559112475555e-79,-6.000000000000012,-0.5974597488767319,-3.622645012911984e-78,0.0,-0.04419076600292726,2.8147691223136083e-77,0.0,0.0,70.0,255.0,255.0,255.0
392,19.6,-2.747539462028243,-5.008329364560982e-79,-6.000000000000012,-0.5996807292665096,-1.0253519981810475e-78,0.0,-0.0448598227696273,7.439460395473678e-77,0.0,0.0,70.0,255.0,255.0,255.0
393,19.650000000000002,-2.777579497390904,-4.546207909428603e-79,-6.000000000000012,-0.6019457311536947,3.8168153825616947e-78,0.0,-0.04577699418550907,1.074300431121685e-76,0.0,0.0,70.0,255.0,255.0,255.0
394,19.700000000000003,-2.8077340351436124,-1.1915139819992871e-79,-6.000000000000012,-0.6042584286850605,9.717652313035803e-78,0.0,-0.04658965382224878,1.0514711746342689e-76,0.0,0.0,70.0,255.0,255.0,255.0
395,19.75,-2.83800534025941,5.1714444036072004e-79,-6.000000000000012,-0.6066046965359195,1.4331527128904385e-77,0.0,-0.04694872013120133,3.802242932937735e-77,0.0,0.0,70.0,255.0,255.0,255.0
396,19.8,-2.8683945047972044,1.3140013146905098e-78,-6.000000000000012,-0.6089533006981807,1.3519895245973538e-77,0.0,-0.046670104628754316,-1.0504861376050444e-76,0.0,0.0,70.0,255.0,255.0,255.0
397,19.85,-2.898900670329228,1.869133964958074e-78,-6.000000000000012,-0.611271706998795,3.8266657528539398e-78,0.0,-0.04587061226208888,-2.776444417680422e-76,0.0,0.0,70.0,255.0,255.0,255.0
398,19.900000000000002,-2.929521675497084,1.6966678899759037e-78,-6.000000000000012,-0.6135403619243895,-1.424454893083069e-77,0.0,-0.04480538766173936,-4.0093437915392776e-76,0.0,0.0,70.0,255.0,255.0,255.0
399,19.950000000000003,-2.960254706521667,4.446790718750048e-79,-6.000000000000012,-0.6157522457649689,-3.626677216253884e-77,0.0,-0.043732132517337874,-3.9241438464292185e-76,0.0,0.0,70.0,255.0,255.0,255.0
400,20.0,-2.9910969000735808,-1.9300093262779804e-78,-6.000000000000012,-0.6179135751761233,-5.3485987395122874e-77,0.0,-0.04292005362782625,-1.4190163808443334e-76,0.0,0.0,70.0,255.0,255.0,255.0
401,20.05,-3.0220460640392792,-4.903919667637283e-78,-6.000000000000012,-0.6200442511277515,-5.045693597098218e-77,0.0,-0.042514363267542876,3.920467638188815e-76,0.0,0.0,70.0,255.0,255.0,255.0
402,20.1,-3.053101325186356,-6.975702923376198e-78,-6.000000000000012,-0.6221650115028776,-1.428131101323472e-77,0.0,-0.04241315941753143,1.0361831631174324e-75,0.0,0.0,70.0,255.0,255.0,255.0
403,20.150000000000002,-3.084262565189567,-6.3320507689607545e-78,-6.000000000000012,-0.6242855670695047,5.316138034076107e-77,0.0,-0.04240770225405477,1.4963074735035428e-75,0.0,0.0,70.0,255.0,255.0,255.0
404,20.200000000000003,-3.1155298818933064,-1.659564889300091e-78,-6.000000000000012,-0.6264057817282831,1.3534943633711956e-76,0.0,-0.04230093032742133,1.4645104211082606e-75,0.0,0.0,70.0,255.0,255.0,255.0
405,20.25,-3.1469031433623953,7.202892864751203e-78,-6.000000000000012,-0.6285156601022468,1.9961242245158713e-76,0.0,-0.04188313994939463,5.295841230083557e-76,0.0,0.0,70.0,255.0,255.0,255.0
406,20.3,-3.178381447903531,1.8301677355858623e-77,-6.000000000000012,-0.6305940957232226,1.8830784863795513e-76,0.0,-0.04105258216107188,-1.4631384415150221e-75,0.0,0.0,70.0,255.0,255.0,255.0
407,20.35,-3.2099625529347176,2.603367772854672e-77,-6.000000000000012,-0.632620918318354,5.329857830008491e-77,0.0,-0.03995945403052481,-3.867088210701687e-75,0.0,0.0,70.0,255.0,255.0,255.0
408,20.400000000000002,-3.2416435397353665,2.3631535185867114e-77,-6.000000000000012,-0.634590041126275,-1.9840097243221357e-76,0.0,-0.038881099359944216,-5.584295514860242e-75,0.0,0.0,70.0,255.0,255.0,255.0
409,20.450000000000003,-3.273421557047345,6.193580485325362e-78,-6.000000000000012,-0.6365090282543484,-5.051309731859393e-76,0.0,-0.038084006312866236,-5.465627299790119e-75,0.0,0.0,70.0,255.0,255.0,255.0
410,20.5,-3.3052944425608013,-2.688156213272682e-77,-6.000000000000012,-0.6383984417575617,-7.449637024112255e-76,0.0,-0.03783531198200407,-1.9764348539489909e-75,0.0,0.0,70.0,255.0,255.0,255.0
411,20.55,-3.337261401223101,-6.83027897557972e-77,-6.000000000000012,-0.6402925594525488,-7.027744585808384e-76,0.0,-0.03825619386854662,5.460507002241206e-75,0.0,0.0,70.0,255.0,255.0,255.0
412,20.6,-3.369323698506056,-9.715900799081066e-77,-6.000000000000012,-0.6422240611444163,-1.9891300218710487e-76,0.0,-0.03914277737413485,1.4432169679689313e-74,0.0,0.0,70.0,255.0,255.0,255.0
413,20.650000000000002,-3.401483807337543,-8.819408997450769e-77,-6.000000000000012,-0.6442068371899623,7.404425093880929e-76,0.0,-0.040112469071695855,2.0840874585937426e-74,0.0,0.0,70.0,255.0,255.0,255.0
414,20.700000000000003,-3.4337443822250524,-2.3114757052001353e-77,-6.000000000000012,-0.6462353080515859,1.885174456406638e-75,0.0,-0.040777496635824306,2.039799877805222e-74,0.0,0.0,70.0,255.0,255.0,255.0
415,20.75,-3.4661073381427014,1.0032335566615612e-76,-6.000000000000012,-0.6482845868535447,2.780242387193315e-75,0.0,-0.040747640093607984,7.376155292787602e-75,0.0,0.0,70.0,255.0,255.0,255.0
416,20.8,-3.498572840910407,2.549094816673302e-76,-6.000000000000012,-0.6503100720609467,2.622789985685398e-75,0.0,-0.03983555611721812,-2.03788895674498e-74,0.0,0.0,70.0,255.0,255.0,255.0
417,20.85,-3.531138345348796,3.62602354234696e-76,-6.000000000000012,-0.6522681424652665,7.423534304483348e-76,0.0,-0.038279319923439914,-5.386159050805558e-74,0.0,0.0,70.0,255.0,255.0,255.0
418,20.900000000000002,-3.5637996551569335,3.291448247121637e-76,-6.000000000000012,-0.6541380040532907,-2.7633690651201594e-75,0.0,-0.03653998006494241,-7.777920282888946e-74,0.0,0.0,70.0,255.0,255.0,255.0
419,20.950000000000003,-3.596552145754125,8.626544772268003e-77,-6.000000000000012,-0.6559221404717608,-7.035566852440612e-75,0.0,-0.03508535446332672,-7.612636781241876e-74,0.0,0.0,70.0,255.0,255.0,255.0
420,21.0,-3.6293918692041096,-3.7441186053189756e-76,-6.000000000000012,-0.6576465394996234,-1.0376005846362035e-74,0.0,-0.03439408102279273,-2.752818631720145e-74,0.0,0.0,70.0,255.0,255.0,255.0
421,21.05,-3.6623167997040875,-9.513351369135236e-76,-6.000000000000012,-0.6593615485740401,-9.788385484160758e-75,0.0,-0.03470144180202084,7.6055051267558e-74,0.0,0.0,70.0,255.0,255.0,255.0
422,21.1,-3.6953280240615136,-1.3532504089479734e-75,-6.000000000000012,-0.6611166836798255,-2.770500719606236e-75,0.0,-0.035729127081340906,2.0101419235253303e-73,0.0,0.0,70.0,255.0,255.0,255.0
423,21.150000000000002,-3.72842846807207,-1.2283852088741472e-75,-6.000000000000012,-0.6629344612821741,1.0313033751092546e-74,0.0,-0.03693842651983914,2.9027593672962054e-73,0.0,0.0,70.0,255.0,255.0,255.0
424,21.200000000000003,-3.761621470189731,-3.2194703383871874e-76,-6.000000000000012,-0.6648105263318094,2.6257092953355816e-74,0.0,-0.03779465194515552,2.841074724716228e-73,0.0,0.0,70.0,255.0,255.0,255.0
425,21.25,-3.794909520705251,1.3973240864614345e-75,-6.000000000000012,-0.6667139264766897,3.872378099825483e-74,0.0,-0.03776013837870629,1.0273658997601803e-73,0.0,0.0,70.0,255.0,255.0,255.0
426,21.3,-3.8282928628374,3.5504310659867645e-75,-6.000000000000012,-0.66858654016968,3.653075195095762e-74,0.0,-0.036571730287038307,-2.8384131550278216e-73,0.0,0.0,70.0,255.0,255.0,255.0
427,21.35,-3.861768174722219,5.050399281557197e-75,-6.000000000000012,-0.6703710995053935,1.0339649447976612e-74,0.0,-0.03453675916400556,-7.501951789020763e-73,0.0,0.0,70.0,255.0,255.0,255.0
428,21.400000000000002,-3.8953299727879394,4.584396010784426e-75,-6.000000000000012,-0.6720402160860806,-3.848876593925002e-74,0.0,-0.03225456560453921,-1.0833245440895924e-72,0.0,0.0,70.0,255.0,255.0,255.0
429,21.450000000000003,-3.928972196330827,1.2015226876321952e-75,-6.000000000000012,-0.6735965560658475,-9.799280496098264e-74,0.0,-0.03032195850227737,-1.0603035220740722e-72,0.0,0.0,70.0,255.0,255.0,255.0
430,21.5,-3.962689628394524,-5.214884485313839e-75,-6.000000000000012,-0.6750724119363083,-1.4451911814665724e-73,0.0,-0.029325272221658594,-3.8341817358687076e-73,0.0,0.0,70.0,255.0,255.0,255.0
431,21.55,-3.996479437524458,-1.3250389127033531e-74,-6.000000000000012,-0.6765290832880133,-1.3633462231966972e-73,0.0,-0.029558583436273267,1.0593102107435708e-72,0.0,0.0,70.0,255.0,255.0,255.0
432,21.6,-4.030342536723325,-1.884834671728081e-74,-6.000000000000012,-0.6780282702799356,-3.858809707230016e-74,0.0,-0.030748544887426732,2.799766523255772e-72,0.0,0.0,70.0,255.0,255.0,255.0
433,21.650000000000002,-4.0642822645524515,-1.7109198834263547e-74,-6.000000000000012,-0.679603937776756,1.4364203000590748e-73,0.0,-0.03233776327689064,4.043022239628747e-72,0.0,0.0,70.0,255.0,255.0,255.0
434,21.700000000000003,-4.098302930501001,-4.484143716690062e-75,-6.000000000000012,-0.6812620466076247,3.657141268905746e-73,0.0,-0.033764880013631426,3.9571066158246667e-72,0.0,0.0,70.0,255.0,255.0,255.0
435,21.75,-4.132408469213214,1.9462213854793917e-74,-6.000000000000012,-0.6829804257781191,5.393526915883742e-73,0.0,-0.0344828286783283,1.430936104371467e-72,0.0,0.0,70.0,255.0,255.0,255.0
436,21.8,-4.166600973078813,4.945112544214736e-74,-6.000000000000012,-0.6847103294754575,5.088077373277213e-73,0.0,-0.03420130193436677,-3.9533995274715e-72,0.0,0.0,70.0,255.0,255.0,255.0
437,21.85,-4.20087950216076,7.034298758756605e-74,-6.000000000000012,-0.6864005559715558,1.440127388412242e-73,0.0,-0.033083513500642425,-1.044887091412101e-71,0.0,0.0,70.0,255.0,255.0,255.0
438,21.900000000000002,-4.2352410286759685,6.385239932626978e-74,-6.000000000000012,-0.6880186808255218,-5.360793540843799e-73,0.0,-0.03149908991373351,-1.5088764414425406e-71,0.0,0.0,70.0,255.0,255.0,255.0
439,21.950000000000003,-4.269681370243312,1.6735052179128052e-74,-6.000000000000012,-0.6895504649629292,-1.3648637026013165e-72,0.0,-0.02981889440452079,-1.4768122941224595e-71,0.0,0.0,70.0,255.0,255.0,255.0
440,22.0,-4.304196075172261,-7.263397093386186e-74,-6.000000000000012,-0.6910005702659738,-2.0128916482068395e-72,0.0,-0.028407375768146892,-5.340326243898989e-72,0.0,0.0,70.0,255.0,255.0,255.0
441,22.05,-4.338781427269909,-1.8455411264155592e-73,-6.000000000000012,-0.6923912025397438,-1.8988963269912154e-72,0.0,-0.02747453050337967,1.4754287899142426e-71,0.0,0.0,70.0,255.0,255.0,255.0
442,22.1,-4.373435195426236,-2.6252360363298343e-73,-6.000000000000012,-0.6937480233163118,-5.3746285829259675e-73,0.0,-0.026989195981741432,3.899571713322827e-71,0.0,0.0,70.0,255.0,255.0,255.0
443,22.150000000000002,-4.40815622960154,-2.383003984708156e-73,-6.000000000000012,-0.695090122137918,2.0006753863316125e-72,0.0,-0.026836599679747053,5.631203541807286e-71,0.0,0.0,70.0,255.0,255.0,255.0
444,22.200000000000003,-4.442944207640028,-6.245606499982216e-74,-6.000000000000012,-0.6964316832842865,5.093740683514689e-72,0.0,-0.026911430481035836,5.511538514907371e-71,0.0,0.0,70.0,255.0,255.0,255.0
445,22.25,-4.477799397929969,2.7107366988065338e-73,-6.000000000000012,-0.6977812651860216,7.512213901238983e-72,0.0,-0.027103705544906376,1.993036887122448e-71,0.0,0.0,70.0,255.0,255.0,255.0
446,22.3,-4.51272233415863,6.887653251240762e-73,-6.000000000000012,-0.6991420538387771,7.086777570637137e-72,0.0,-0.027335541086070947,-5.506375206909821e-71,0.0,0.0,70.0,255.0,255.0,255.0
447,22.35,-4.547713603313847,9.797514269443672e-73,-6.000000000000012,-0.7005148192946287,2.0058386943291616e-72,0.0,-0.027559795812237553,-1.4553399761879204e-70,0.0,0.0,70.0,255.0,255.0,255.0
448,22.400000000000002,-4.582773816088093,8.893491945569923e-73,-6.000000000000012,-0.7018980334200009,-7.466622191242068e-72,0.0,-0.027711900645410736,-2.10159377257866e-70,0.0,0.0,70.0,255.0,255.0,255.0
449,22.450000000000003,-4.617903406655847,2.330892078201604e-73,-6.000000000000012,-0.7032860093591697,-1.901009903145744e-71,0.0,-0.027710208846354334,-2.0569341765507023e-70,0.0,0.0,70.0,255.0,255.0,255.0
450,22.5,-4.65310241702401,-1.0116607085887519e-72,-6.000000000000012,-0.7046690543046363,-2.803596395674909e-71,0.0,-0.027481764756132065,-7.438114924099898e-71,0.0,0.0,70.0,255.0,255.0,255.0
451,22.55,-4.6883703120863105,-2.570507187854749e-72,-6.000000000000012,-0.706034185834783,-2.6448213955557337e-71,0.0,-0.02699607904501633,2.0550072037725042e-70,0.0,0.0,70.0,255.0,255.0,255.0
452,22.6,-4.723705835607488,-3.656482104144486e-72,-6.000000000000012,-0.707368662209138,-7.485891919024047e-72,0.0,-0.026296096293432214,5.4314027334193986e-70,0.0,0.0,70.0,255.0,255.0,255.0
453,22.650000000000002,-4.759107178307224,-3.319096379757154e-72,-6.000000000000012,-0.7086637954641262,2.7865813378636654e-71,0.0,-0.025472161375184044,7.843254736133912e-70,0.0,0.0,70.0,255.0,255.0,255.0
454,22.700000000000003,-4.7945722151539005,-8.699007662808204e-73,-6.000000000000012,-0.7099158783466564,7.094665544231508e-71,0.0,-0.024627221313089365,7.676582854712075e-70,0.0,0.0,70.0,255.0,255.0,255.0
455,22.75,-4.83009876614189,3.7755691644743544e-72,-6.000000000000012,-0.7111265175954351,1.0463164192575742e-70,0.0,-0.023857254078674117,2.775942280927718e-70,0.0,0.0,70.0,255.0,255.0,255.0
456,22.8,-4.865684866913444,9.593263426294921e-72,-6.000000000000012,-0.7123016037545238,9.870607825159227e-71,0.0,-0.023219629913473483,-7.669391294399038e-70,0.0,0.0,70.0,255.0,255.0,255.0
457,22.85,-4.901328926517342,1.364617698963358e-71,-6.000000000000012,-0.7134484805867825,2.7937728981767025e-71,0.0,-0.02273218265003152,-2.0270270957489682e-69,0.0,0.0,70.0,255.0,255.0,255.0
458,22.900000000000002,-4.937029714972122,1.2387036324471624e-71,-6.000000000000012,-0.7145748220195269,-1.0399663132330458e-70,0.0,-0.02240392937817859,-2.927142517195699e-69,0.0,0.0,70.0,255.0,255.0,255.0
459,22.950000000000003,-4.972786408719295,3.246513857303122e-72,-6.000000000000012,-0.7156888735246003,-2.647765227378029e-70,0.0,-0.022240393080874554,-2.864939724229759e-69,0.0,0.0,70.0,255.0,255.0,255.0
460,23.0,-5.008598602324582,-1.4090615949308666e-71,-6.000000000000012,-0.7167988613276144,-3.904906037462805e-70,0.0,-0.02224520960565357,-1.035995763130087e-69,0.0,0.0,70.0,255.0,255.0,255.0
461,23.05,-5.044466294852056,-3.5802546517324935e-71,-6.000000000000012,-0.7179133944851657,-3.683760990508116e-70,0.0,-0.022406426942378488,2.8622557973823635e-69,0.0,0.0,70.0,255.0,255.0,255.0
462,23.1,-5.080389941773099,-5.092822585438983e-71,-6.000000000000012,-0.7190395040218522,-1.0426502400804411e-70,0.0,-0.022654333944771565,7.564968109653931e-69,0.0,0.0,70.0,255.0,255.0,255.0
463,23.150000000000002,-5.116370245254242,-4.6229048918129346e-71,-6.000000000000012,-0.7201788278796428,3.8812071191458157e-70,0.0,-0.022871281951442057,1.0924244595169403e-68,0.0,0.0,70.0,255.0,255.0,255.0
464,23.200000000000003,-5.152407824561063,-1.2116154662931669e-71,-6.000000000000012,-0.7213266322169964,9.881594355088964e-70,0.0,-0.022932232005068443,1.0692100611447828e-68,0.0,0.0,70.0,255.0,255.0,255.0
465,23.25,-5.188502908475941,5.25868946327603e-71,-6.000000000000012,-0.7224720510801497,1.4573307730593645e-69,0.0,-0.022717898173851836,3.8663888244275796e-69,0.0,0.0,70.0,255.0,255.0,255.0
466,23.3,-5.224655029669078,1.336169226430048e-70,-6.000000000000012,-0.7235984220343816,1.3747983179516543e-69,0.0,-0.02217414949612362,-1.068208406008955e-68,0.0,0.0,70.0,255.0,255.0,255.0
467,23.35,-5.2608627506793795,1.9006672642792573e-70,-6.000000000000012,-0.724689466029762,3.891223670504095e-70,0.0,-0.02137495709568782,-2.823284534286676e-68,0.0,0.0,70.0,255.0,255.0,255.0
468,23.400000000000002,-5.297123976272054,1.7252915934804574e-70,-6.000000000000012,-0.7257359177439504,-1.448486216335022e-69,0.0,-0.020467306453308964,-4.076983586348192e-68,0.0,0.0,70.0,255.0,255.0,255.0
469,23.450000000000003,-5.3334363424537745,4.521810479442352e-71,-6.000000000000012,-0.7267361966750929,-3.6878612192977827e-69,0.0,-0.01961016607872068,-3.990346272156154e-68,0.0,0.0,70.0,255.0,255.0,255.0
470,23.5,-5.369797595939564,-1.9625696258173256e-70,-6.000000000000012,-0.7276969343518225,-5.438832488491177e-69,0.0,-0.018971216345597952,-1.4429559534580219e-68,0.0,0.0,70.0,255.0,255.0,255.0
471,23.55,-5.406206035888957,-4.9866514405469426e-70,-6.000000000000012,-0.7286333183096527,-5.130817172755805e-69,0.0,-0.018636462251997443,3.986608044297585e-68,0.0,0.0,70.0,255.0,255.0,255.0
472,23.6,-5.442660927770529,-7.093386798573131e-70,-6.000000000000012,-0.7295605805770222,-1.4522244441935918e-69,0.0,-0.018522201309600916,1.0536641326181309e-67,0.0,0.0,70.0,255.0,255.0,255.0
473,23.650000000000002,-5.479162093946659,-6.438875884740534e-70,-6.000000000000012,-0.7304855384406128,5.405824153425505e-69,0.0,-0.018463967760240507,1.5215509885875822e-67,0.0,0.0,70.0,255.0,255.0,255.0
474,23.700000000000003,-5.51570948161459,-1.687562645147625e-70,-6.000000000000012,-0.7314069773530463,1.376328544168223e-68,0.0,-0.018300017432970606,1.489217502747984e-67,0.0,0.0,70.0,255.0,255.0,255.0
475,23.75,-5.552302791681964,7.324409556941697e-70,-6.000000000000012,-0.7323155401839099,2.0297999180905346e-68,0.0,-0.017857283063893448,5.385184931389332e-68,0.0,0.0,70.0,255.0,255.0,255.0
476,23.8,-5.588941035632981,1.8610436535757723e-69,-6.000000000000012,-0.7331927056594356,1.9148470373071564e-68,0.0,-0.01705342806888055,-1.487822377118139e-67,0.0,0.0,70.0,255.0,255.0,255.0
477,23.85,-5.625622062247907,2.647287993001326e-69,-6.000000000000012,-0.7340208829907979,5.419775409723954e-69,0.0,-0.01601894162828188,-3.932328077043857e-67,0.0,0.0,70.0,255.0,255.0,255.0
478,23.900000000000002,-5.662343123932061,2.4030211945481676e-69,-6.000000000000012,-0.7347945998222638,-2.0174810397367005e-68,0.0,-0.014994118543576462,-5.6785055957155096e-67,0.0,0.0,70.0,255.0,255.0,255.0
479,23.950000000000003,-5.6991015222301336,6.298069532646259e-70,-6.000000000000012,-0.7355202948451556,-5.136528054743115e-68,0.0,-0.014209624329541981,-5.5578353837763195e-67,0.0,0.0,70.0,255.0,255.0,255.0
480,24.0,-5.7358951534165765,-2.733506860194947e-69,-6.000000000000012,-0.736215562255218,-7.57531642351302e-68,0.0,-0.013887576806403956,-2.0097783772099318e-67,0.0,0.0,70.0,255.0,255.0,255.0
481,24.05,-5.772723078455655,-6.945509470248395e-69,-6.000000000000012,-0.736909052525796,-7.1463064319530464e-68,0.0,-0.01413071125302423,5.5526287040427955e-67,0.0,0.0,70.0,255.0,255.0,255.0
482,24.1,-5.809586058669156,-9.879813292147994e-69,-6.000000000000012,-0.7376286333805204,-2.022687719470225e-68,0.0,-0.01479578509115953,1.4675648175557297e-66,0.0,0.0,70.0,255.0,255.0,255.0
483,24.150000000000002,-5.846485941793707,-8.96819718971862e-69,-6.000000000000012,-0.7383886310349119,7.52934174360425e-68,0.0,-0.01560412683030421,2.1192471394274464e-66,0.0,0.0,70.0,255.0,255.0,255.0
484,24.200000000000003,-5.883424921772647,-2.3504715485437434e-69,-6.000000000000012,-0.7391890460635508,1.916978367480424e-67,0.0,-0.016269224176568287,2.0742124032357304e-66,0.0,0.0,70.0,255.0,255.0,255.0
485,24.25,-5.9204048464000625,1.0201586485085619e-68,-6.000000000000012,-0.7400155534525688,2.8271465775961554e-67,0.0,-0.016512409710145448,7.500595015700793e-67,0.0,0.0,70.0,255.0,255.0,255.0
486,24.3,-5.957426477117904,2.5920994227417813e-68,-6.000000000000012,-0.7408402870345654,2.6670378690505033e-67,0.0,-0.01619044020584326,-2.0722692439053048e-66,0.0,0.0,70.0,255.0,255.0,255.0
487,24.35,-5.994488875103519,3.6871965175590652e-68,-6.000000000000012,-0.7416345974731531,7.548773336908506e-68,0.0,-0.015406029896070095,-5.477026462518534e-66,0.0,0.0,70.0,255.0,255.0,255.0
488,24.400000000000002,-6.0315899368652195,3.346976756432632e-68,-6.000000000000012,-0.7423808900241724,-2.8099885934680308e-67,0.0,-0.014381262247020743,-7.909137998138234e-66,0.0,0.0,70.0,255.0,255.0,255.0
489,24.450000000000003,-6.068726964105936,8.772079240910342e-69,-6.000000000000012,-0.7430727236978552,-7.154260664447384e-67,0.0,-0.013346765676303107,-7.741066074565289e-66,0.0,0.0,70.0,255.0,255.0,255.0
490,24.5,-6.105897209235005,-3.807283908014753e-68,-6.000000000000012,-0.7437155665918027,-1.0551054668033319e-66,0.0,-0.012542784352831404,-2.7992601685593223e-66,0.0,0.0,70.0,255.0,255.0,255.0
491,24.55,-6.1430985207651165,-9.673846743942284e-68,-6.000000000000012,-0.7443270021331383,-9.953520833006706e-67,0.0,-0.01209978899652242,7.73381410521694e-66,0.0,0.0,70.0,255.0,255.0,255.0
492,24.6,-6.180329909448319,-1.376080474102146e-67,-6.000000000000012,-0.744925545491455,-2.817240562816379e-67,0.0,-0.011935526560158394,2.0440541032518405e-65,0.0,0.0,70.0,255.0,255.0,255.0
493,24.650000000000002,-6.217591075314262,-1.2491087306758663e-67,-6.000000000000012,-0.7455205547891541,1.0487020199511699e-66,0.0,-0.011877071268173722,2.951730485312548e-65,0.0,0.0,70.0,255.0,255.0,255.0
494,24.700000000000003,-6.254881964927234,-3.273784541509761e-68,-6.000000000000012,-0.7461132526182723,2.6700064290309103e-66,0.0,-0.011762827337324921,2.8890051895025405e-65,0.0,0.0,70.0,255.0,255.0,255.0
495,24.75,-6.292202400576089,1.4208976983550442e-67,-6.000000000000012,-0.7466968375228866,3.9377072094537104e-66,0.0,-0.011428527469892202,1.044698117266721e-65,0.0,0.0,70.0,255.0,255.0,255.0
496,24.8,-6.329551648679523,3.6103287553027345e-67,-6.000000000000012,-0.7472561053652615,3.714704546297631e-66,0.0,-0.010790543668282027,-2.8862987176962434e-65,0.0,0.0,70.0,255.0,255.0,255.0
497,24.85,-6.366928011112615,5.135602244652676e-67,-6.000000000000012,-0.7477758918897148,1.0514084917574668e-66,0.0,-0.009934567825986562,-7.628513766755504e-65,0.0,0.0,70.0,255.0,255.0,255.0
498,24.900000000000002,-6.404329237868494,4.661737247060201e-67,-6.000000000000012,-0.7482495621478602,-3.9138092204578743e-66,0.0,-0.009027748717826967,-1.1016008141436374e-64,0.0,0.0,70.0,255.0,255.0,255.0
499,24.950000000000003,-6.441752967327401,1.2217930241948012e-67,-6.000000000000012,-0.7486786667614975,-9.964599649678907e-66,0.0,-0.008228498401319229,-1.0781914150553641e-64,0.0,0.0,70.0,255.0,255.0,255.0
500,25.0,-6.479197104544644,-5.3028624026187055e-67,-6.000000000000012,-0.7490724119879921,-1.4695723371011516e-65,0.0,-0.00768305914684575,-3.898866452210949e-65,0.0,0.0,70.0,255.0,255.0,255.0
501,25.05,-6.516660208526201,-1.3473930346816716e-66,-6.000000000000012,-0.7494469726761821,-1.3863466101889856e-65,0.0,-0.007465122577432481,1.0771813460263284e-64,0.0,0.0,70.0,255.0,255.0,255.0
502,25.1,-6.554141801812262,-1.9166328504508564e-66,-6.000000000000012,-0.7498189242457354,-3.9239099107482315e-66,0.0,-0.007521726611781077,2.8470000963770186e-64,0.0,0.0,70.0,255.0,255.0,255.0
503,25.150000000000002,-6.591642100950774,-1.7397840257564947e-66,-6.000000000000012,-0.7501991453373602,1.4606534861880332e-65,0.0,-0.007735570224198796,4.111230208043295e-64,0.0,0.0,70.0,255.0,255.0,255.0
504,25.200000000000003,-6.629161716345998,-4.5597936426282323e-67,-6.000000000000012,-0.7505924812681553,3.7188392169684715e-65,0.0,-0.00798369187808845,4.023865141271201e-64,0.0,0.0,70.0,255.0,255.0,255.0
505,25.25,-6.66670134907759,1.9790551912119768e-66,-6.000000000000012,-0.750997514525169,5.4845186274592345e-65,0.0,-0.008151217294738444,1.4550767691577081e-64,0.0,0.0,70.0,255.0,255.0,255.0
506,25.3,-6.704261467798515,5.028539263196411e-66,-6.000000000000012,-0.7514076029976291,5.17391598612618e-65,0.0,-0.008169478842035005,-4.020095512335689e-64,0.0,0.0,70.0,255.0,255.0,255.0
507,25.35,-6.741842109377353,7.152971177338157e-66,-6.000000000000012,-0.7518144624093726,1.464423115123545e-65,0.0,-0.008022162089993401,-1.0625149008832524e-63,0.0,0.0,70.0,255.0,255.0,255.0
508,25.400000000000002,-6.7794429140394525,6.492962378319956e-66,-6.000000000000012,-0.7522098192066284,-5.451233022706345e-65,0.0,-0.007705494861198758,-1.5343320018029536e-63,0.0,0.0,70.0,255.0,255.0,255.0
509,25.450000000000003,-6.8170630912980155,1.7017381546318113e-66,-6.000000000000012,-0.7525850118954924,-1.3878896902905993e-64,0.0,-0.007217246908108876,-1.5017269150029437e-63,0.0,0.0,70.0,255.0,255.0,255.0
510,25.5,-6.854701415229002,-7.385934524586038e-66,-6.000000000000012,-0.7529315438974393,-2.0468502172735783e-64,0.0,-0.006556080998354474,-5.430420431409742e-64,0.0,0.0,70.0,255.0,255.0,255.0
511,25.55,-6.892356245687759,-1.8766764018103974e-65,-6.000000000000012,-0.7532406199953279,-1.9309317334315736e-64,0.0,-0.005735936412065712,1.5003200703316425e-63,0.0,0.0,70.0,255.0,255.0,255.0
512,25.6,-6.930025477228535,-2.669525185890177e-65,-6.000000000000012,-0.7535051375386459,-5.465301469419357e-65,0.0,-0.004830464188732009,3.965359593895308e-63,0.0,0.0,70.0,255.0,255.0,255.0
513,25.650000000000002,-6.967706759441624,-2.423206548752333e-65,-6.000000000000012,-0.7537236664142011,2.0344278604637346e-64,0.0,-0.003963289492503463,5.726204986407486e-63,0.0,0.0,70.0,255.0,255.0,255.0
514,25.700000000000003,-7.005397843869955,-6.350973254264424e-66,-6.000000000000012,-0.7539014664878962,5.1796748394655514e-64,0.0,-0.0032662948495243427,5.604521145884655e-63,0.0,0.0,70.0,255.0,255.0,255.0
515,25.75,-7.043096906090414,2.756468290713218e-65,-6.000000000000012,-0.7540502958991535,7.638949006348391e-64,0.0,-0.0028684680355439696,2.0266604956481244e-63,0.0,0.0,70.0,255.0,255.0,255.0
516,25.8,-7.08080287345987,7.0038516809219494e-65,-6.000000000000012,-0.7541883132914506,7.206335335113676e-64,0.0,-0.0028272883286994954,-5.599270730093002e-63,0.0,0.0,70.0,255.0,255.0,255.0
517,25.85,-7.118515737419559,9.962803625826894e-65,-6.000000000000012,-0.7543330247320235,2.039678276255389e-64,0.0,-0.003051505630580209,-1.4798923474697978e-62,0.0,0.0,70.0,255.0,255.0,255.0
518,25.900000000000002,-7.156236175933072,9.043529957177339e-65,-6.000000000000012,-0.7544934638545087,-7.592588139584303e-64,0.0,-0.003364983533415966,-2.1370487943826992e-62,0.0,0.0,70.0,255.0,255.0,255.0
519,25.950000000000003,-7.1939650838050095,2.37021548624259e-65,-6.000000000000012,-0.7546695230853651,-1.9330809667571603e-63,0.0,-0.003584799801359395,-2.0916357668535677e-62,0.0,0.0,70.0,255.0,255.0,255.0
520,26.0,-7.231703128241609,-1.0287279710394265e-64,-6.000000000000012,-0.7548519438346446,-2.8508945808119984e-63,0.0,-0.0035340561828078876,-7.563599939451527e-63,0.0,0.0,70.0,255.0,255.0,255.0
521,26.05,-7.269450278188474,-2.6138730321877398e-64,-6.000000000000012,-0.7550229287036458,-2.689440960702313e-63,0.0,-0.0031216235599096365,2.089676285004036e-62,0.0,0.0,70.0,255.0,255.0,255.0
522,26.1,-7.3072054211119735,-3.71816893174174e-64,-6.000000000000012,-0.7551641061906356,-7.612182958079619e-64,0.0,-0.0024089212148581396,5.523033430489662e-62,0.0,0.0,70.0,255.0,255.0,255.0
523,26.150000000000002,-7.344966688807538,-3.375091327995702e-64,-6.000000000000012,-0.7552638208251317,2.833592469787348e-63,0.0,-0.00153136844840418,7.975574678890045e-62,0.0,0.0,70.0,255.0,255.0,255.0
524,26.200000000000003,-7.382731803194487,-8.845764619543916e-65,-6.000000000000012,-0.755317243035476,7.214356383082085e-63,0.0,-0.0006277926585696036,7.806090952825803e-62,0.0,0.0,70.0,255.0,255.0,255.0
525,26.25,-7.420498413111085,3.839265055086383e-64,-6.000000000000012,-0.7553266000909886,1.063968342261315e-62,0.0,0.0001687020916740778,2.822773926215795e-62,0.0,0.0,70.0,255.0,255.0,255.0
526,26.3,-7.4582644632035855,9.755106960658761e-64,-6.000000000000012,-0.7553003728263086,1.003713030929788e-62,0.0,0.0007810086760429158,-7.798778067006842e-62,0.0,0.0,70.0,255.0,255.0,255.0
527,26.35,-7.496028450393716,1.3876395364384264e-63,-6.000000000000012,-0.7552484992233843,2.840905355606308e-63,0.0,0.001210826853004221,-2.0612241374488837e-61,0.0,0.0,70.0,255.0,255.0,255.0
528,26.400000000000002,-7.533789313125924,1.259601231626507e-63,-6.000000000000012,-0.7551792901410082,-1.0575111065190957e-62,0.0,0.001485981802584746,-2.9765249921177487e-61,0.0,0.0,70.0,255.0,255.0,255.0
529,26.450000000000003,-7.571546379407817,3.301284299193306e-64,-6.000000000000012,-0.7550999010431259,-2.692434456557118e-62,0.0,0.0016364832555737507,-2.9132728044449657e-61,0.0,0.0,70.0,255.0,255.0,255.0
530,26.5,-7.6092993032302365,-1.4328332249306112e-63,-6.000000000000012,-0.7550156418154508,-3.970783910964061e-62,0.0,0.0017032571406616626,-1.053473571091804e-61,0.0,0.0,70.0,255.0,255.0,255.0
531,26.55,-7.647047943589362,-3.6406554810447315e-63,-6.000000000000012,-0.7549295753290597,-3.745908027648922e-62,0.0,0.001716563215392597,2.9105435983023354e-61,0.0,0.0,70.0,255.0,255.0,255.0
532,26.6,-7.6847922607631425,-5.178741252579534e-63,-6.000000000000012,-0.7548439854939115,-1.0602403126617262e-62,0.0,0.0016864529627902414,7.692593206746573e-61,0.0,0.0,70.0,255.0,255.0,255.0
533,26.650000000000002,-7.722532342138753,-4.700895793706458e-63,-6.000000000000012,-0.7547609300327807,3.9466851790976505e-62,0.0,0.0016282803988687533,1.1108542500581986e-60,0.0,0.0,70.0,255.0,255.0,255.0
534,26.700000000000003,-7.7602683537664205,-1.2320560734818827e-63,-6.000000000000012,-0.7546811574540246,1.004830218792026e-61,0.0,0.0015675472818443836,1.0872482122497276e-60,0.0,0.0,70.0,255.0,255.0,255.0
535,26.75,-7.7980004578841555,5.347406394213805e-63,-6.000000000000012,-0.7546041753045962,1.4819167301594927e-61,0.0,0.0015143066417699913,3.931616891745637e-61,0.0,0.0,70.0,255.0,255.0,255.0
536,26.8,-7.83572877129688,1.3587111228113045e-62,-6.000000000000012,-0.7545297267898476,1.3979919079665898e-61,0.0,0.0014794517492866532,-1.0862296586508651e-60,0.0,0.0,70.0,255.0,255.0,255.0
537,26.85,-7.87345343056314,1.9327325473879702e-62,-6.000000000000012,-0.7544562301296676,3.956870715086276e-62,0.0,0.0015206573329429318,-2.8709148689537393e-60,0.0,0.0,70.0,255.0,255.0,255.0
538,26.900000000000002,-7.911174394309847,1.754398194319932e-62,-6.000000000000012,-0.7543776610565534,-1.4729229609871499e-61,0.0,0.0017236005648513242,-4.1457645010210193e-60,0.0,0.0,70.0,255.0,255.0,255.0
539,26.950000000000003,-7.948891196668796,4.598095864008202e-63,-6.000000000000012,-0.7542838700731824,-3.750077429512392e-61,0.0,0.0021599010429085297,-4.0576655685544147e-60,0.0,0.0,70.0,255.0,255.0,255.0
540,27.0,-7.986602781317165,-1.9956792351924607e-62,-6.000000000000012,-0.7541616709522625,-5.530588529541565e-61,0.0,0.002891451023767644,-1.4672993995890742e-60,0.0,0.0,70.0,255.0,255.0,255.0
541,27.05,-8.024307363764022,-5.070778943140745e-62,-6.000000000000012,-0.7539947249708057,-5.217376829101466e-61,0.0,0.003933741676487301,4.053864274773226e-60,0.0,0.0,70.0,255.0,255.0,255.0
542,27.1,-8.062002253814246,-7.2130560642939275e-62,-6.000000000000012,-0.7537682967846138,-1.4767242547683384e-61,0.0,0.0051883069838609686,1.0714400155140301e-59,0.0,0.0,70.0,255.0,255.0,255.0
543,27.150000000000002,-8.099684193442483,-6.547503197909084e-62,-6.000000000000012,-0.7534758942724196,5.497023326038836e-61,0.0,0.006477410581773313,1.5472203754025885e-59,0.0,0.0,70.0,255.0,255.0,255.0
544,27.200000000000003,-8.137349843241488,-1.7160327382550918e-62,-6.000000000000012,-0.7531205557264364,1.3995479499257546e-60,0.0,0.007614387006427137,1.5143414061967931e-59,0.0,0.0,70.0,255.0,255.0,255.0
545,27.25,-8.174996249015127,7.447976301348464e-62,-6.000000000000012,-0.7527144555717769,2.064043738800677e-60,0.0,0.008431870614877823,5.476035909181731e-60,0.0,0.0,70.0,255.0,255.0,255.0
546,27.3,-8.212621288798665,1.892440464975168e-61,-6.000000000000012,-0.7522773686649487,1.9471515408439278e-60,0.0,0.008845068725804595,-1.5129227440442046e-59,0.0,0.0,70.0,255.0,255.0,255.0
547,27.35,-8.250223985881622,2.6919491709787744e-61,-6.000000000000012,-0.7518299486991964,5.511209947564724e-61,0.0,0.008893294218914605,-3.998668575160747e-59,0.0,0.0,70.0,255.0,255.0,255.0
548,27.400000000000002,-8.287804283668585,2.4435614597316403e-61,-6.000000000000012,-0.7513880392430572,-2.0515170343168194e-60,0.0,0.008680416781103872,-5.7743050515082515e-59,0.0,0.0,70.0,255.0,255.0,255.0
549,27.450000000000003,-8.325362789805927,6.4043213666195505e-62,-6.000000000000012,-0.750961907021086,-5.223184056751779e-60,0.0,0.008328751397534973,-5.651599067931732e-59,0.0,0.0,70.0,255.0,255.0,255.0
550,27.5,-8.362900474370694,-2.779622597020139e-61,-6.000000000000012,-0.7505551641033037,-7.703116102248552e-60,0.0,0.007965122461150997,-2.0436844237137844e-59,0.0,0.0,70.0,255.0,255.0,255.0
551,27.55,-8.400418306216258,-7.062683965586597e-61,-6.000000000000012,-0.7501653947749709,-7.266868480465563e-60,0.0,0.0076711582460475825,5.646304548699497e-59,0.0,0.0,70.0,255.0,255.0,255.0
552,27.6,-8.43791701384819,-1.0046491077485703e-60,-6.000000000000012,-0.7497880482786989,-2.0568115535490542e-60,0.0,0.007475718937577369,1.4923234285128953e-58,0.0,0.0,70.0,255.0,255.0,255.0
553,27.650000000000002,-8.475397111044128,-9.119495519135651e-61,-6.000000000000012,-0.7494178228812132,7.656365804663391e-60,0.0,0.007406236978191316,2.1549999830630417e-58,0.0,0.0,70.0,255.0,255.0,255.0
554,27.700000000000003,-8.512858796136312,-2.3901252728223104e-61,-6.000000000000012,-0.7490474245808798,1.949318827708136e-59,0.0,0.007495782228161829,2.1092054865530137e-58,0.0,0.0,70.0,255.0,255.0,255.0
555,27.75,-8.550301853502216,1.037369275794571e-60,-6.000000000000012,-0.748668244658397,2.8748420670193526e-59,0.0,0.0077596675138735804,7.627134103936963e-59,0.0,0.0,70.0,255.0,255.0,255.0
556,27.8,-8.587725620602152,2.635829539737122e-60,-6.000000000000012,-0.7482714578294924,2.7120322381018325e-59,0.0,0.008198037218143384,-2.107229545075378e-58,0.0,0.0,70.0,255.0,255.0,255.0
557,27.85,-8.625128999285165,3.7494015138964036e-60,-6.000000000000012,-0.7478484409365826,7.676125219439746e-60,0.0,0.00880028690630752,-5.5694268565355074e-58,0.0,0.0,70.0,255.0,255.0,255.0
558,27.900000000000002,-8.66251046469581,3.4034420616810964e-60,-6.000000000000012,-0.7473914291388617,-2.8573946184336753e-59,0.0,0.009536500107110157,-8.04256942710134e-58,0.0,0.0,70.0,255.0,255.0,255.0
559,27.950000000000003,-8.699868142199051,8.920068954627283e-61,-6.000000000000012,-0.7468947909258716,-7.274956905157366e-59,0.0,0.010355718756649424,-7.87166203941888e-58,0.0,0.0,70.0,255.0,255.0,255.0
560,28.0,-8.737199943788397,-3.87151484347627e-60,-6.000000000000012,-0.7463558572631968,-1.0729056657852557e-58,0.0,0.011204132893105623,-2.846485199203408e-58,0.0,0.0,70.0,255.0,255.0,255.0
561,28.05,-8.77450372792537,-9.837049762389828e-60,-6.000000000000012,-0.7457743776365611,-1.0121442104360774e-58,0.0,0.012044291950452646,7.864287725431561e-58,0.0,0.0,70.0,255.0,255.0,255.0
562,28.1,-8.811777381552053,-1.3992956947837046e-59,-6.000000000000012,-0.7451514280681515,-2.8647689324209945e-59,0.0,0.012844998237859784,2.0785383997629134e-57,0.0,0.0,70.0,255.0,255.0,255.0
563,28.150000000000002,-8.849018870732186,-1.2701818694810823e-59,-6.000000000000012,-0.7444898778127751,1.0663941893268363e-58,0.0,0.013564219468165106,3.001527772534232e-57,0.0,0.0,70.0,255.0,255.0,255.0
564,28.200000000000003,-8.88622636933333,-3.329015054568683e-60,-6.000000000000012,-0.743795006121335,2.715050879292133e-58,0.0,0.014162368385228774,2.9377442671122507e-57,0.0,0.0,70.0,255.0,255.0,255.0
565,28.25,-8.92339837134432,1.4448690098110511e-59,-6.000000000000012,-0.7430736409742522,4.004138456439087e-58,0.0,0.014623800915636309,1.062322738641994e-57,0.0,0.0,70.0,255.0,255.0,255.0
566,28.3,-8.960533733430756,3.671236950982219e-59,-6.000000000000012,-0.7423326260297713,3.777373617934127e-58,0.0,0.01494376934090269,-2.9349921356650856e-57,0.0,0.0,70.0,255.0,255.0,255.0
567,28.35,-8.997631633947297,5.222242627745178e-59,-6.000000000000012,-0.741579264040162,1.0691463207740008e-58,0.0,0.015103263264393263,-7.757210913398104e-57,0.0,0.0,70.0,255.0,255.0,255.0
568,28.400000000000002,-9.034691659834772,4.74038327175622e-59,-6.000000000000012,-0.740822299703332,-3.979837295463976e-58,0.0,0.015084757217209699,-1.1201854147426793e-56,0.0,0.0,70.0,255.0,255.0,255.0
569,28.450000000000003,-9.07171386391763,1.2424053322812016e-59,-6.000000000000012,-0.740070788318441,-1.0132707826652793e-57,0.0,0.014887208634917215,-1.0963810864507112e-56,0.0,0.0,70.0,255.0,255.0,255.0
570,28.5,-9.108698738666616,-5.3923245548965744e-59,-6.000000000000012,-0.7393335788398403,-1.494364815997109e-57,0.0,0.014492738037041875,-3.964642434647634e-57,0.0,0.0,70.0,255.0,255.0,255.0
571,28.55,-9.145647221801614,-1.370124282768989e-58,-6.000000000000012,-0.7386215145147368,-1.4097350261300428e-57,0.0,0.013913031619239291,1.0953539770117188e-56,0.0,0.0,70.0,255.0,255.0,255.0
572,28.6,-9.18256089011809,-1.9489674816197e-58,-6.000000000000012,-0.7379422756779164,-3.9901083898539016e-58,0.0,0.013300083901945925,2.8950305253829494e-56,0.0,0.0,70.0,255.0,255.0,255.0
573,28.650000000000002,-9.219441449369405,-1.769135121754379e-58,-6.000000000000012,-0.7372915061245422,1.4852954992529066e-57,0.0,0.012900294785467281,4.180588881717294e-56,0.0,0.0,70.0,255.0,255.0,255.0
574,28.700000000000003,-9.256290040730544,-4.636719823667935e-59,-6.000000000000012,-0.7366522461993696,3.781578042731904e-57,0.0,0.012954344860993672,4.09174991909162e-56,0.0,0.0,70.0,255.0,255.0,255.0
575,28.75,-9.293106673989342,2.0124429209775254e-58,-6.000000000000012,-0.7359960716384428,5.577045418344527e-57,0.0,0.01370119099259881,1.4796246999948533e-56,0.0,0.0,70.0,255.0,255.0,255.0
576,28.8,-9.329889647894388,5.113373435977734e-58,-6.000000000000012,-0.7352821271001098,5.261202742726757e-57,0.0,0.01523272889141225,-4.087916694480365e-56,0.0,0.0,70.0,255.0,255.0,255.0
577,28.85,-9.366634886699353,7.273645663704283e-58,-6.000000000000012,-0.7344727987493016,1.4891287238641607e-57,0.0,0.017289314880564177,-1.0804401010191985e-55,0.0,0.0,70.0,255.0,255.0,255.0
578,28.900000000000002,-9.403336927769319,6.602502159841895e-58,-6.000000000000012,-0.7335531956120533,-5.543198267465228e-57,0.0,0.019397793244024797,-1.5602170112126496e-55,0.0,0.0,70.0,255.0,255.0,255.0
579,28.950000000000003,-9.439990206260559,1.7304473962390545e-58,-6.000000000000012,-0.7325330194248991,-1.4113041388262337e-56,0.0,0.02107088977716387,-1.5270618589915765e-55,0.0,0.0,70.0,255.0,255.0,255.0
580,29.0,-9.476590229711809,-7.510539228420442e-58,-6.000000000000012,-0.731446106634337,-2.0813816857380994e-56,0.0,0.021830516641330178,-5.522034556514654e-56,0.0,0.0,70.0,255.0,255.0,255.0
581,29.05,-9.513134816923992,-1.9083369461141943e-57,-6.000000000000012,-0.7303499677607661,-1.963507594477699e-56,0.0,0.021448453747652252,1.5256312800909744e-55,0.0,0.0,70.0,255.0,255.0,255.0
582,29.1,-9.549625226487885,-2.7145615173197434e-57,-6.000000000000012,-0.7293012612595717,-5.557504056471251e-57,0.0,0.020197015549960895,4.0322573515385005e-55,0.0,0.0,70.0,255.0,255.0,255.0
583,29.150000000000002,-9.58606494304995,-2.4640873517613195e-57,-6.000000000000012,-0.72833026620577,2.0687497570608015e-56,0.0,0.01861585158575707,5.8228091566788686e-55,0.0,0.0,70.0,255.0,255.0,255.0
584,29.200000000000003,-9.622458253108462,-6.458117602589418e-58,-6.000000000000012,-0.727439676100996,5.267058751031744e-56,0.0,0.01726093052862865,5.6990724440571435e-55,0.0,0.0,70.0,255.0,255.0,255.0
585,29.25,-9.65880891066005,2.8029713992704243e-57,-6.000000000000012,-0.7266041731529072,7.767822201117946e-56,0.0,0.016684714469228368,2.0608513526063753e-55,0.0,0.0,70.0,255.0,255.0,255.0
586,29.3,-9.695118670423753,7.122010440859005e-57,-6.000000000000012,-0.7257712046540732,7.327910103638119e-56,0.0,0.017172803438292306,-5.6937334509158634e-55,0.0,0.0,70.0,255.0,255.0,255.0
587,29.35,-9.731386031125457,1.0130881502908544e-56,-6.000000000000012,-0.7248868928090779,2.074088750202082e-56,0.0,0.018508170706077465,-1.50485893051348e-54,0.0,0.0,70.0,255.0,255.0,255.0
588,29.400000000000002,-9.76760735970466,9.196099191061087e-57,-6.000000000000012,-0.7239203875834654,-7.720679201496684e-56,0.0,0.020234091786797137,-2.1731019615502819e-54,0.0,0.0,70.0,255.0,255.0,255.0
589,29.450000000000003,-9.803778069883803,2.4102023014118605e-57,-6.000000000000012,-0.7228634836303982,-1.965693086530074e-55,0.0,0.021891728433409696,-2.1269227917236995e-54,0.0,0.0,70.0,255.0,255.0,255.0
590,29.5,-9.8398937080677,-1.0460831674239654e-56,-6.000000000000012,-0.7217312147401245,-2.898990711873368e-55,0.0,0.02301869075012064,-7.691201954774032e-55,0.0,0.0,70.0,255.0,255.0,255.0
591,29.55,-9.875951191357816,-2.657970481732182e-56,-6.000000000000012,-0.7205616145553861,-2.734813282007477e-55,0.0,0.023368211288676832,2.1249302523572464e-54,0.0,0.0,70.0,255.0,255.0,255.0
592,29.6,-9.911949869523239,-3.780896449431443e-56,-6.000000000000012,-0.7193943936112568,-7.7406045951612135e-56,0.0,0.023100278316334766,5.61620998690007e-54,0.0,0.0,70.0,255.0,255.0,255.0
593,29.650000000000002,-9.947890630718941,-3.432030941248303e-56,-6.000000000000012,-0.7182515867237527,2.8813967048925927e-55,0.0,0.022556126253192588,8.110126930533244e-54,0.0,0.0,70.0,255.0,255.0,255.0
594,29.700000000000003,-9.983775028195614,-8.994997445388501e-57,-6.000000000000012,-0.7171387809859375,7.336066471017123e-55,0.0,0.022066328231495902,7.937783922489087e-54,0.0,0.0,70.0,255.0,255.0,255.0
595,29.75,-10.019604508817535,3.90403552976882e-56,-6.000000000000012,-0.7160449539006031,1.081918062738168e-54,0.0,0.02196443861599562,2.870395646648976e-54,0.0,0.0,70.0,255.0,255.0,255.0
596,29.8,-10.055379523585675,9.91968088284283e-56,-6.000000000000012,-0.714942337124338,1.0206462117666099e-54,0.0,0.022426985440482383,-7.930347664337404e-54,0.0,0.0,70.0,255.0,255.0,255.0
597,29.85,-10.091098742529969,1.411049764743492e-55,-6.000000000000012,-0.7138022553565548,2.8888329630442754e-55,0.0,0.023324375701605504,-2.09599810170868e-53,0.0,0.0,70.0,255.0,255.0,255.0
598,29.900000000000002,-10.12675974912133,1.2808513845887106e-55,-6.000000000000012,-0.7126098995541774,-1.0753518899420704e-54,0.0,0.02438858268583033,-3.0267405760582695e-53,0.0,0.0,70.0,255.0,255.0,255.0
599,29.950000000000003,-10.162359732485386,3.356978748014214e-56,-6.000000000000012,-0.7113633970879718,-2.737857279753842e-54,0.0,0.02536258568035521,-2.9624212898232647e-53,0.0,0.0,70.0,255.0,255.0,255.0
600,30.0,-10.197896088830127,-1.4570058951651313e-55,-6.000000000000012,-0.7100736409861419,-4.037773179765335e-54,0.0,0.025991620055165754,-1.0712462391118497e-53,0.0,0.0,70.0,255.0,255.0,255.0
601,30.05,-10.233367096584,-3.702075304963914e-55,-6.000000000000012,-0.7087642350824552,-3.8091035188656915e-54,0.0,0.026143986810289732,2.9596460404992364e-53,0.0,0.0,70.0,255.0,255.0,255.0
602,30.1,-10.268772512338373,-5.266109414030823e-55,-6.000000000000012,-0.7074592423051129,-1.0781271392660983e-54,0.0,0.025927626802335624,7.822371408144713e-53,0.0,0.0,70.0,255.0,255.0,255.0
603,30.150000000000002,-10.304113020814512,-4.780202444230012e-55,-6.000000000000012,-0.7061714724022217,4.013267889279021e-54,0.0,0.025564135075484273,1.1295949611179753e-52,0.0,0.0,70.0,255.0,255.0,255.0
604,30.200000000000003,-10.339389659578595,-1.252841524751802e-55,-6.000000000000012,-0.7049028287975645,1.0217822471913656e-53,0.0,0.025269902473823436,1.105590676704415e-52,0.0,0.0,70.0,255.0,255.0,255.0
605,30.25,-10.374603303694268,5.437620027683643e-55,-6.000000000000012,-0.7036444821548393,1.5069174656323173e-53,0.0,0.02525304386935545,3.997945391782501e-53,0.0,0.0,70.0,255.0,255.0,255.0
606,30.3,-10.409754107794079,1.3816333131571374e-54,-6.000000000000012,-0.702377524410629,1.4215767863696157e-53,0.0,0.02562364074503165,-1.1045549395563207e-52,0.0,0.0,70.0,255.0,255.0,255.0
607,30.35,-10.444841056135331,1.96533878913798e-54,-6.000000000000012,-0.7010821180803362,4.023625260759965e-54,0.0,0.026319709164468463,-2.919348753087017e-52,0.0,0.0,70.0,255.0,255.0,255.0
608,30.400000000000002,-10.479862319602113,1.783995839233134e-54,-6.000000000000012,-0.6997455534941821,-1.4977719667174015e-53,0.0,0.027200284937478614,-4.2157057868660726e-52,0.0,0.0,70.0,255.0,255.0,255.0
609,30.450000000000003,-10.51481561148475,4.675668224205784e-55,-6.000000000000012,-0.6983620895865883,-3.813343260790077e-53,0.0,0.028124517709748886,-4.1261205778353316e-52,0.0,0.0,70.0,255.0,255.0,255.0
610,30.5,-10.549698528560771,-2.0293474215569434e-54,-6.000000000000012,-0.6969331017232072,-5.623892544552734e-53,0.0,0.02896021379132918,-1.4920535328018152e-52,0.0,0.0,70.0,255.0,255.0,255.0
611,30.55,-10.58450892165707,-5.156325722132156e-54,-6.000000000000012,-0.6954660682074554,-5.305396793591892e-53,0.0,0.029628676317017266,4.1222551541753554e-52,0.0,0.0,70.0,255.0,255.0,255.0
612,30.6,-10.619245135381517,-7.334744215148837e-54,-6.000000000000012,-0.6939702340915055,-1.501637390377378e-53,0.0,0.03011717290473115,1.0895157871533595e-51,0.0,0.0,70.0,255.0,255.0,255.0
613,30.650000000000002,-10.65390594506622,-6.657963112509534e-54,-6.000000000000012,-0.6924543509169823,5.589761077941704e-53,0.0,0.030430249650059693,1.573322818634632e-51,0.0,0.0,70.0,255.0,255.0,255.0
614,30.700000000000003,-10.688490570473215,-1.744983137207133e-54,-6.000000000000012,-0.6909272091264995,1.4231590795968944e-52,0.0,0.030572539506046326,1.5398891634636918e-51,0.0,0.0,70.0,255.0,255.0,255.0
615,30.75,-10.72299866597887,7.573627683459411e-54,-6.000000000000012,-0.6893970969663776,2.0988652712578624e-52,0.0,0.030550110289340182,5.568419592029018e-52,0.0,0.0,70.0,255.0,255.0,255.0
616,30.8,-10.757430280169853,1.9243669575371492e-53,-6.000000000000012,-0.6878721980975655,1.9800010387997962e-52,0.0,0.030380628346371452,-1.538446567714512e-51,0.0,0.0,70.0,255.0,255.0,255.0
617,30.85,-10.791785885788627,2.7373638071457375e-53,-6.000000000000012,-0.6863590341317405,5.604187035433503e-53,0.0,0.030132438377883375,-4.0661282733047386e-51,0.0,0.0,70.0,255.0,255.0,255.0
618,30.900000000000002,-10.826066183583027,2.4847856610804995e-53,-6.000000000000012,-0.6848589542597772,-2.0861272345049423e-52,0.0,0.02991955562272608,-5.871720695851918e-51,0.0,0.0,70.0,255.0,255.0,255.0
619,30.950000000000003,-10.860271781214605,6.512365726407953e-54,-6.000000000000012,-0.6833670785694679,-5.311301992308568e-52,0.0,0.02986429862446016,-5.746944596071232e-51,0.0,0.0,70.0,255.0,255.0,255.0
620,31.0,-10.894402891439974,-2.826516331228069e-53,-6.000000000000012,-0.6818725243973311,-7.833071830576174e-52,0.0,0.030083354375598503,-2.0781624835314234e-51,0.0,0.0,70.0,255.0,255.0,255.0
621,31.05,-10.928459033654338,-7.181835257935379e-53,-6.000000000000012,-0.680358743131908,-7.389464475839992e-52,0.0,0.030629323118880336,5.741560755440509e-51,0.0,0.0,70.0,255.0,255.0,255.0
622,31.1,-10.962438765753165,-1.0215980807068062e-52,-6.000000000000012,-0.6788095920854431,-2.091511075135665e-52,0.0,0.031428598060401214,1.5174997306065588e-50,0.0,0.0,70.0,255.0,255.0,255.0
623,31.150000000000002,-10.996339992862882,-9.273346333071044e-53,-6.000000000000012,-0.6772158833258679,7.785532830225596e-52,0.0,0.0323351642219194,2.1913559964773043e-50,0.0,0.0,70.0,255.0,255.0,255.0
624,31.200000000000003,-11.030160354085751,-2.430447976842466e-53,-6.000000000000012,-0.6755760756632512,1.9822048889637383e-51,0.0,0.03319077881496213,2.144788922082123e-50,0.0,0.0,70.0,255.0,255.0,255.0
625,31.25,-11.063897600429208,1.0548702556566339e-52,-6.000000000000012,-0.6738968054443717,2.923342205104683e-51,0.0,0.03382845355996977,7.755807974922791e-51,0.0,0.0,70.0,255.0,255.0,255.0
626,31.3,-11.097550034630189,2.6802974074204366e-52,-6.000000000000012,-0.6721932303072542,2.7577856864560175e-51,0.0,0.03416259199902072,-2.1427796454047517e-50,0.0,0.0,70.0,255.0,255.0,255.0
627,31.35,-11.131116923459933,3.8126559421126514e-52,-6.000000000000012,-0.6704805462444696,7.805625596999315e-52,0.0,0.03427680574468184,-5.66338609509576e-50,0.0,0.0,70.0,255.0,255.0,255.0
628,31.400000000000002,-11.164598089254635,3.460859967120368e-52,-6.000000000000012,-0.668765549732786,-2.905600408639743e-51,0.0,0.03433531196535,-8.178251916324025e-50,0.0,0.0,70.0,255.0,255.0,255.0
629,31.450000000000003,-11.197993478433212,9.070555334729081e-53,-6.000000000000012,-0.6670470150479346,-7.397689356624094e-51,0.0,0.03449967236246465,-8.004461228721374e-50,0.0,0.0,70.0,255.0,255.0,255.0
630,31.5,-11.231302790759429,-3.936829389503727e-52,-6.000000000000012,-0.6653155824965395,-1.0910061637361117e-50,0.0,0.034942784764524504,-2.8945069416159784e-50,0.0,0.0,70.0,255.0,255.0,255.0
631,31.55,-11.264525036682866,-1.0003006103888208e-51,-6.000000000000012,-0.6635527365714822,-1.0292196298240073e-50,0.0,0.035746882311471495,7.996962506074958e-50,0.0,0.0,70.0,255.0,255.0,255.0
632,31.6,-11.297658064416577,-1.42290256877438e-51,-6.000000000000012,-0.6617408942653924,-2.913099131286158e-51,0.0,0.036781474997837904,2.1136044649776485e-49,0.0,0.0,70.0,255.0,255.0,255.0
633,31.650000000000002,-11.330699126109405,-1.2916105235174366e-51,-6.000000000000012,-0.6598745890716984,1.0843848351536413e-50,0.0,0.037806291880926324,3.05216516688188e-49,0.0,0.0,70.0,255.0,255.0,255.0
634,31.700000000000003,-11.363645523323747,-3.385177336207386e-52,-6.000000000000012,-0.6579602650772998,2.7608552537532645e-50,0.0,0.03859067159659446,2.987305599280403e-49,0.0,0.0,70.0,255.0,255.0,255.0
635,31.75,-11.396495152617135,1.4692447302358276e-51,-6.000000000000012,-0.6560155219120389,4.0716904344340443e-50,0.0,0.03891248197227526,1.0802446968971446e-49,0.0,0.0,70.0,255.0,255.0,255.0
636,31.8,-11.429247075514951,3.733172700813306e-51,-6.000000000000012,-0.6540690168800722,3.841099950650409e-50,0.0,0.03866899297335635,-2.984507037889726e-49,0.0,0.0,70.0,255.0,255.0,255.0
637,31.85,-11.461902054305142,5.310344680886237e-51,-6.000000000000012,-0.6521486226147033,1.087183396544318e-50,0.0,0.03800354135030659,-7.888079250401107e-49,0.0,0.0,70.0,255.0,255.0,255.0
638,31.900000000000002,-11.494461937776421,4.820356097357624e-51,-6.000000000000012,-0.6502686627450416,-4.046979299750698e-50,0.0,0.03719495174614451,-1.1390835475895023e-48,0.0,0.0,70.0,255.0,255.0,255.0
639,31.950000000000003,-11.526928920579646,1.2633653811355384e-51,-6.000000000000012,-0.6484291274400888,-1.0303652079350707e-49,0.0,0.0365299023236787,-1.1148776274249373e-48,0.0,0.0,70.0,255.0,255.0,255.0
640,32.0,-11.55930485052043,-5.483295981993083e-51,-6.000000000000012,-0.6466156725126737,-1.5195755574000072e-49,0.0,0.03628728734597075,-4.031528093426921e-49,0.0,0.0,70.0,255.0,255.0,255.0
641,32.050000000000004,-11.591590487830914,-1.3932390192864534e-50,-6.000000000000012,-0.6448003987054918,-1.4335180172777628e-49,0.0,0.036610432509220914,1.1138331900951412e-48,0.0,0.0,70.0,255.0,255.0,255.0
642,32.1,-11.62378489039098,-1.9818476154770713e-50,-6.000000000000012,-0.6429546292617516,-4.057423673048659e-50,0.0,0.03739624771235128,2.9438712536626824e-48,0.0,0.0,70.0,255.0,255.0,255.0
643,32.15,-11.655885950757089,-1.7989813865913193e-50,-6.000000000000012,-0.6410607739342566,1.5103532363849197e-49,0.0,0.03842201302113324,4.2511176736698307e-48,0.0,0.0,70.0,255.0,255.0,255.0
644,32.2,-11.687890967784405,-4.714943790921514e-51,-6.000000000000012,-0.6391124279596383,3.845375306364965e-49,0.0,0.03945643239688934,4.1607799497717176e-48,0.0,0.0,70.0,255.0,255.0,255.0
645,32.25,-11.719797193553052,2.0463939197736463e-50,-6.000000000000012,-0.6371151306945677,5.671133186156637e-49,0.0,0.04025836864514076,1.5045867676810473e-48,0.0,0.0,70.0,255.0,255.0,255.0
646,32.300000000000004,-11.751602480853862,5.199638807064486e-50,-6.000000000000012,-0.6350865910951242,5.3499620740460124e-49,0.0,0.04069701591706831,-4.156882056591612e-48,0.0,0.0,70.0,255.0,255.0,255.0
647,32.35,-11.783305852662565,7.396355993819658e-50,-6.000000000000012,-0.6330454291028609,1.514251129565025e-49,0.0,0.04085603656438508,-1.098667708961062e-47,0.0,0.0,70.0,255.0,255.0,255.0
648,32.4,-11.814907023764148,6.713889936629511e-50,-6.000000000000012,-0.6310009874386857,-5.636715015564607e-49,0.0,0.04091074908263437,-1.5865387147089811e-47,0.0,0.0,70.0,255.0,255.0,255.0
649,32.45,-11.846405951406433,1.7596409782550505e-50,-6.000000000000012,-0.6289543541945974,-1.4351136017524787e-48,0.0,0.0410252538703304,-1.552824217166193e-47,0.0,0.0,70.0,255.0,255.0,255.0
650,32.5,-11.877802459183608,-7.637246080895278e-50,-6.000000000000012,-0.6268984620516527,-2.116495718722654e-48,0.0,0.04136716348259739,-5.615194261381501e-48,0.0,0.0,70.0,255.0,255.0,255.0
651,32.550000000000004,-11.909095797611599,-1.940531620897149e-49,-6.000000000000012,-0.6248176378463377,-1.996633027890629e-48,0.0,0.042021363960920155,1.5513695036271304e-47,0.0,0.0,70.0,255.0,255.0,255.0
652,32.6,-11.940284222968241,-2.760357635980157e-49,-6.000000000000012,-0.6226963256555607,-5.651262150955235e-49,0.0,0.042896902066225095,4.10028371047798e-47,0.0,0.0,70.0,255.0,255.0,255.0
653,32.65,-11.971365430177155,-2.5056578359926726e-49,-6.000000000000012,-0.6205279476397152,2.1036506825873513e-48,0.0,0.043817694611725244,5.921043091468941e-47,0.0,0.0,70.0,255.0,255.0,255.0
654,32.7,-12.002337017732213,-6.567069533928055e-50,-6.000000000000012,-0.6183145561943881,5.3559168763734175e-48,0.0,0.044615978696427305,5.795218873687599e-47,0.0,0.0,70.0,255.0,255.0,255.0
655,32.75,-12.033196885796594,2.8502590403807456e-49,-6.000000000000012,-0.6160663497700725,7.898869556274951e-48,0.0,0.04513302404411945,2.0956190277844957e-47,0.0,0.0,70.0,255.0,255.0,255.0
656,32.800000000000004,-12.06394365270922,7.242162602882147e-49,-6.000000000000012,-0.6138012537899762,7.451535904157913e-48,0.0,0.045290441990530894,-5.78978980884936e-47,0.0,0.0,70.0,255.0,255.0,255.0
657,32.85,-12.094577011175591,1.030179494453866e-48,-6.000000000000012,-0.6115373055710194,2.1090797474255906e-48,0.0,0.04516083069603383,-1.5302467132950855e-46,0.0,0.0,70.0,255.0,255.0,255.0
658,32.9,-12.125097383266322,9.351242350307737e-49,-6.000000000000012,-0.6092851707203728,-7.850931228792943e-48,0.0,0.04489483610754519,-2.209763365116678e-46,0.0,0.0,70.0,255.0,255.0,255.0
659,32.95,-12.155505528247629,2.450863715745715e-49,-6.000000000000012,-0.6070478219602649,-1.9988553903741188e-47,0.0,0.044650318523764554,-2.16280512775842e-46,0.0,0.0,70.0,255.0,255.0,255.0
660,33.0,-12.185802165462349,-1.0637311553433453e-48,-6.000000000000012,-0.6048201388679963,-2.9478982506377147e-47,0.0,0.044588758988695076,-7.820956684999829e-47,0.0,0.0,70.0,255.0,255.0,255.0
661,33.050000000000004,-12.215987542134428,-2.7028118790631435e-48,-6.000000000000012,-0.6025889460613953,-2.7809510588741017e-47,0.0,0.04479635525438397,2.1607789731770307e-46,0.0,0.0,70.0,255.0,255.0,255.0
662,33.1,-12.246061060068488,-3.8446822142174474e-48,-6.000000000000012,-0.600340503342558,-7.871192774606838e-48,0.0,0.0452161387865857,5.710958482132544e-46,0.0,0.0,70.0,255.0,255.0,255.0
663,33.15,-12.276021592468684,-3.489931156523827e-48,-6.000000000000012,-0.5980673321827368,2.930007423258442e-47,0.0,0.04572743648463273,8.246949151319821e-46,0.0,0.0,70.0,255.0,255.0,255.0
664,33.2,-12.305867793286762,-9.146747909590049e-49,-6.000000000000012,-0.5957677596940947,7.459829873859137e-47,0.0,0.0462089476746641,8.071698623664926e-46,0.0,0.0,70.0,255.0,255.0,255.0
665,33.25,-12.335598368438093,3.9698987173353094e-48,-6.000000000000012,-0.5934464374152704,1.1001706046923368e-46,0.0,0.046519958648616466,2.9188207712214787e-46,0.0,0.0,70.0,255.0,255.0,255.0
666,33.300000000000004,-12.365212437028289,1.0087031255964363e-47,-6.000000000000012,-0.591115763829233,1.0378650645080616e-46,0.0,0.04659136309861367,-8.06413691182319e-46,0.0,0.0,70.0,255.0,255.0,255.0
667,33.35,-12.394709944821017,1.4348549362415926e-47,-6.000000000000012,-0.588787301105409,2.9375691351001777e-47,0.0,0.046535546559312024,-2.1313587215235087e-45,0.0,0.0,70.0,255.0,255.0,255.0
668,33.4,-12.42409116713883,1.302460039106454e-47,-6.000000000000012,-0.5864622091733018,-1.0934936570154473e-46,0.0,0.046553646392943904,-3.077803324016259e-45,0.0,0.0,70.0,255.0,255.0,255.0
669,33.45,-12.453356165738347,3.413612792261453e-48,-6.000000000000012,-0.5841319364661146,-2.784046410506242e-46,0.0,0.046834263736528214,-3.012398936690127e-45,0.0,0.0,70.0,255.0,255.0,255.0
670,33.5,-12.482504360785441,-1.4815863713997882e-47,-6.000000000000012,-0.581778782799649,-4.1058925937055744e-46,0.0,0.04757532250003749,-1.0893187416385946e-45,0.0,0.0,70.0,255.0,255.0,255.0
671,33.550000000000004,-12.511534044018312,-3.7645313144794293e-47,-6.000000000000012,-0.5793744042161109,-3.8733651521448366e-46,0.0,0.04885907813179102,3.0095768674115726e-45,0.0,0.0,70.0,255.0,255.0,255.0
672,33.6,-12.540441801207052,-5.354951523544625e-47,-6.000000000000012,-0.5768928749864699,-1.0963157262940018e-46,0.0,0.050478131853637365,7.954339037880781e-45,0.0,0.0,70.0,255.0,255.0,255.0
673,33.65,-12.569223331516959,-4.860847040773431e-47,-6.000000000000012,-0.5743265910307471,4.080973885735945e-46,0.0,0.052059842746388085,1.1486518380933056e-44,0.0,0.0,70.0,255.0,255.0,255.0
674,33.7,-12.597874460310127,-1.2739776378086797e-47,-6.000000000000012,-0.5716868907118311,1.0390202654639054e-45,0.0,0.053235162878806364,1.1242425884394023e-44,0.0,0.0,70.0,255.0,255.0,255.0
675,33.75,-12.626392020588142,5.529355613865624e-47,-6.000000000000012,-0.5690030747428665,1.5323399770129967e-45,0.0,0.053646816619945525,4.065392889432231e-45,0.0,0.0,70.0,255.0,255.0,255.0
676,33.800000000000004,-12.654774767784414,1.4049422132321286e-46,-6.000000000000012,-0.5663222090498365,1.4455595544071285e-45,0.0,0.0531309257738144,-1.1231893778463977e-44,0.0,0.0,70.0,255.0,255.0,255.0
677,33.85,-12.683024241493126,1.998495115793691e-46,-6.000000000000012,-0.563689982165485,4.091505991665988e-46,0.0,0.05192264863556062,-2.968599742999962e-44,0.0,0.0,70.0,255.0,255.0,255.0
678,33.9,-12.711143766000962,1.8140928123987275e-46,-6.000000000000012,-0.5611299441862805,-1.5230401885928335e-45,0.0,0.05047877749291274,-4.2868270199715965e-44,0.0,0.0,70.0,255.0,255.0,255.0
679,33.95,-12.739137235911754,4.754549272008574e-47,-6.000000000000012,-0.5586421044161938,-3.877676420804998e-45,0.0,0.04927011971425088,-4.1957304600885933e-44,0.0,0.0,70.0,255.0,255.0,255.0
680,34.0,-12.767007976442581,-2.0635836084062706e-46,-6.000000000000012,-0.5562029322148554,-5.718770648681427e-45,0.0,0.04875340169725462,-1.517225281609031e-44,0.0,0.0,70.0,255.0,255.0,255.0
681,34.050000000000004,-12.79475752913324,-5.24331572148057e-46,-6.000000000000012,-0.5537667642464683,-5.394901702414029e-45,0.0,0.04916379219874756,4.19179982464443e-44,0.0,0.0,70.0,255.0,255.0,255.0
682,34.1,-12.822384652867228,-7.4584853108203e-46,-6.000000000000012,-0.5512865529949806,-1.5269708240369972e-45,0.0,0.050337753789442274,1.1078965068211767e-43,0.0,0.0,70.0,255.0,255.0,255.0
683,34.15,-12.849886184432737,-6.770286545517567e-46,-6.000000000000012,-0.5487329888675241,5.684063365797739e-45,0.0,0.051918567094944024,1.5998656241793083e-43,0.0,0.0,70.0,255.0,255.0,255.0
684,34.2,-12.87725795175398,-1.774421945022561e-46,-6.000000000000012,-0.5460946962854862,1.4471685417756085e-44,0.0,0.05353778483812022,1.5658679251914973e-43,0.0,0.0,70.0,255.0,255.0,255.0
685,34.25,-12.904495654061286,7.70139887223852e-46,-6.000000000000012,-0.5433792103837121,2.1342742617712712e-44,0.0,0.05482358591653025,5.662361837492905e-44,0.0,0.0,70.0,255.0,255.0,255.0
686,34.300000000000004,-12.931595872792352,1.9568320672690154e-45,-6.000000000000012,-0.5406123376938332,2.013404725524899e-44,0.0,0.05556887046562764,-1.5644009920731329e-43,0.0,0.0,70.0,255.0,255.0,255.0
687,34.35,-12.95855688783067,2.783544612748751e-45,-6.000000000000012,-0.5378223233371493,5.698732696981383e-45,0.0,0.05585454133374412,-4.134726052984712e-43,0.0,0.0,70.0,255.0,255.0,255.0
688,34.4,-12.985378105126067,2.5267053369671537e-45,-6.000000000000012,-0.5350268835604588,-2.1213213274598126e-44,0.0,0.05587623151637189,-5.970779794720071e-43,0.0,0.0,70.0,255.0,255.0,255.0
689,34.45,-13.012059576186715,6.622232852889384e-46,-6.000000000000012,-0.5322347001855121,-5.400906525021933e-44,0.0,0.055820139535178726,-5.843898654757128e-43,0.0,0.0,70.0,255.0,255.0,255.0
690,34.5,-13.038601575144618,-2.8742011880547803e-45,-6.000000000000012,-0.5294448696069409,-7.965219982216941e-44,0.0,0.05588418936923745,-2.1132222068362594e-43,0.0,0.0,70.0,255.0,255.0,255.0
691,34.550000000000004,-13.06500406314741,-7.302996696928002e-45,-6.000000000000012,-0.5266462812485884,-7.514128731858193e-44,0.0,0.05617956043693084,5.838423985828084e-43,0.0,0.0,70.0,255.0,255.0,255.0
692,34.6,-13.091266203269477,-1.0388329919912973e-44,-6.000000000000012,-0.5238269135632478,-2.1267959963888555e-44,0.0,0.0566422160741098,1.543100770511767e-42,0.0,0.0,70.0,255.0,255.0,255.0
693,34.65,-13.117386754503734,-9.429792693316858e-45,-6.000000000000012,-0.5209820596411774,7.916878973259476e-44,0.0,0.0571400499641328,2.2283253554700982e-42,0.0,0.0,70.0,255.0,255.0,255.0
694,34.7,-13.143364409233595,-2.471450946653497e-45,-6.000000000000012,-0.5181129085668346,2.015645755831213e-43,0.0,0.05756077123990622,2.1809726693837018e-42,0.0,0.0,70.0,255.0,255.0,255.0
695,34.75,-13.169198045360417,1.0726664864995272e-44,-6.000000000000012,-0.5152259825171868,2.9726605667096495e-43,0.0,0.05779574052233727,7.886652643595747e-43,0.0,0.0,70.0,255.0,255.0,255.0
696,34.800000000000004,-13.194887007485313,2.7255154720443e-44,-6.000000000000012,-0.5123333345146008,2.804311020190788e-43,0.0,0.05779251482529446,-2.1789294951239215e-42,0.0,0.0,70.0,255.0,255.0,255.0
697,34.85,-13.220431378811877,3.876977506690315e-44,-6.000000000000012,-0.5094467310346573,7.93731071585728e-44,0.0,0.057618365931588755,-5.758930476748597e-42,0.0,0.0,70.0,255.0,255.0,255.0
698,34.9,-13.245831680588779,3.519246543630028e-44,-6.000000000000012,-0.506571497921442,-2.95461945655781e-43,0.0,0.05740263622726616,-8.316223442408384e-42,0.0,0.0,70.0,255.0,255.0,255.0
699,34.95,-13.271088528604022,9.223580501325052e-45,-6.000000000000012,-0.5037064674119307,-7.522492370822658e-43,0.0,0.05726954939770934,-8.139500812059095e-42,0.0,0.0,70.0,255.0,255.0,255.0
700,35.0,-13.296202327329972,-4.0032458271926306e-44,-6.000000000000012,-0.500844542981671,-1.1094120268616904e-42,0.0,0.05732482989273535,-2.943338836754674e-42,0.0,0.0,70.0,255.0,255.0,255.0
701,35.050000000000004,-13.321172982902189,-1.01717622184844e-43,-6.000000000000012,-0.49797398442265717,-1.0465831207577332e-42,0.0,0.0576241797956456,8.131875581912877e-42,0.0,0.0,70.0,255.0,255.0,255.0
702,35.1,-13.345999725772238,-1.4469077034769962e-43,-6.000000000000012,-0.49508212500210647,-2.9622446867040274e-43,0.0,0.05815984467538726,2.1492621136482622e-41,0.0,0.0,70.0,255.0,255.0,255.0
703,35.15,-13.3706811954024,-1.3134006905188427e-43,-6.000000000000012,-0.49215799995511844,1.102678992890529e-42,0.0,0.05889304149011565,3.103656841416345e-41,0.0,0.0,70.0,255.0,255.0,255.0
704,35.2,-13.39521552576775,-3.4422871058646726e-44,-6.000000000000012,-0.4891928208530949,2.807432372745942e-42,0.0,0.05977483070349621,3.0377030578852686e-41,0.0,0.0,70.0,255.0,255.0,255.0
705,35.25,-13.419600477487709,1.4940316822270994e-43,-6.000000000000012,-0.4861805168847688,4.140382050775798e-42,0.0,0.06076489328687984,1.0984690082659116e-41,0.0,0.0,70.0,255.0,255.0,255.0
706,35.300000000000004,-13.443833577456227,3.79615334018933e-43,-6.000000000000012,-0.4831163315244069,3.905901381011854e-42,0.0,0.061825078346444684,-3.03485728325276e-41,0.0,0.0,70.0,255.0,255.0,255.0
707,35.35,-13.46791211064015,5.399933063238953e-43,-6.000000000000012,-0.47999800905012435,1.1055247675230374e-42,0.0,0.06286412016880405,-8.021155406918186e-41,0.0,0.0,70.0,255.0,255.0,255.0
708,35.4,-13.491833378361239,4.901678107712368e-43,-6.000000000000012,-0.4768299195075265,-4.115254025906333e-42,0.0,0.06374165468816528,-1.158300502142454e-40,0.0,0.0,70.0,255.0,255.0,255.0
709,35.45,-13.515595102590902,1.2846790373326189e-43,-6.000000000000012,-0.4736238435813078,-1.0477480253901503e-41,0.0,0.06431886671744991,-1.1336862150335167e-40,0.0,0.0,70.0,255.0,255.0,255.0
710,35.5,-13.53919576271937,-5.575802146189136e-43,-6.000000000000012,-0.4703980328357815,-1.54521161762415e-41,0.0,0.06446762493190761,-4.099542149388179e-41,0.0,0.0,70.0,255.0,255.0,255.0
711,35.550000000000004,-13.56263490587448,-1.4167437138908883e-42,-6.000000000000012,-0.46717708108811706,-1.4577022403289683e-41,0.0,0.06414068164222186,1.132624157481975e-40,0.0,0.0,70.0,255.0,255.0,255.0
712,35.6,-13.585913470828181,-2.015282454947882e-42,-6.000000000000012,-0.46398396467155933,-4.1258746014217505e-42,0.0,0.06346898933475842,2.993535951402449e-40,0.0,0.0,70.0,255.0,255.0,255.0
713,35.65,-13.609033302341636,-1.8293311740330633e-42,-6.000000000000012,-0.4608301821546412,1.5358337110734807e-41,0.0,0.06269754255541216,4.322836324428182e-40,0.0,0.0,70.0,255.0,255.0,255.0
714,35.7,-13.631996489043646,-4.794487438744012e-43,-6.000000000000012,-0.4577142104160181,3.910248864286007e-41,0.0,0.06208816396551242,4.230974554345538e-40,0.0,0.0,70.0,255.0,255.0,255.0
715,35.75,-13.654804723383238,2.0809176902529436e-42,-6.000000000000012,-0.45462136575809,5.766808265419019e-41,0.0,0.06189663495703712,1.5299699589286811e-40,0.0,0.0,70.0,255.0,255.0,255.0
716,35.800000000000004,-13.677458625619455,5.2873595215446187e-42,-6.000000000000012,-0.4515245469203144,5.440218823214688e-41,0.0,0.06225219508397828,-4.227010901602622e-40,0.0,0.0,70.0,255.0,255.0,255.0
717,35.85,-13.69995717807527,7.521136513467632e-42,-6.000000000000012,-0.44839614624969215,1.5397973638163973e-41,0.0,0.0630518106030209,-1.1172028264917978e-39,0.0,0.0,70.0,255.0,255.0,255.0
718,35.9,-13.722298240244424,6.827156885361016e-42,-6.000000000000012,-0.4452193658600123,-5.73180944170329e-41,0.0,0.06407628697822076,-1.6133044795570277e-39,0.0,0.0,70.0,255.0,255.0,255.0
719,35.95,-13.74447911466127,1.7893270717643415e-42,-6.000000000000012,-0.4419885175518701,-1.459324743175388e-40,0.0,0.06509519070796443,-1.5790212002348637e-39,0.0,0.0,70.0,255.0,255.0,255.0
720,36.0,-13.76649709199961,-7.766090546392863e-42,-6.000000000000012,-0.4387098467892159,-2.152202144405193e-40,0.0,0.06586583524086365,-5.709925620775894e-40,0.0,0.0,70.0,255.0,255.0,255.0
721,36.050000000000004,-13.788350099340192,-1.9732694372287588e-41,-6.000000000000012,-0.4354019340277837,-2.0303173052529774e-40,0.0,0.06625827694968223,1.5775419448928514e-39,0.0,0.0,70.0,255.0,255.0,255.0
722,36.1,-13.81003728540239,-2.806926359892264e-41,-6.000000000000012,-0.43208401909424765,-5.746601995123411e-41,0.0,0.06636833701705314,4.169457710826944e-39,0.0,0.0,70.0,255.0,255.0,255.0
723,36.15,-13.831558501249617,-2.5479296367411e-41,-6.000000000000012,-0.4287651003260784,2.139140405573967e-40,0.0,0.06639106244534787,6.02093428578529e-39,0.0,0.0,70.0,255.0,255.0,255.0
724,36.2,-13.852913795434997,-6.677859543182971e-42,-6.000000000000012,-0.42544491284971286,5.446274086272949e-40,0.0,0.06651195898346174,5.892987345504901e-39,0.0,0.0,70.0,255.0,255.0,255.0
725,36.25,-13.874102992534588,2.898344449531849e-41,-6.000000000000012,-0.4221139044277322,8.032127751078868e-40,0.0,0.06692794948754965,2.1309732524174958e-39,0.0,0.0,70.0,255.0,255.0,255.0
726,36.300000000000004,-13.89512518587777,7.364341796760572e-41,-6.000000000000012,-0.4187521179009579,7.577247338690445e-40,0.0,0.06773455725692656,-5.887466689411145e-39,0.0,0.0,70.0,255.0,255.0,255.0
727,36.35,-13.915978204324684,1.0475591788222293e-40,-6.000000000000012,-0.41534044870203957,2.144661061667723e-40,0.0,0.06879213736681322,-1.5560628016815987e-38,0.0,0.0,70.0,255.0,255.0,255.0
728,36.4,-13.936659230747974,9.509002858428295e-41,-6.000000000000012,-0.4118729041642766,-7.983380678125544e-40,0.0,0.06984216720340441,-2.2470432663584132e-38,0.0,0.0,70.0,255.0,255.0,255.0
729,36.45,-13.957165494741112,2.4922111100967484e-41,-6.000000000000012,-0.4083562319816991,-2.0325771601916408e-39,0.0,0.07063711321748656,-2.199292818178473e-38,0.0,0.0,70.0,255.0,255.0,255.0
730,36.5,-13.977494853946144,-1.0816768743488115e-40,-6.000000000000012,-0.4048091928425279,-2.997630885991027e-39,0.0,0.0709344414019597,-7.952900447592377e-39,0.0,0.0,70.0,255.0,255.0,255.0
731,36.550000000000004,-13.997646414025365,-2.7484097749813525e-40,-6.000000000000012,-0.40126278784150315,-2.8278672049508785e-39,0.0,0.07062260824177713,2.1972324812751714e-38,0.0,0.0,70.0,255.0,255.0,255.0
732,36.6,-14.017621132730294,-3.90954407929969e-40,-6.000000000000012,-0.3977469320183502,-8.003984047158558e-40,0.0,0.06986936060258131,5.807305435643699e-38,0.0,0.0,70.0,255.0,255.0,255.0
733,36.65,-14.0374211072272,-3.5488081796972083e-40,-6.000000000000012,-0.394275851781245,2.9794382306928206e-39,0.0,0.0689956999764263,8.386079636855126e-38,0.0,0.0,70.0,255.0,255.0,255.0
734,36.7,-14.057048717908419,-9.301058486068697e-41,-6.000000000000012,-0.3908473620207076,7.585681232139271e-39,0.0,0.06832513593018064,8.207872538163405e-38,0.0,0.0,70.0,255.0,255.0,255.0
735,36.75,-14.07650584342927,4.036873052442062e-40,-6.000000000000012,-0.38744333818822696,1.1187310768856225e-38,0.0,0.06816225693349054,2.9680628537951996e-38,0.0,0.0,70.0,255.0,255.0,255.0
736,36.800000000000004,-14.095793051727242,1.0257204920249356e-39,-6.000000000000012,-0.3840311363273585,1.055374408593447e-38,0.0,0.06866209602396367,-8.20018325615958e-38,0.0,0.0,70.0,255.0,255.0,255.0
737,36.85,-14.114908957062006,1.4590617138376533e-39,-6.000000000000012,-0.3805771285858306,2.987127512696645e-39,0.0,0.0697205367721665,-2.1673158940893196e-37,0.0,0.0,70.0,255.0,255.0,255.0
738,36.9,-14.133850764585825,1.3244332432946e-39,-6.000000000000012,-0.3770590826501419,-1.1119414854958725e-38,0.0,0.07110407717902945,-3.1297275281062068e-37,0.0,0.0,70.0,255.0,255.0,255.0
739,36.95,-14.15261486532702,3.4712022834178074e-40,-6.000000000000012,-0.37346672086792765,-2.8310147768365425e-38,0.0,0.07256956916883439,-3.063219733447514e-37,0.0,0.0,70.0,255.0,255.0,255.0
740,37.0,-14.171197436672617,-1.5065815335419425e-39,-6.000000000000012,-0.36980212573325844,-4.1751612189433864e-38,0.0,0.07389252154101911,-1.1076961370421574e-37,0.0,0.0,70.0,255.0,255.0,255.0
741,37.050000000000004,-14.189595077900346,-3.828040990601606e-39,-6.000000000000012,-0.36607746871382574,-3.9387109138787e-38,0.0,0.07493674659002636,3.060350054336313e-37,0.0,0.0,70.0,255.0,255.0,255.0
742,37.1,-14.207805183544,-5.445292447420643e-39,-6.000000000000012,-0.3623084510742558,-1.1148111646070731e-38,0.0,0.07565576503516525,8.088533032792906e-37,0.0,0.0,70.0,255.0,255.0,255.0
743,37.15,-14.225825923007772,-4.942852155208679e-39,-6.000000000000012,-0.3585118922103092,4.1498221189142076e-38,0.0,0.07601904025804629,1.1680302148739315e-36,0.0,0.0,70.0,255.0,255.0,255.0
744,37.2,-14.243656372765031,-1.2954703285064351e-39,-6.000000000000012,-0.35470654704845117,1.0565490984132243e-37,0.0,0.0759976130352058,1.1432091679973715e-36,0.0,0.0,70.0,255.0,255.0,255.0
745,37.25,-14.261296577712617,5.622638828923565e-39,-6.000000000000012,-0.35091213090678863,1.5581913798887922e-37,0.0,0.07555567555179721,4.1339782627891106e-37,0.0,0.0,70.0,255.0,255.0,255.0
746,37.300000000000004,-14.27874758585571,1.4286443470381488e-38,-6.000000000000012,-0.34715097949327145,1.4699469246921354e-37,0.0,0.07470886633456075,-1.1421381891729294e-36,0.0,0.0,70.0,255.0,255.0,255.0
747,37.35,-14.296011675661944,2.032210807584492e-38,-6.000000000000012,-0.34344124427333256,4.160531907158627e-38,0.0,0.07365808140811225,-3.018681623708231e-36,0.0,0.0,70.0,255.0,255.0,255.0
748,37.4,-14.313091710283043,1.8446975377540114e-38,-6.000000000000012,-0.3397851713524602,-1.548734699016096e-37,0.0,0.07274144011102379,-4.359148106685105e-36,0.0,0.0,70.0,255.0,255.0,255.0
749,37.45,-14.32999019279719,4.834761085683959e-39,-6.000000000000012,-0.3361671002622302,-3.943094915969243e-37,0.0,0.07231121412161201,-4.266514698644735e-36,0.0,0.0,70.0,255.0,255.0,255.0
750,37.5,-14.346708420309266,-2.098397378215232e-38,-6.000000000000012,-0.332554049940299,-5.815249397660831e-37,0.0,0.07272076692679263,-1.5428216914114273e-36,0.0,0.0,70.0,255.0,255.0,255.0
751,37.550000000000004,-14.36324559779122,-5.331773289092436e-38,-6.000000000000012,-0.3288950235695509,-5.48591660738067e-37,0.0,0.07412261324581948,4.2625177512580856e-36,0.0,0.0,70.0,255.0,255.0,255.0
752,37.6,-14.379597922666221,-7.584313985595903e-38,-6.000000000000012,-0.3251417886157171,-1.552731646402745e-37,0.0,0.0762211867211704,1.1265873191553633e-35,0.0,0.0,70.0,255.0,255.0,255.0
753,37.65,-14.395759776652792,-6.884504935495181e-38,-6.000000000000012,-0.3212729048974339,5.779956584172963e-37,0.0,0.07846340442831945,1.6268562211866496e-35,0.0,0.0,70.0,255.0,255.0,255.0
754,37.7,-14.411725213155965,-1.80435740142294e-38,-6.000000000000012,-0.31729544817288513,1.4715830565463751e-36,0.0,0.0802792088013149,1.5922849626581566e-35,0.0,0.0,70.0,255.0,255.0,255.0
755,37.75,-14.42748932147008,7.831325629968572e-38,-6.000000000000012,-0.3132449840173024,2.170280621075453e-36,0.0,0.08109729403429355,5.7578889393667953e-36,0.0,0.0,70.0,255.0,255.0,255.0
756,37.800000000000004,-14.443049711557695,1.989844880933159e-37,-6.000000000000012,-0.3091857187694558,2.0473719504830546e-36,0.0,0.08064030772203523,-1.590793281585941e-35,0.0,0.0,70.0,255.0,255.0,255.0
757,37.85,-14.458407893347026,2.830504513479912e-37,-6.000000000000012,-0.30518095324509886,5.794873394895117e-37,0.0,0.07923246308401133,-4.2044811142506294e-35,0.0,0.0,70.0,255.0,255.0,255.0
758,37.9,-14.473567806882205,2.569332220422671e-37,-6.000000000000012,-0.30126247246105464,-2.1571091637675753e-36,0.0,0.07751048996116339,-6.071510074078087e-35,0.0,0.0,70.0,255.0,255.0,255.0
759,37.95,-14.488534140593131,6.733953497123363e-38,-6.000000000000012,-0.2974299042489825,-5.4920227345885756e-36,0.0,0.07611787141907911,-5.942488380768152e-35,0.0,0.0,70.0,255.0,255.0,255.0
760,38.0,-14.503310797307103,-2.922690514165905e-37,-6.000000000000012,-0.29365068531914673,-8.099597544535729e-36,0.0,0.07569397301914194,-2.1488734066055762e-35,0.0,0.0,70.0,255.0,255.0,255.0
761,38.050000000000004,-14.517899209125046,-7.426202194823393e-37,-6.000000000000012,-0.28986050694706833,-7.640896141194152e-36,0.0,0.07656258943313787,5.936921351217932e-35,0.0,0.0,70.0,255.0,255.0,255.0
762,38.1,-14.53229684800181,-1.0563586655360058e-36,-6.000000000000012,-0.28599442637583294,-2.1626761933177955e-36,0.0,0.07843273716758858,1.5691337137847164e-34,0.0,0.0,70.0,255.0,255.0,255.0
763,38.15,-14.54649865176263,-9.588878388141189e-37,-6.000000000000012,-0.28201723323030947,8.050440996653013e-36,0.0,0.08071085950280832,2.2659184075125777e-34,0.0,0.0,70.0,255.0,255.0,255.0
764,38.2,-14.56049857132484,-2.5131456587070435e-37,-6.000000000000012,-0.2779233404255521,2.0496507881807984e-35,0.0,0.08280287195567837,2.2177668560414496e-34,0.0,0.0,70.0,255.0,255.0,255.0
765,38.25,-14.574290985805185,1.0907629493666797e-36,-6.000000000000012,-0.27373694603474164,3.022810955706751e-35,0.0,0.08412289780519444,8.019704732485599e-35,0.0,0.0,70.0,255.0,255.0,255.0
766,38.300000000000004,-14.587872265928315,2.7714963898360465e-36,-6.000000000000012,-0.26951105064503267,2.8516212614293583e-35,0.0,0.08436341379844947,-2.215689212328584e-34,0.0,0.0,70.0,255.0,255.0,255.0
767,38.35,-14.601242090869688,3.942384210796038e-36,-6.000000000000012,-0.2653006046548967,8.071217433781667e-36,0.0,0.08373104045915625,-5.856086743713805e-34,0.0,0.0,70.0,255.0,255.0,255.0
768,38.400000000000006,-14.614402326393805,3.578618133214213e-36,-6.000000000000012,-0.26113794659911704,-3.0044654822844474e-35,0.0,0.08267078065280486,-8.456522622642502e-34,0.0,0.0,70.0,255.0,255.0,255.0
769,38.45,-14.6273558855296,9.379187285115906e-37,-6.000000000000012,-0.2570335265896162,-7.649400879264335e-35,0.0,0.08162430043210378,-8.276818586088981e-34,0.0,0.0,70.0,255.0,255.0,255.0
770,38.5,-14.640105679052766,-4.070782746050122e-36,-6.000000000000012,-0.25297551655590667,-1.128128406837343e-34,0.0,0.08102637049312023,-2.9929945523336856e-34,0.0,0.0,70.0,255.0,255.0,255.0
771,38.550000000000004,-14.65265343718519,-1.0343365339861839e-35,-6.000000000000012,-0.24893088954030418,-1.064239543159802e-34,0.0,0.08111587658508057,8.26906471419253e-34,0.0,0.0,70.0,255.0,255.0,255.0
772,38.6,-14.664998768006797,-1.4713178177648142e-35,-6.000000000000012,-0.2448639288973986,-3.012219354180899e-35,0.0,0.08179312430343089,2.1855213261070505e-33,0.0,0.0,70.0,255.0,255.0,255.0
773,38.650000000000006,-14.67713983007493,-1.3355584694042738e-35,-6.000000000000012,-0.2407515771099611,1.1212817829472485e-34,0.0,0.08281767289748387,3.1560172083057446e-33,0.0,0.0,70.0,255.0,255.0,255.0
774,38.7,-14.689073925717793,-3.500360348175656e-36,-6.000000000000012,-0.23658216160765022,2.854795272887655e-34,0.0,0.08395904053664083,3.088950748831448e-33,0.0,0.0,70.0,255.0,255.0,255.0
775,38.75,-14.700798046235695,1.519236803483381e-35,-6.000000000000012,-0.232355673056297,4.210232531778696e-34,0.0,0.0849956761685533,1.1170007736086172e-33,0.0,0.0,70.0,255.0,255.0,255.0
776,38.800000000000004,-14.712309493023422,3.8601964969611314e-35,-6.000000000000012,-0.2280825939907949,3.971796046496272e-34,0.0,0.0857942453620808,-3.086056964444153e-33,0.0,0.0,70.0,255.0,255.0,255.0
777,38.85,-14.723606305634775,5.491032849979653e-35,-6.000000000000012,-0.22377624852008893,1.124175567334543e-34,0.0,0.08634103108899893,-8.156476630056819e-33,0.0,0.0,70.0,255.0,255.0,255.0
778,38.900000000000006,-14.734687117875431,4.984372064295674e-35,-6.000000000000012,-0.219448490881895,-4.184680583560548e-34,0.0,0.0866522806713732,-1.1778416570958728e-32,0.0,0.0,70.0,255.0,255.0,255.0
779,38.95,-14.745551154722964,1.306352266419105e-35,-6.000000000000012,-0.2151110204529516,-1.0654241003624184e-33,0.0,0.08673384977750942,-1.1528121136716894e-32,0.0,0.0,70.0,255.0,255.0,255.0
780,39.0,-14.756198219920726,-5.66986893932851e-35,-6.000000000000012,-0.21077510590414406,-1.5712801720277442e-33,0.0,0.08658290618424047,-4.168703639201104e-33,0.0,0.0,70.0,255.0,255.0,255.0
781,39.050000000000004,-14.766628665313378,-1.440644945385834e-34,-6.000000000000012,-0.20645272983452756,-1.4822944642825288e-33,0.0,0.08621940303825681,1.1517321386357362e-32,0.0,0.0,70.0,255.0,255.0,255.0
782,39.1,-14.77684349290418,-2.04928135821538e-34,-6.000000000000012,-0.20215316560031837,-4.19548033392008e-34,0.0,0.08576359050103122,3.0440385194120233e-32,0.0,0.0,70.0,255.0,255.0,255.0
783,39.150000000000006,-14.78684398187341,-1.860192978777842e-34,-6.000000000000012,-0.19787637078442444,1.5617440551294948e-33,0.0,0.08541404357647053,4.395764907552915e-32,0.0,0.0,70.0,255.0,255.0,255.0
784,39.2,-14.796631129982622,-4.875373030858851e-35,-6.000000000000012,-0.19361176124267132,3.9762168741609074e-33,0.0,0.08537782142674644,4.3023533798036127e-32,0.0,0.0,70.0,255.0,255.0,255.0
785,39.25,-14.806205157997677,2.1160238953830656e-34,-6.000000000000012,-0.1893385886417498,5.864097434933108e-33,0.0,0.08586468044740059,1.5557813783195793e-32,0.0,0.0,70.0,255.0,255.0,255.0
786,39.300000000000004,-14.815564988846797,5.376560131847223e-34,-6.000000000000012,-0.18502529319793126,5.531998252480487e-33,0.0,0.08696245483896803,-4.298322858098533e-32,0.0,0.0,70.0,255.0,255.0,255.0
787,39.35,-14.82470768731747,7.648022147863552e-34,-6.000000000000012,-0.180642343157853,1.5657745768345753e-33,0.0,0.08847835982059848,-1.1360506414642409e-31,0.0,0.0,70.0,255.0,255.0,255.0
788,39.400000000000006,-14.833629223162582,6.942334708681798e-34,-6.000000000000012,-0.1761774572158714,-5.828508162161922e-33,0.0,0.09005611378629652,-1.6405217973115782e-31,0.0,0.0,70.0,255.0,255.0,255.0
789,39.45,-14.842325433039058,1.8195139857016298e-34,-6.000000000000012,-0.17163673177922334,-1.4839443396281208e-32,0.0,0.0913293167307927,-1.6056601405542759e-31,0.0,0.0,70.0,255.0,255.0,255.0
790,39.5,-14.850792896340504,-7.89710868759941e-34,-6.000000000000012,-0.16704452554279214,-2.188510956770468e-32,0.0,0.09193039999786379,-5.806255149358209e-32,0.0,0.0,70.0,255.0,255.0,255.0
791,39.550000000000004,-14.859029885593337,-2.006559558200305e-33,-6.000000000000012,-0.16244369177943696,-2.0645698545639416e-32,0.0,0.09168369135874599,1.6041559293758383e-31,0.0,0.0,70.0,255.0,255.0,255.0
792,39.6,-14.867037265518448,-2.8542807233238827e-33,-6.000000000000012,-0.15787615640691754,-5.8435502739462974e-33,0.0,0.09081285366825398,4.239798713915761e-31,0.0,0.0,70.0,255.0,255.0,255.0
793,39.650000000000006,-14.874817501234029,-2.5909145855949348e-33,-6.000000000000012,-0.15336240641261156,2.17522885935182e-32,0.0,0.08975245698898959,6.122510698491021e-31,0.0,0.0,70.0,255.0,255.0,255.0
794,39.7,-14.882373506159709,-6.7905186397206265e-34,-6.000000000000012,-0.14890091070801859,5.538155671096393e-32,0.0,0.08894425896812663,5.992405224236743e-31,0.0,0.0,70.0,255.0,255.0,255.0
795,39.75,-14.88970759230483,2.9472410855014587e-33,-6.000000000000012,-0.1444679805157989,8.167634083588562e-32,0.0,0.0888336729405026,2.1669239219113245e-31,0.0,0.0,70.0,255.0,255.0,255.0
796,39.800000000000004,-14.896820304211289,7.4885822196165e-33,-6.000000000000012,-0.14001754341396833,7.705079593007717e-32,0.0,0.08964263986683818,-5.986791431693503e-31,0.0,0.0,70.0,255.0,255.0,255.0
797,39.85,-14.903709346646227,1.0652320678509176e-32,-6.000000000000012,-0.13550371652911508,2.1808426518950596e-32,0.0,0.09113940965654876,-1.5823144214198803e-30,0.0,0.0,70.0,255.0,255.0,255.0
798,39.900000000000006,-14.9103706758642,9.66942487151156e-33,-6.000000000000012,-0.13090360244831345,-8.118064621191086e-32,0.0,0.09286487410768984,-2.2849520996652507e-30,0.0,0.0,70.0,255.0,255.0,255.0
799,39.95,-14.916799706891059,2.5342560573180906e-33,-6.000000000000012,-0.1262172291183461,-2.066867834475745e-31,0.0,0.0943605005415904,-2.2363960756392697e-30,0.0,0.0,70.0,255.0,255.0,255.0
800,40.0,-14.922992398776035,-1.0999253473245889e-32,-6.000000000000012,-0.12146755239415441,-3.0482025377583782e-31,0.0,0.0951669828332058,-8.087070172709484e-31,0.0,0.0,70.0,255.0,255.0,255.0
801,40.050000000000004,-14.928946462130474,-2.794776932026569e-32,-6.000000000000012,-0.11670053083502552,-2.8755748517466933e-31,0.0,0.09505260232245405,2.2343009797398164e-30,0.0,0.0,70.0,255.0,255.0,255.0
802,40.1,-14.934662451859538,-3.9755001990712823e-32,-6.000000000000012,-0.111962292161909,-8.139015580185617e-32,0.0,0.09424032355553891,5.905277814287945e-30,0.0,0.0,70.0,255.0,255.0,255.0
803,40.150000000000006,-14.940142691346665,-3.6086784900451306e-32,-6.000000000000012,-0.10727649847947163,3.029702962541252e-31,0.0,0.09317723072967965,8.527557328811902e-30,0.0,0.0,70.0,255.0,255.0,255.0
804,40.2,-14.945390101707485,-9.4579723653003e-33,-6.000000000000012,-0.10264456908894104,7.713655770793341e-31,0.0,0.0923068857185072,8.346343780133407e-30,0.0,0.0,70.0,255.0,255.0,255.0
805,40.25,-14.95040714825556,4.104977280748211e-32,-6.000000000000012,-0.0980458099076209,1.1376046742674659e-30,0.0,0.09206632113389901,3.018135676892661e-30,0.0,0.0,70.0,255.0,255.0,255.0
806,40.300000000000004,-14.955194682698247,1.043024950614463e-31,-6.000000000000012,-0.09343793697555114,1.0731791447686002e-30,0.0,0.09268009769733965,-8.338524775789918e-30,0.0,0.0,70.0,255.0,255.0,255.0
807,40.35,-14.959750941953114,1.4836768728434213e-31,-6.000000000000012,-0.08877780013788694,3.037521966884741e-31,0.0,0.09396848027147797,-2.2038796835731903e-29,0.0,0.0,70.0,255.0,255.0,255.0
808,40.400000000000006,-14.964072462712036,1.346777147302937e-31,-6.000000000000012,-0.08404108894840334,-1.1307005388045902e-30,0.0,0.0955570188240884,-3.182527721558236e-29,0.0,0.0,70.0,255.0,255.0,255.0
809,40.45,-14.968155050847955,3.5297633403883104e-32,-6.000000000000012,-0.0792220982554781,-2.8787755248697617e-30,0.0,0.09706538315654711,-3.1148979044894337e-29,0.0,0.0,70.0,255.0,255.0,255.0
810,40.5,-14.971994672537583,-1.531998377566825e-31,-6.000000000000012,-0.07433455063274863,-4.245598443294024e-30,0.0,0.09809575127874837,-1.1263835690299686e-29,0.0,0.0,70.0,255.0,255.0,255.0
811,40.550000000000004,-14.97558850591123,-3.8926221092551936e-31,-6.000000000000012,-0.06941252312760327,-4.00515909389973e-30,0.0,0.09844145910378188,3.111979812341984e-29,0.0,0.0,70.0,255.0,255.0,255.0
812,40.6,-14.978935924850344,-5.537157471466556e-31,-6.000000000000012,-0.06449040472237044,-1.1336186309520399e-30,0.0,0.09829302808697093,8.224990952863965e-29,0.0,0.0,70.0,255.0,255.0,255.0
813,40.650000000000006,-14.982037546383467,-5.0262407402072335e-31,-6.000000000000012,-0.05958322031890617,4.2198318589642344e-30,0.0,0.09802574292372412,1.1877355153351753e-28,0.0,0.0,70.0,255.0,255.0,255.0
814,40.7,-14.984894246882234,-1.317325612502321e-31,-6.000000000000012,-0.05468783042999803,1.0743736522399713e-29,0.0,0.09803260729484009,1.1624957239944399e-28,0.0,0.0,70.0,255.0,255.0,255.0
815,40.75,-14.987506329426466,5.7174957821924795e-31,-6.000000000000012,-0.04977995958942216,1.5844789098908633e-29,0.0,0.09883869239999399,4.203720708430608e-29,0.0,0.0,70.0,255.0,255.0,255.0
816,40.800000000000004,-14.989872242841177,1.4527463486406313e-30,-6.000000000000012,-0.04480396118999863,1.494745723083032e-29,0.0,0.10067201460621789,-1.1614066771788946e-28,0.0,0.0,70.0,255.0,255.0,255.0
817,40.85,-14.991986725545466,2.0664953013022803e-30,-6.000000000000012,-0.039712758128800374,4.230722327119685e-30,0.0,0.10286108570127794,-3.0696084127882673e-28,0.0,0.0,70.0,255.0,255.0,255.0
818,40.900000000000006,-14.993843518654057,1.8758185813525998e-30,-6.000000000000012,-0.03451785261987084,-1.5748626897052354e-29,0.0,0.10426168780313105,-4.432689289184877e-28,0.0,0.0,70.0,255.0,255.0,255.0
819,40.95,-14.995438510807453,4.91632611597045e-31,-6.000000000000012,-0.02928658934848727,-4.009617056472909e-29,0.0,0.10389696155765904,-4.338493105528815e-28,0.0,0.0,70.0,255.0,255.0,255.0
820,41.0,-14.996772177588905,-2.1337984751203097e-30,-6.000000000000012,-0.024128156464104933,-5.913355795234051e-29,0.0,0.10110239287257627,-1.568849926469246e-28,0.0,0.0,70.0,255.0,255.0,255.0
821,41.050000000000004,-14.997851326453864,-5.421723183637006e-30,-6.000000000000012,-0.01917635006122964,-5.578466982942155e-29,0.0,0.09558992303091429,4.334428727481381e-28,0.0,0.0,70.0,255.0,255.0,255.0
822,41.1,-14.998689812595028,-7.712265458062465e-30,-6.000000000000012,-0.014569164161013504,-1.5789270677526707e-29,0.0,0.08743036803622317,1.145593455586667e-27,0.0,0.0,70.0,255.0,255.0,255.0
823,41.150000000000006,-14.999308242869965,-7.000650251389677e-30,-6.000000000000012,-0.010433313257607324,5.877467572924516e-29,0.0,0.07698494176135995,1.654302164140433e-27,0.0,0.0,70.0,255.0,255.0,255.0
824,41.2,-14.999733143920789,-1.8347978851379493e-30,-6.000000000000012,-0.006870669984877509,1.4964094573651664e-28,0.0,0.06486570032198102,1.6191476698120822e-27,0.0,0.0,70.0,255.0,255.0,255.0
825,41.25,-14.999995309868453,7.963444322261989e-30,-6.000000000000012,-0.003946743225409222,2.2068944271045337e-28,0.0,0.05170092025714723,5.855027635033929e-28,0.0,0.0,70.0,255.0,255.0,255.0
826,41.300000000000004,-15.00012781824333,2.0234146385907388e-29,-6.000000000000012,-0.0017005779591627856,2.0819122208685593e-28,0.0,0.03799393429506637,-1.617630823274663e-27,0.0,0.0,70.0,255.0,255.0,255.0
827,41.35,-15.00016536766437,2.878256653094758e-29,-6.000000000000012,-0.0001473497959025849,5.892636038298708e-29,0.0,0.024476649615223778,-4.275412981067842e-27,0.0,0.0,70.0,255.0,255.0,255.0
828,41.400000000000006,-15.00014255322292,2.6126782424206096e-29,-6.000000000000012,0.0007470870023595921,-2.193500760199283e-28,0.0,0.012245351677897531,-6.173939727643245e-27,0.0,0.0,70.0,255.0,255.0,255.0
829,41.45,-15.000090658964133,6.847558928954751e-30,-6.000000000000012,0.0010771853718871682,-5.584676123813374e-28,0.0,0.002397626430905575,-6.042741368695447e-27,0.0,0.0,70.0,255.0,255.0,255.0
830,41.5,-15.000034834685732,-2.971997881392765e-29,-6.000000000000012,0.0009868496454501496,-8.23624212889473e-28,0.0,-0.004226073900959193,-2.1851260613666466e-27,0.0,0.0,70.0,255.0,255.0,255.0
831,41.550000000000004,-14.999991973999588,-7.551486235999255e-29,-6.000000000000012,0.0006545779817912489,-7.769802185180021e-28,0.0,-0.0072975017024745625,6.0370804203505104e-27,0.0,0.0,70.0,255.0,255.0,255.0
832,41.6,-14.999969376887552,-1.0741800066572787e-28,-6.000000000000012,0.0002570994752026934,-2.19916170854422e-28,0.0,-0.007236453675929511,1.5956058468684704e-26,0.0,0.0,70.0,255.0,255.0,255.0
833,41.650000000000006,-14.999966264052068,-9.750647944543475e-29,-6.000000000000012,-6.906738580170213e-05,8.186256283504683e-28,0.0,-0.005011196958193409,2.3041456746432553e-26,0.0,0.0,70.0,255.0,255.0,255.0
834,41.7,-14.999976283626133,-2.555543783068104e-29,-6.000000000000012,-0.00024402022061664752,2.0842295037888333e-27,0.0,-0.001896019565705842,2.2551817804969694e-26,0.0,0.0,70.0,255.0,255.0,255.0
835,41.75,-14.99999066607413,1.1091647093344859e-28,-6.000000000000012,-0.00025866934237228634,3.073807408847438e-27,0.0,0.0006862657899731062,8.155001481963189e-27,0.0,0.0,70.0,255.0,255.0,255.0
836,41.800000000000004,-15.00000215056037,2.8182530305406277e-28,-6.000000000000012,-0.0001753936416193369,2.8997296519851523e-27,0.0,0.0018977974560741018,-2.2530690858127378e-26,0.0,0.0,70.0,255.0,255.0,255.0
837,41.85,-15.000008205438291,4.008894361319638e-28,-6.000000000000012,-6.888959676487616e-05,8.207383230347003e-28,0.0,0.001939001918671579,-5.954882089367096e-26,0.0,0.0,70.0,255.0,255.0,255.0
838,41.900000000000006,-15.000009039520046,3.638991353575328e-28,-6.000000000000012,1.8506550247820996e-05,-3.0551524373819445e-27,0.0,0.0013427461782455907,-8.599188725808696e-26,0.0,0.0,70.0,255.0,255.0,255.0
839,41.95,-15.000006354783267,9.537419239376936e-29,-6.000000000000012,6.538502105968291e-05,-7.778450402773996e-27,0.0,0.00050803691156176,-8.416452985118335e-26,0.0,0.0,70.0,255.0,255.0,255.0
840,42.0,-15.00000250101794,-4.139459049198668e-28,-6.000000000000012,6.9310241403997e-05,-1.147160542250028e-26,0.0,-0.00018388436426874932,-3.0434879866486097e-26,0.0,0.0,70.0,255.0,255.0,255.0
841,42.050000000000004,-14.999999423759126,-1.0517863498562587e-27,-6.000000000000012,4.699658463280798e-05,-1.0821938389422606e-26,0.0,-0.0005085132958271288,8.408568301215902e-26,0.0,0.0,70.0,255.0,255.0,255.0
842,42.1,-14.999997801359477,-1.4961397438621275e-27,-6.000000000000012,1.845891182128412e-05,-3.0630371212843773e-27,0.0,-0.0005195539982238984,2.2223922510599915e-25,0.0,0.0,70.0,255.0,255.0,255.0
843,42.150000000000006,-14.999997577867944,-1.3580900619846965e-27,-6.000000000000012,-4.9588151895818555e-06,1.1401984121177313e-26,0.0,-0.0003597877540784111,3.2092609228591528e-25,0.0,0.0,70.0,255.0,255.0,255.0
844,42.2,-14.999998297240996,-3.5594133174439632e-28,-6.000000000000012,-1.7519863586556994e-05,2.902957210730715e-26,0.0,-0.0001361280801859266,3.1410630159976365e-25,0.0,0.0,70.0,255.0,255.0,255.0
845,42.25,-14.999999329854303,1.5448671487460188e-27,-6.000000000000012,-1.8571623208174515e-05,4.281261428115368e-26,0.0,4.927166674661976e-05,1.135845179839812e-25,0.0,0.0,70.0,255.0,255.0,255.0
846,42.300000000000004,-15.000000154403317,3.925320096370972e-27,-6.000000000000012,-1.2592696911895018e-05,4.0388023905705273e-26,0.0,0.000136255726879142,-3.138120411905086e-25,0.0,0.0,70.0,255.0,255.0,255.0
847,42.35,-15.000000589123994,5.5836695393165464e-27,-6.000000000000012,-4.9460505202603144e-06,1.143141016210282e-26,0.0,0.00013921407440165012,-8.294080795303255e-25,0.0,0.0,70.0,255.0,255.0,255.0
848,42.400000000000006,-15.000000649008369,5.068461112581254e-27,-6.000000000000012,1.328710528269994e-06,-4.2552784047327285e-26,0.0,9.640483824568946e-05,-1.197712481885574e-24,0.0,0.0,70.0,255.0,255.0,255.0
849,42.45,-15.000000456252941,1.3283911345838177e-27,-6.000000000000012,4.694433304308632e-06,-1.083398380264546e-25,0.0,3.647540918194636e-05,-1.1722606765478717e-24,0.0,0.0,70.0,255.0,255.0,255.0
850,42.5,-15.000000179565038,-5.765522690064207e-27,-6.000000000000012,4.97625144646463e-06,-1.5977885170211446e-25,0.0,-1.3202303428272444e-05,-4.239031920694386e-25,0.0,0.0,70.0,255.0,255.0,255.0
851,42.550000000000004,-14.999999958627797,-1.4649494035627628e-26,-6.000000000000012,3.3742029614813873e-06,-1.5073015723339845e-25,0.0,-3.650961204471059e-05,1.1711624817498754e-24,0.0,0.0,70.0,255.0,255.0,255.0
852,42.6,-14.999999842144742,-2.0838538413404054e-26,-6.000000000000012,1.3252902419935708e-06,-4.266260352712691e-26,0.0,-3.730229849452371e-05,3.0953930930153028e-24,0.0,0.0,70.0,255.0,255.0,255.0
853,42.650000000000006,-14.999999826098772,-1.891575438834032e-26,-6.000000000000012,-3.560268879709838e-07,1.588091520681318e-25,0.0,-2.5831598371439668e-05,4.4699238352563815e-24,0.0,0.0,70.0,255.0,255.0,255.0
854,42.7,-14.999999877747431,-4.957623206590873e-27,-6.000000000000012,-1.257869595150396e-06,4.0432977999851126e-25,0.0,-9.77355689713022e-06,4.374936404591722e-24,0.0,0.0,70.0,255.0,255.0,255.0
855,42.75,-14.999999951885732,2.151722361151081e-26,-6.000000000000012,-1.3333825776840058e-06,5.96302792527304e-25,0.0,3.537546078291598e-06,1.5820282502937752e-24,0.0,0.0,70.0,255.0,255.0,255.0
856,42.800000000000004,-15.000000011085689,5.467265604613954e-26,-6.000000000000012,-9.041149873212362e-07,5.625326050278888e-25,0.0,9.782721122064686e-06,-4.370837885808992e-24,0.0,0.0,70.0,255.0,255.0,255.0
857,42.85,-15.00000004229723,7.777048411429968e-26,-6.000000000000012,-3.551104654775372e-07,1.5921900394640482e-25,0.0,9.995121175165878e-06,-1.1552164292530888e-23,0.0,0.0,70.0,255.0,255.0,255.0
858,42.900000000000006,-15.000000046596735,7.059455644078002e-26,-6.000000000000012,9.539713019535156e-08,-5.926838242252001e-25,0.0,6.921556305883314e-06,-1.668198285913995e-23,0.0,0.0,70.0,255.0,255.0,255.0
859,42.95,-15.000000032757518,1.8502101691779675e-26,-6.000000000000012,3.370451651107942e-07,-1.5089792819675903e-24,0.0,2.6188164525819957e-06,-1.632748494181902e-23,0.0,0.0,70.0,255.0,255.0,255.0
860,43.0,-15.000000012892219,-8.030337175597903e-26,-6.000000000000012,3.5727877545355113e-07,-2.225432318407102e-24,0.0,-9.478828388864713e-07,-5.9042098091056615e-24,0.0,0.0,70.0,255.0,255.0,255.0
861,43.050000000000004,-14.99999999702964,-2.0404113014893055e-25,-6.000000000000012,2.4225688122214706e-07,-2.0994002628781565e-24,0.0,-2.6212722659124665e-06,1.6312189061486103e-23,0.0,0.0,70.0,255.0,255.0,255.0
862,43.1,-14.99999998866653,-2.9024339804379467e-25,-6.000000000000012,9.515154886230448e-08,-5.942134122584915e-25,0.0,-2.6781847850543272e-06,4.3113264077108236e-23,0.0,0.0,70.0,255.0,255.0,255.0
863,43.150000000000006,-14.999999987514485,-2.634624713747797e-25,-6.000000000000012,-2.5561597283285664e-08,2.2119261448326675e-24,0.0,-1.8546250757367488e-06,6.22580076013034e-23,0.0,0.0,70.0,255.0,255.0,255.0
864,43.2,-14.99999999122269,-6.905078356052789e-26,-6.000000000000012,-9.03109587113704e-08,5.631587347871849e-24,0.0,-7.017096237404985e-07,6.093500336268438e-23,0.0,0.0,70.0,255.0,255.0,255.0
865,43.25,-14.999999996545581,2.9969626341240526e-25,-6.000000000000012,-9.573255965733551e-08,8.305426481101105e-24,0.0,2.5398421144018357e-07,2.2034810986128876e-23,0.0,0.0,70.0,255.0,255.0,255.0
866,43.300000000000004,-15.000000000795946,7.614918645495826e-25,-6.000000000000012,-6.491253756735205e-08,7.835068446484737e-24,0.0,7.023677639494963e-07,-6.087791836013545e-23,0.0,0.0,70.0,255.0,255.0,255.0
867,43.35,-15.000000003036835,1.083203108060879e-24,-6.000000000000012,-2.5495783262385885e-08,2.2176346450875593e-24,0.0,7.176174321443796e-07,-1.609008920159021e-22,0.0,0.0,70.0,255.0,255.0,255.0
868,43.400000000000006,-15.000000003345525,9.832553290583385e-25,-6.000000000000012,6.84920564708591e-09,-8.255020755105474e-24,0.0,4.969454181491528e-07,-2.323500475460736e-22,0.0,0.0,70.0,255.0,255.0,255.0
869,43.45,-15.000000002351914,2.577010325503315e-25,-6.000000000000012,2.4198758552529398e-08,-2.1017370109519802e-23,0.0,1.880223976513662e-07,-2.274125285089183e-22,0.0,0.0,70.0,255.0,255.0,255.0
870,43.5,-15.000000000925649,-1.1184816818936417e-24,-6.000000000000012,2.565144541222253e-08,-3.0996273605997307e-23,0.0,-6.80548950526827e-08,-8.223503413540981e-23,0.0,0.0,70.0,255.0,255.0,255.0
871,43.550000000000004,-14.99999999978677,-2.8419263280493992e-24,-6.000000000000012,1.739326904726113e-08,-2.9240873523060783e-23,0.0,-1.8819843461415076e-07,2.2719948437905546e-22,0.0,0.0,70.0,255.0,255.0,255.0
872,43.6,-14.999999999186322,-4.04256903419972e-24,-6.000000000000012,6.831601950807453e-09,-8.276325168091759e-24,0.0,-1.922852987945589e-07,6.004903039865e-22,0.0,0.0,70.0,255.0,255.0,255.0
873,43.650000000000006,-14.99999999910361,-3.669558844858575e-24,-6.000000000000012,-1.8352608321947628e-09,3.0808156875589226e-23,0.0,-1.3315641922417853e-07,8.671421825829912e-22,0.0,0.0,70.0,255.0,255.0,255.0
874,43.7,-14.999999999369848,-9.617533466407971e-25,-6.000000000000012,-6.4840399716104e-09,7.843789309020737e-23,0.0,-5.0380322136334144e-08,8.487151106729888e-22,0.0,0.0,70.0,255.0,255.0,255.0
875,43.75,-14.999999999752013,4.1742304641621625e-24,-6.000000000000012,-6.873293045828177e-09,1.1567966794288811e-22,0.0,1.823519113486327e-08,3.069053255555101e-22,0.0,0.0,70.0,255.0,255.0,255.0
876,43.800000000000004,-15.000000000057177,1.0606213447648015e-23,-6.000000000000012,-4.660520858124073e-09,1.0912842564575838e-22,0.0,5.042792849963007e-08,-8.479200191560866e-22,0.0,0.0,70.0,255.0,255.0,255.0
877,43.85,-15.000000000218066,1.5087073028738002e-23,-6.000000000000012,-1.83050019586517e-09,3.088766602727946e-23,0.0,5.1522874855436385e-08,-2.2410603239300976e-21,0.0,0.0,70.0,255.0,255.0,255.0
878,43.900000000000006,-15.000000000240227,1.369498005037596e-23,-6.000000000000012,4.917666274195653e-10,-1.149776067472514e-22,0.0,3.567883766208979e-08,-3.236218682785892e-21,0.0,0.0,70.0,255.0,255.0,255.0
879,43.95,-15.000000000168889,3.5893123540128625e-24,-6.000000000000012,1.737383570343809e-09,-2.9273420225130977e-22,0.0,1.3499068529654323e-08,-3.167447914183039e-21,0.0,0.0,70.0,255.0,255.0,255.0
880,44.0,-15.000000000066489,-1.5578440174755013e-23,-6.000000000000012,1.8416734803849977e-09,-4.317223981655553e-22,0.0,-4.886047122454329e-09,-1.1453862680866318e-21,0.0,0.0,70.0,255.0,255.0,255.0
881,44.050000000000004,-14.999999999984722,-3.958292746254267e-23,-6.000000000000012,1.248778858098376e-09,-4.0727282905997296e-22,0.0,-1.3511858298898005e-08,3.1644805922452916e-21,0.0,0.0,70.0,255.0,255.0,255.0
882,44.1,-14.999999999941611,-5.630572308075231e-23,-6.000000000000012,4.904876504951972e-10,-1.1527433894102613e-22,0.0,-1.3805490084450867e-08,8.363750991733894e-21,0.0,0.0,70.0,255.0,255.0,255.0
883,44.150000000000006,-14.999999999935673,-5.111036135664528e-23,-6.000000000000012,-1.3177015034671058e-10,4.291022701134164e-22,0.0,-9.560174873968208e-09,1.2077732548560574e-20,0.0,0.0,70.0,255.0,255.0,255.0
884,44.2,-14.999999999954788,-1.3395496069410662e-23,-6.000000000000012,-4.6552983690162364e-10,1.0924989159150314e-21,0.0,-3.61701779638679e-09,1.182107654605916e-20,0.0,0.0,70.0,255.0,255.0,255.0
885,44.25,-14.999999999982226,5.813953023485787e-23,-6.000000000000012,-4.934719299853896e-10,1.6112099247193327e-21,0.0,1.3091749906379846e-09,4.274639746791016e-21,0.0,0.0,70.0,255.0,255.0,255.0
886,44.300000000000004,-15.000000000004135,1.4772549640252262e-22,-6.000000000000012,-3.346123378378252e-10,1.519962890594133e-21,0.0,3.6205705100655905e-09,-1.1810002349825077e-20,0.0,0.0,70.0,255.0,255.0,255.0
887,44.35,-15.000000000015687,2.1013581929427116e-22,-6.000000000000012,-1.3141487897883053e-10,4.302096897368249e-22,0.0,3.6992631180510216e-09,-3.121394364300546e-20,0.0,0.0,70.0,255.0,255.0,255.0
888,44.400000000000006,-15.000000000017277,1.907464653762051e-22,-6.000000000000012,3.531397396727698e-11,-1.6014314737064137e-21,0.0,2.561506562415161e-09,-4.507471151145639e-20,0.0,0.0,70.0,255.0,255.0,255.0
889,44.45,-15.000000000012156,4.999267192362977e-23,-6.000000000000012,1.247357772626856e-10,-4.077261461408815e-21,0.0,9.690026558928366e-10,-4.4116858270053617e-20,0.0,0.0,70.0,255.0,255.0,255.0
890,44.5,-15.000000000004803,-2.169796807646764e-22,-6.000000000000012,1.3221423955656064e-10,-6.013117300711775e-21,0.0,-3.5065284009760944e-10,-1.595317271907743e-20,0.0,0.0,70.0,255.0,255.0,255.0
891,44.550000000000004,-14.999999999998934,-5.513190581475477e-22,-6.000000000000012,8.967049325292464e-11,-5.672578733316558e-21,0.0,-9.698908343125368e-10,4.4075528807055017e-20,0.0,0.0,70.0,255.0,255.0,255.0
892,44.6,-14.999999999995836,-7.842375540963322e-22,-6.000000000000012,3.5225156125306967e-11,-1.6055644200062727e-21,0.0,-9.915623877532198e-10,1.1649202358028799e-19,0.0,0.0,70.0,255.0,255.0,255.0
893,44.650000000000006,-14.999999999995412,-7.11875500148175e-22,-6.000000000000012,-9.485745522397337e-12,5.97662362471224e-21,0.0,-6.863842827442568e-10,1.6822111349726505e-19,0.0,0.0,70.0,255.0,255.0,255.0
894,44.7,-14.999999999996785,-1.865751916251083e-22,-6.000000000000012,-3.341327214911871e-11,1.5216546929720233e-20,0.0,-2.5934809855243657e-10,1.6464635653415528e-19,0.0,0.0,70.0,255.0,255.0,255.0
895,44.75,-14.999999999998753,8.097791928238482e-22,-6.000000000000012,-3.5420555377640994e-11,2.244125927812777e-20,0.0,9.379164112033322e-11,5.953805112951873e-20,0.0,0.0,70.0,255.0,255.0,255.0
896,44.800000000000004,-15.000000000000327,2.0575507361876687e-21,-6.000000000000012,-2.403410803708539e-11,2.1170352042672107e-20,0.0,2.6005864128819667e-10,-1.6449211287839498e-19,0.0,0.0,70.0,255.0,255.0,255.0
897,44.85,-15.000000000001156,2.9268143970910588e-21,-6.000000000000012,-9.414691248821327e-12,5.99204799028827e-21,0.0,2.6574298317427747e-10,-4.347541506781466e-19,0.0,0.0,70.0,255.0,255.0,255.0
898,44.900000000000006,-15.000000000001268,2.6567555352164957e-21,-6.000000000000012,2.540190280342358e-12,-2.2305063025142553e-20,0.0,1.836752971939859e-10,-6.278097424776037e-19,0.0,0.0,70.0,255.0,255.0,255.0
899,44.95,-15.000000000000902,6.963080945768034e-22,-6.000000000000012,8.952838470577262e-12,-5.678892625747211e-20,0.0,6.945555242054979e-11,-6.144685678665675e-19,0.0,0.0,70.0,255.0,255.0,255.0
900,45.0,-15.000000000000373,-3.0221370905307164e-21,-6.000000000000012,9.485745522397337e-12,-8.37519198117993e-20,0.0,-2.5224267119483557e-11,-2.2219903179899726e-19,0.0,0.0,70.0,255.0,255.0,255.0
901,45.050000000000004,-14.999999999999954,-7.678883886603127e-21,-6.000000000000012,6.430411758628907e-12,-7.900882943737184e-20,0.0,-6.963318810448982e-11,6.138929227065248e-19,0.0,0.0,70.0,255.0,255.0,255.0
902,45.1,-14.99999999999973,-1.0923020034267902e-20,-6.000000000000012,2.5224267119483557e-12,-2.2362627541146828e-20,0.0,-7.105427357601002e-11,1.6225245791322976e-18,0.0,0.0,70.0,255.0,255.0,255.0
903,45.150000000000006,-14.999999999999702,-9.91514664071781e-21,-6.000000000000012,-6.750155989720952e-13,8.324362847585794e-20,0.0,-4.902744876744691e-11,2.3430178564131503e-18,0.0,0.0,70.0,255.0,255.0,255.0
904,45.2,-14.999999999999797,-2.5986571866821077e-21,-6.000000000000012,-2.3803181647963356e-12,2.1193915810016822e-19,0.0,-1.8829382497642655e-11,2.2932279149321147e-18,0.0,0.0,70.0,255.0,255.0,255.0
905,45.25,-14.99999999999994,1.1278769169299012e-20,-6.000000000000012,-2.5579538487363607e-12,3.125664199690694e-19,0.0,6.394884621840902e-12,8.292580760664707e-19,0.0,0.0,70.0,255.0,255.0,255.0
906,45.300000000000004,-15.000000000000053,2.8657984810224835e-20,-6.000000000000012,-1.7408297026122455e-12,2.948649657068153e-19,0.0,1.8829382497642655e-11,-2.2910795779477043e-18,0.0,0.0,70.0,255.0,255.0,255.0
907,45.35,-15.000000000000114,4.076526573998054e-20,-6.000000000000012,-6.750155989720952e-13,8.345846217429898e-20,0.0,1.9184653865522705e-11,-6.0553441658510455e-18,0.0,0.0,70.0,255.0,255.0,255.0
908,45.400000000000006,-15.00000000000012,3.700383102765473e-20,-6.000000000000012,1.7763568394002505e-13,-3.1066945087828926e-19,0.0,1.3145040611561853e-11,-8.744261683174997e-18,0.0,0.0,70.0,255.0,255.0,255.0
909,45.45,-15.000000000000096,9.698320652151618e-21,-6.000000000000012,6.394884621840902e-13,-7.909677061432008e-19,0.0,5.329070518200751e-12,-8.558443091861892e-18,0.0,0.0,70.0,255.0,255.0,255.0
910,45.5,-15.000000000000057,-4.2092939586665344e-20,-6.000000000000012,7.105427357601002e-13,-1.1665137600644784e-18,0.0,-1.7763568394002505e-12,-3.0948332724668855e-18,0.0,0.0,70.0,255.0,255.0,255.0
911,45.550000000000004,-15.000000000000025,-1.0695305535429622e-19,-6.000000000000012,4.618527782440651e-13,-1.1004510333898893e-18,0.0,-5.5067062021407764e-12,8.550425389084295e-18,0.0,0.0,70.0,255.0,255.0,255.0
912,45.6,-15.00000000000001,-1.5213804292565428e-19,-6.000000000000012,1.5987211554602254e-13,-3.114712211560489e-19,0.0,-5.151434834260726e-12,2.2598852084271887e-17,0.0,0.0,70.0,255.0,255.0,255.0
913,45.650000000000006,-15.000000000000009,-1.3810017746990112e-19,-6.000000000000012,-5.3290705182007514e-14,1.1594341750372996e-18,0.0,-3.375077994860476e-12,3.2634028876286833e-17,0.0,0.0,70.0,255.0,255.0,255.0
914,45.7,-15.000000000000016,-3.619462542192434e-20,-6.000000000000012,-1.7763568394002505e-13,2.9519316664726348e-18,0.0,-1.0658141036401503e-12,3.1940544452515434e-17,0.0,0.0,70.0,255.0,255.0,255.0
915,45.75,-15.000000000000027,1.5709298917736233e-19,-6.000000000000012,-1.5987211554602254e-13,4.353488620288843e-18,0.0,8.881784197001252e-13,1.1550075013801058e-17,0.0,0.0,70.0,255.0,255.0,255.0
916,45.800000000000004,-15.000000000000032,3.9915423660695996e-19,-6.000000000000012,-8.881784197001252e-14,4.1069391678527406e-18,0.0,1.2434497875801753e-12,-3.191062197838946e-17,0.0,0.0,70.0,255.0,255.0,255.0
917,45.85,-15.000000000000036,5.677869059626364e-19,-6.000000000000012,-3.552713678800501e-14,1.1624264224498963e-18,0.0,8.881784197001252e-13,-8.434006417123646e-17,0.0,0.0,70.0,255.0,255.0,255.0
918,45.900000000000006,-15.000000000000036,5.153968788519496e-19,-6.000000000000012,0.0,-4.327067249270906e-18,0.0,5.329070518200751e-13,-1.2179185382197228e-16,0.0,0.0,70.0,255.0,255.0,255.0
919,45.95,-15.000000000000036,1.3508018103554575e-19,-6.000000000000012,1.7763568394002505e-14,-1.1016758959747334e-17,0.0,3.552713678800501e-13,-1.192037347181999e-16,0.0,0.0,70.0,255.0,255.0,255.0
920,46.0,-15.000000000000034,-5.862790171227839e-19,-6.000000000000012,3.552713678800501e-14,-1.6247440721090895e-17,0.0,0.0,-4.310546678273739e-17,0.0,0.0,70.0,255.0,255.0,255.0
921,46.050000000000004,-15.000000000000032,-1.489663891073544e-18,-6.000000000000012,1.7763568394002505e-14,-1.5327305638021073e-17,0.0,-1.7763568394002505e-13,1.1909206252447357e-16,0.0,0.0,70.0,255.0,255.0,255.0
922,46.1,-15.000000000000032,-2.1190095809248916e-18,-6.000000000000012,1.7763568394002505e-14,-4.338234468643536e-18,0.0,-1.7763568394002505e-13,3.1476140460067393e-16,0.0,0.0,70.0,255.0,255.0,255.0
923,46.150000000000006,-15.00000000000003,-1.9234873379378976e-18,-6.000000000000012,0.0,1.6148834822046324e-17,0.0,-3.552713678800501e-13,4.545333864116024e-16,0.0,0.0,70.0,255.0,255.0,255.0
924,46.2,-15.000000000000032,-5.04126098720259e-19,-6.000000000000012,-1.7763568394002505e-14,4.11151041725167e-17,0.0,0.0,4.44874394420284e-16,0.0,0.0,70.0,255.0,255.0,255.0
925,46.25,-15.000000000000032,2.188023079313773e-18,-6.000000000000012,0.0,6.063627426407473e-17,0.0,1.7763568394002505e-13,1.6087179211714853e-16,0.0,0.0,70.0,255.0,255.0,255.0
926,46.300000000000004,-15.000000000000032,5.559501327687215e-18,-6.000000000000012,0.0,5.720228338423156e-17,0.0,0.0,-4.444576281195048e-16,0.0,0.0,70.0,255.0,255.0,255.0
927,46.35,-15.000000000000032,7.90825141773693e-18,-6.000000000000012,0.0,1.6190511452124247e-17,0.0,0.0,-1.1747055542314595e-15,0.0,0.0,70.0,255.0,255.0,255.0
928,46.400000000000006,-15.000000000000032,7.17855247289964e-18,-6.000000000000012,0.0,-6.026827203891441e-17,0.0,0.0,-1.6963416918244374e-15,0.0,0.0,70.0,255.0,255.0,255.0
929,46.45,-15.000000000000032,1.881424213845488e-18,-6.000000000000012,0.0,-1.5344365773031952e-16,0.0,0.0,-1.6602938429629358e-15,0.0,0.0,70.0,255.0,255.0,255.0
930,46.5,-15.000000000000032,-8.165813300132311e-18,-6.000000000000012,0.0,-2.26297656335208e-16,0.0,0.0,-6.003817016858558e-16,0.0,0.0,70.0,255.0,255.0,255.0
931,46.550000000000004,-15.000000000000032,-2.0748341419675314e-17,-6.000000000000012,0.0,-2.134818278989051e-16,0.0,0.0,1.6587384499535453e-15,0.0,0.0,70.0,255.0,255.0,255.0
932,46.6,-15.000000000000032,-2.951399609002282e-17,-6.000000000000012,0.0,-6.042381133985346e-17,0.0,0.0,4.384060812325163e-15,0.0,0.0,70.0,255.0,255.0,255.0
933,46.650000000000006,-15.000000000000032,-2.679072255366066e-17,-6.000000000000012,0.0,2.2492425333361125e-16,0.0,0.0,6.330833380886145e-15,0.0,0.0,70.0,255.0,255.0,255.0
934,46.7,-15.000000000000032,-7.021570756661693e-18,-6.000000000000012,0.0,5.726595267487612e-16,0.0,0.0,6.19630097743146e-15,0.0,0.0,70.0,255.0,255.0,255.0
935,46.75,-15.000000000000032,3.047523012121547e-17,-6.000000000000012,0.0,8.445543510767573e-16,0.0,0.0,2.2406550146262792e-15,0.0,0.0,70.0,255.0,255.0,255.0
936,46.800000000000004,-15.000000000000032,7.743386435101405e-17,-6.000000000000012,0.0,7.967250282113891e-16,0.0,0.0,-6.190496171694676e-15,0.0,0.0,70.0,255.0,255.0,255.0
937,46.85,-15.000000000000032,1.1014773294235438e-16,-6.000000000000012,0.0,2.255047339072896e-16,0.0,0.0,-1.6361537695069197e-14,0.0,0.0,70.0,255.0,255.0,255.0
938,46.900000000000006,-15.000000000000032,9.9984337741743e-17,-6.000000000000012,0.0,-8.394287412955306e-16,0.0,0.0,-2.3626991831720155e-14,0.0,0.0,70.0,255.0,255.0,255.0
939,46.95,-15.000000000000032,2.6204858812801315e-17,-6.000000000000012,0.0,-2.137194449264726e-15,0.0,0.0,-2.3124910066762914e-14,0.0,0.0,70.0,255.0,255.0,255.0
940,47.0,-15.000000000000032,-1.137351071847296e-16,-6.000000000000012,0.0,-3.1519197479718222e-15,0.0,0.0,-8.362238356819254e-15,0.0,0.0,70.0,255.0,255.0,255.0
941,47.050000000000004,-15.000000000000032,-2.8898711598438093e-16,-6.000000000000012,0.0,-2.9734182849466513e-15,0.0,0.0,2.310324623682517e-14,0.0,0.0,70.0,255.0,255.0,255.0
942,47.1,-15.000000000000032,-4.1107693567939475e-16,-6.000000000000012,0.0,-8.41595124289305e-16,0.0,0.0,6.106208996795163e-14,0.0,0.0,70.0,255.0,255.0,255.0
943,47.150000000000006,-15.000000000000032,-3.7314662841331143e-16,-6.000000000000012,0.0,3.1327907118485118e-15,0.0,0.0,8.817713394599444e-14,0.0,0.0,70.0,255.0,255.0,255.0
944,47.2,-15.000000000000032,-9.779786449454355e-17,-6.000000000000012,0.0,7.97611827031014e-15,0.0,0.0,8.630333928962017e-14,0.0,0.0,70.0,255.0,255.0,255.0
945,47.25,-15.000000000000032,4.244651986177026e-16,-6.000000000000012,0.0,1.1763124640810529e-14,0.0,0.0,3.1208298412650777e-14,0.0,0.0,70.0,255.0,255.0,255.0
946,47.300000000000004,-15.000000000000032,1.0785145995865093e-15,-6.000000000000012,0.0,1.1096948111575218e-14,0.0,0.0,-8.622248877560591e-14,0.0,0.0,70.0,255.0,255.0,255.0
947,47.35,-15.000000000000032,1.5341600097752244e-15,-6.000000000000012,0.0,3.1408757632499364e-15,0.0,0.0,-2.278868221767374e-13,0.0,0.0,70.0,255.0,255.0,255.0
948,47.400000000000006,-15.000000000000032,1.392602175911503e-15,-6.000000000000012,0.0,-1.169173410609852e-14,0.0,0.0,-3.290815439522578e-13,0.0,0.0,70.0,255.0,255.0,255.0
949,47.45,-15.000000000000032,3.649865991653725e-16,-6.000000000000012,0.0,-2.9767278631975846e-14,0.0,0.0,-3.2208844709171784e-13,0.0,0.0,70.0,255.0,255.0,255.0
950,47.5,-15.000000000000032,-1.584125687286082e-15,-6.000000000000012,0.0,-4.3900578815270306e-14,0.0,0.0,-1.164709552937836e-13,0.0,0.0,70.0,255.0,255.0,255.0
951,47.550000000000004,-15.000000000000032,-4.025071282361658e-15,-6.000000000000012,0.0,-4.141437416135421e-14,0.0,0.0,3.217867088655988e-13,0.0,0.0,70.0,255.0,255.0,255.0
952,47.6,-15.000000000000032,-5.725563103421503e-15,-6.000000000000012,0.0,-1.1721907928710424e-14,0.0,0.0,8.504851987389974e-13,0.0,0.0,70.0,255.0,255.0,255.0
953,47.650000000000006,-15.000000000000032,-5.1972620752327005e-15,-6.000000000000012,0.0,4.3634145712545533e-14,0.0,0.0,1.2281490418630365e-12,0.0,0.0,70.0,255.0,255.0,255.0
954,47.7,-15.000000000000032,-1.3621485321669494e-15,-6.000000000000012,0.0,1.1109299625759324e-13,0.0,0.0,1.2020504490772517e-12,0.0,0.0,70.0,255.0,255.0,255.0
955,47.75,-15.000000000000032,5.912037550526623e-15,-6.000000000000012,0.0,1.6383919062027072e-13,0.0,0.0,4.346755227624845e-13,0.0,0.0,70.0,255.0,255.0,255.0
956,47.800000000000004,-15.000000000000032,1.5021770529860123e-14,-6.000000000000012,0.0,1.545605485338417e-13,0.0,0.0,-1.2009243466867894e-12,0.0,0.0,70.0,255.0,255.0,255.0
957,47.85,-15.000000000000032,2.136809240391079e-14,-6.000000000000012,0.0,4.374675595159179e-14,0.0,0.0,-3.1740539727792544e-12,0.0,0.0,70.0,255.0,255.0,255.0
958,47.900000000000006,-15.000000000000032,1.9396446125019302e-14,-6.000000000000012,0.0,-1.6284484874408372e-13,0.0,0.0,-4.5835146234998885e-12,0.0,0.0,70.0,255.0,255.0,255.0
959,47.95,-15.000000000000032,5.083607529502421e-15,-6.000000000000012,0.0,-4.1460470639839714e-13,0.0,0.0,-4.486113349217288e-12,0.0,0.0,70.0,255.0,255.0,255.0
960,48.0,-15.000000000000032,-2.206402451482041e-14,-6.000000000000012,0.0,-6.114561836658125e-13,0.0,0.0,-1.622231135756151e-12,0.0,0.0,70.0,255.0,255.0,255.0
961,48.050000000000004,-15.000000000000032,-5.606201083707883e-14,-6.000000000000012,0.0,-5.768278199740123e-13,0.0,0.0,4.481910677881559e-12,0.0,0.0,70.0,255.0,255.0,255.0
962,48.1,-15.000000000000032,-7.974680651222164e-14,-6.000000000000012,0.0,-1.6326511587765665e-13,0.0,0.0,1.1845730692378013e-11,0.0,0.0,70.0,255.0,255.0,255.0
963,48.150000000000006,-15.000000000000032,-7.23885224248445e-14,-6.000000000000012,0.0,6.077452492637891e-13,0.0,0.0,1.710590945213652e-11,0.0,0.0,70.0,255.0,255.0,255.0
964,48.2,-15.000000000000032,-1.897228158584274e-14,-6.000000000000012,0.0,1.5473258293359952e-12,0.0,0.0,1.6742402947791897e-11,0.0,0.0,70.0,255.0,255.0,255.0
965,48.25,-15.000000000000032,8.234406050875502e-14,-6.000000000000012,0.0,2.2819855440429788e-12,0.0,0.0,6.054249020262125e-12,0.0,0.0,70.0,255.0,255.0,255.0
966,48.300000000000004,-15.000000000000032,2.0922627281845515e-13,-6.000000000000012,0.0,2.1527507313622077e-12,0.0,0.0,-1.6726718364839437e-11,0.0,0.0,70.0,255.0,255.0,255.0
967,48.35,-15.000000000000032,2.976191336449758e-13,-6.000000000000012,0.0,6.09313707559035e-13,0.0,0.0,-4.420886879673279e-11,0.0,0.0,70.0,255.0,255.0,255.0
968,48.400000000000006,-15.000000000000032,2.7015764357435865e-13,-6.000000000000012,0.0,-2.2681361483110723e-12,0.0,0.0,-6.384012318504617e-11,0.0,0.0,70.0,255.0,255.0,255.0
969,48.45,-15.000000000000032,7.080551881386854e-14,-6.000000000000012,0.0,-5.774698610945583e-12,0.0,0.0,-6.24834984419503e-11,0.0,0.0,70.0,255.0,255.0,255.0
970,48.5,-15.000000000000032,-3.0731221752019967e-13,-6.000000000000012,0.0,-8.516485992506103e-12,0.0,0.0,-2.259476494529238e-11,0.0,0.0,70.0,255.0,255.0,255.0
971,48.550000000000004,-15.000000000000032,-7.808430804367419e-13,-6.000000000000012,0.0,-8.034175105474821e-12,0.0,0.0,6.242496278147622e-11,0.0,0.0,70.0,255.0,255.0,255.0
972,48.6,-15.000000000000032,-1.1107297280676818e-12,-6.000000000000012,0.0,-2.273989714358481e-12,0.0,0.0,1.649897444945533e-10,0.0,0.0,70.0,255.0,255.0,255.0
973,48.650000000000006,-15.000000000000032,-1.00824205187259e-12,-6.000000000000012,0.0,8.464799343980507e-12,0.0,0.0,2.3825458328804817e-10,0.0,0.0,70.0,255.0,255.0,255.0
974,48.7,-15.000000000000032,-2.64249793669631e-13,-6.000000000000012,0.0,2.1551468614446338e-11,0.0,0.0,2.331915908200092e-10,0.0,0.0,70.0,255.0,255.0,255.0
975,48.75,-15.000000000000032,1.1469048095720438e-12,-6.000000000000012,0.0,3.178395842598143e-11,0.0,0.0,8.432481076090726e-11,0.0,0.0,70.0,255.0,255.0,255.0
976,48.800000000000004,-15.000000000000032,2.914146048928512e-12,-6.000000000000012,0.0,2.9983949690537065e-11,0.0,0.0,-2.329731327610654e-10,0.0,0.0,70.0,255.0,255.0,255.0
977,48.85,-15.000000000000032,4.145299778625751e-12,-6.000000000000012,0.0,8.486645149874887e-12,0.0,0.0,-6.1575010918148e-10,0.0,0.0,70.0,255.0,255.0,255.0
978,48.900000000000006,-15.000000000000032,3.762810563916001e-12,-6.000000000000012,0.0,-3.1591061227610936e-11,0.0,0.0,-8.891782099671462e-10,0.0,0.0,70.0,255.0,255.0,255.0
979,48.95,-15.000000000000032,9.861936558646568e-13,-6.000000000000012,0.0,-8.043117584683974e-11,0.0,0.0,-8.702828648380866e-10,0.0,0.0,70.0,255.0,255.0,255.0
980,49.0,-15.000000000000032,-4.280307020767974e-12,-6.000000000000012,0.0,-1.186193477114196e-10,0.0,0.0,-3.1470447809833665e-10,0.0,0.0,70.0,255.0,255.0,255.0
981,49.050000000000004,-15.000000000000032,-1.0875741115277305e-11,-6.000000000000012,0.0,-1.119016236566734e-10,0.0,0.0,8.69467568262785e-10,0.0,0.0,70.0,255.0,255.0,255.0
982,49.1,-15.000000000000032,-1.5470469386435316e-11,-6.000000000000012,0.0,-3.167259088514109e-11,0.0,0.0,2.298010692231366e-09,0.0,0.0,70.0,255.0,255.0,255.0
983,49.150000000000006,-15.000000000000032,-1.4043000203791414e-11,-6.000000000000012,0.0,1.1789944556646322e-10,0.0,0.0,3.318458256580537e-09,0.0,0.0,70.0,255.0,255.0,255.0
984,49.2,-15.000000000000032,-3.680524829788993e-12,-6.000000000000012,0.0,3.0017323477291265e-10,0.0,0.0,3.247939868532338e-09,0.0,0.0,70.0,255.0,255.0,255.0
985,49.25,-15.000000000000032,1.5974323273499856e-11,-6.000000000000012,0.0,4.42693432419697e-10,0.0,0.0,1.1744931016324396e-09,0.0,0.0,70.0,255.0,255.0,255.0
986,49.300000000000004,-15.000000000000032,4.058881841218071e-11,-6.000000000000012,0.0,4.176225449361566e-10,0.0,0.0,-3.244897140290076e-09,0.0,0.0,70.0,255.0,255.0,255.0
987,49.35,-15.000000000000032,5.773657776711552e-11,-6.000000000000012,0.0,1.1820371839068935e-10,0.0,0.0,-8.576292659743986e-09,0.0,0.0,70.0,255.0,255.0,255.0
988,49.400000000000006,-15.000000000000032,5.240919025124964e-11,-6.000000000000012,0.0,-4.4000672103824203e-10,0.0,0.0,-1.2384654816355002e-08,0.0,0.0,70.0,255.0,255.0,255.0
989,49.45,-15.000000000000032,1.3735905663291317e-11,-6.000000000000012,0.0,-1.120261763244811e-09,0.0,0.0,-1.2121476609291268e-08,0.0,0.0,70.0,255.0,255.0,255.0
990,49.5,-15.000000000000032,-5.961698607323145e-11,-6.000000000000012,0.0,-1.6521543819673688e-09,0.0,0.0,-4.38326792843142e-09,0.0,0.0,70.0,255.0,255.0,255.0
991,49.550000000000004,-15.000000000000032,-1.5147953253344556e-10,-6.000000000000012,0.0,-1.558588556087953e-09,0.0,0.0,1.211012099289752e-08,0.0,0.0,70.0,255.0,255.0,255.0
992,49.6,-15.000000000000032,-2.1547584168202676e-10,-6.000000000000012,0.0,-4.4114228267761674e-10,0.0,0.0,3.200715994674457e-08,0.0,0.0,70.0,255.0,255.0,255.0
993,49.650000000000006,-15.000000000000032,-1.9559376080120724e-10,-6.000000000000012,0.0,1.6421274385865044e-09,0.0,0.0,4.6220161008839465e-08,0.0,0.0,70.0,255.0,255.0,255.0
994,49.7,-15.000000000000032,-5.1263097823376315e-11,-6.000000000000012,0.0,4.18087381820633e-09,0.0,0.0,4.523796656863271e-08,0.0,0.0,70.0,255.0,255.0,255.0
995,49.75,-15.000000000000032,2.2249362101942586e-10,-6.000000000000012,0.0,6.165924095449776e-09,0.0,0.0,1.6358578612093237e-08,0.0,0.0,70.0,255.0,255.0,255.0
996,49.800000000000004,-15.000000000000032,5.653293117216013e-10,-6.000000000000012,0.0,5.816731679415654e-09,0.0,0.0,-4.519558683129999e-08,0.0,0.0,70.0,255.0,255.0,255.0
997,49.85,-15.000000000000032,8.041667889609914e-10,-6.000000000000012,0.0,1.6463654123197763e-09,0.0,0.0,-1.1945234712723427e-07,0.0,0.0,70.0,255.0,255.0,255.0
998,49.900000000000006,-15.000000000000032,7.299658529535789e-10,-6.000000000000012,0.0,-6.128503033307774e-09,0.0,0.0,-1.7249598921900283e-07,0.0,0.0,70.0,255.0,255.0,255.0
999,49.95,-15.000000000000032,1.913164856302139e-10,-6.000000000000012,0.0,-1.5603233509580506e-08,0.0,0.0,-1.6883038966523955e-07,0.0,0.0,70.0,255.0,255.0,255.0
1000,50.0,-15.000000000000032,-8.303574980044719e-10,-6.000000000000012,0.0,-2.3011541999831732e-08,0.0,0.0,-6.105104651994158e-08,0.0,0.0,70.0,255.0,255.0,255.0
1001,50.050000000000004,-15.000000000000032,-2.1098377143529596e-09,-6.000000000000012,0.0,-2.1708338161574665e-08,0.0,0.0,1.6867222633230242e-07,0.0,0.0,70.0,255.0,255.0,255.0
1002,50.1,-15.000000000000032,-3.0011913141619385e-09,-6.000000000000012,0.0,-6.14431936660149e-09,0.0,0.0,4.458022285621926e-07,0.0,0.0,70.0,255.0,255.0,255.0
1003,50.150000000000006,-15.000000000000032,-2.7242696510131085e-09,-6.000000000000012,0.0,2.2871884694644597e-08,0.0,0.0,6.437637958671718e-07,0.0,0.0,70.0,255.0,255.0,255.0
1004,50.2,-15.000000000000032,-7.140028446974785e-10,-6.000000000000012,0.0,5.82320602201157e-08,0.0,0.0,6.300835920923256e-07,0.0,0.0,70.0,255.0,255.0,255.0
1005,50.25,-15.000000000000032,3.0989363709984622e-09,-6.000000000000012,0.0,8.588024390387716e-08,0.0,0.0,2.2784560746767287e-07,0.0,0.0,70.0,255.0,255.0,255.0
1006,50.300000000000004,-15.000000000000032,7.874021545690238e-09,-6.000000000000012,0.0,8.101662096688299e-08,0.0,0.0,-6.294933184979099e-07,0.0,0.0,70.0,255.0,255.0,255.0
1007,50.35,-15.000000000000032,1.1200598467686762e-08,-6.000000000000012,0.0,2.2930912054086168e-08,0.0,0.0,-1.6637565671215358e-06,0.0,0.0,70.0,255.0,255.0,255.0
1008,50.400000000000006,-15.000000000000032,1.0167112751098855e-08,-6.000000000000012,0.0,-8.535903574527062e-08,0.0,0.0,-2.4025591942496846e-06,0.0,0.0,70.0,255.0,255.0,255.0
1009,50.45,-15.000000000000032,2.664694893159699e-09,-6.000000000000012,0.0,-2.1732500737088232e-07,0.0,0.0,-2.3515039787040615e-06,0.0,0.0,70.0,255.0,255.0,255.0
1010,50.5,-15.000000000000032,-1.1565387985989378e-08,-6.000000000000012,0.0,-3.205094336156768e-07,0.0,0.0,-8.503313833507497e-07,0.0,0.0,70.0,255.0,255.0,255.0
1011,50.550000000000004,-15.000000000000032,-2.9386248468407985e-08,-6.000000000000012,0.0,-3.023581457059573e-07,0.0,0.0,2.3493010476593353e-06,0.0,0.0,70.0,255.0,255.0,255.0
1012,50.6,-15.000000000000032,-4.180120255658511e-08,-6.000000000000012,0.0,-8.557932884974327e-08,0.0,0.0,6.2092240399239514e-06,0.0,0.0,70.0,255.0,255.0,255.0
1013,50.650000000000006,-15.000000000000032,-3.794418135338231e-08,-6.000000000000012,0.0,3.185642582864378e-07,0.0,0.0,8.966472981131568e-06,0.0,0.0,70.0,255.0,255.0,255.0
1014,50.7,-15.000000000000032,-9.944776727941325e-09,-6.000000000000012,0.0,8.110679692634135e-07,0.0,0.0,8.775932322723926e-06,0.0,0.0,70.0,255.0,255.0,255.0
1015,50.75,-15.000000000000032,4.3162615572959046e-08,-6.000000000000012,0.0,1.1961574905588304e-06,0.0,0.0,3.1734799259353273e-06,0.0,0.0,70.0,255.0,255.0,255.0
1016,50.800000000000004,-15.000000000000032,1.0967097232794173e-07,-6.000000000000012,0.0,1.1284159618569463e-06,0.0,0.0,-8.767710872139436e-06,0.0,0.0,70.0,255.0,255.0,255.0
1017,50.85,-15.000000000000032,1.5600421175865368e-07,-6.000000000000012,0.0,3.1938640334488675e-07,0.0,0.0,-2.317313959257427e-05,0.0,0.0,70.0,255.0,255.0,255.0
1018,50.900000000000006,-15.000000000000032,1.416096126624304e-07,-6.000000000000012,0.0,-1.1888979974004808e-06,0.0,0.0,-3.346333273027658e-05,0.0,0.0,70.0,255.0,255.0,255.0
1019,50.95,-15.000000000000032,3.7114412018605604e-08,-6.000000000000012,0.0,-3.026946869682772e-06,0.0,0.0,-3.2752225312191634e-05,0.0,0.0,70.0,255.0,255.0,255.0
1020,51.0,-15.000000000000032,-1.610850743058468e-07,-6.000000000000012,0.0,-4.4641205286196445e-06,0.0,0.0,-1.184358832039056e-05,0.0,0.0,70.0,255.0,255.0,255.0
1021,51.050000000000004,-15.000000000000032,-4.092976408433589e-07,-6.000000000000012,0.0,-4.211305701721828e-06,0.0,0.0,3.27215424408984e-05,0.0,0.0,70.0,255.0,255.0,255.0
1022,51.1,-15.000000000000032,-5.822156444780296e-07,-6.000000000000012,0.0,-1.1919662845298041e-06,0.0,0.0,8.648333433037314e-05,0.0,0.0,70.0,255.0,255.0,255.0
1023,51.150000000000006,-15.000000000000032,-5.284942692963393e-07,-6.000000000000012,0.0,4.437027731315485e-06,0.0,0.0,0.00012488685793997478,0.0,0.0,70.0,255.0,255.0,255.0
1024,51.2,-15.000000000000032,-1.3851287134648113e-07,-6.000000000000012,0.0,1.1296719509467677e-05,0.0,0.0,0.00012223296892604262,0.0,0.0,70.0,255.0,255.0,255.0
1025,51.25,-15.000000000000032,6.011776816504283e-07,-6.000000000000012,0.0,1.666032462391975e-05,0.0,0.0,4.420087335562693e-05,0.0,0.0,70.0,255.0,255.0,255.0
1026,51.300000000000004,-15.000000000000032,1.527519591045494e-06,-6.000000000000012,0.0,1.571680684503037e-05,0.0,0.0,-0.00012211845889145413,0.0,0.0,70.0,255.0,255.0,255.0
1027,51.35,-15.000000000000032,2.1728583661534654e-06,-6.000000000000012,0.0,4.448478734774334e-06,0.0,0.0,-0.0003227601977289183,0.0,0.0,70.0,255.0,255.0,255.0
1028,51.400000000000006,-15.000000000000032,1.9723674645229273e-06,-6.000000000000012,0.0,-1.655921292786146e-05,0.0,0.0,-0.00046608409902962263,0.0,0.0,70.0,255.0,255.0,255.0
1029,51.45,-15.000000000000032,5.169370733673192e-07,-6.000000000000012,0.0,-4.2159931168187933e-05,0.0,0.0,-0.0004561796503919789,0.0,0.0,70.0,255.0,255.0,255.0
1030,51.5,-15.000000000000032,-2.243625652295866e-06,-6.000000000000012,0.0,-6.217717796705935e-05,0.0,0.0,-0.0001649599051021171,0.0,0.0,70.0,255.0,255.0,255.0
1031,51.550000000000004,-15.000000000000032,-5.700780723338616e-06,-6.000000000000012,0.0,-5.8655921678399644e-05,0.0,0.0,0.0004557522931249183,0.0,0.0,70.0,255.0,255.0,255.0
1032,51.6,-15.000000000000032,-8.109217820135831e-06,-6.000000000000012,0.0,-1.6601948654567525e-05,0.0,0.0,0.0012045574565853,0.0,0.0,70.0,255.0,255.0,255.0
1033,51.650000000000006,-15.000000000000032,-7.3609755887953685e-06,-6.000000000000012,0.0,6.179982398013035e-05,0.0,0.0,0.0017394495381785155,0.0,0.0,70.0,255.0,255.0,255.0
1034,51.7,-15.000000000000032,-1.929235422122795e-06,-6.000000000000012,0.0,0.00015734300516328403,0.0,0.0,0.0017024856326418728,0.0,0.0,70.0,255.0,255.0,255.0
1035,51.75,-15.000000000000032,8.373324927533035e-06,-6.000000000000012,0.0,0.00023204838724431764,0.0,0.0,0.0006156387470528413,0.0,0.0,70.0,255.0,255.0,255.0
1036,51.800000000000004,-15.000000000000032,2.127560330230897e-05,-6.000000000000012,0.0,0.00021890687986856816,0.0,0.0,-0.0017008907136082192,0.0,0.0,70.0,255.0,255.0,255.0
1037,51.85,-15.000000000000032,3.0264012914389854e-05,-6.000000000000012,0.0,6.19593158834957e-05,0.0,0.0,-0.0044954696286122805,0.0,0.0,70.0,255.0,255.0,255.0
1038,51.900000000000006,-15.000000000000032,2.747153489065854e-05,-6.000000000000012,0.0,-0.00023064008299265992,0.0,0.0,-0.006491714053684437,0.0,0.0,70.0,255.0,255.0,255.0
1039,51.95,-15.000000000000032,7.200004615123862e-06,-6.000000000000012,0.0,-0.000587212089484948,0.0,0.0,-0.006548448194860876,0.0,0.0,70.0,255.0,255.0,255.0
1040,52.0,-15.000000000000032,-3.1249674057836266e-05,-6.000000000000012,0.0,-0.0008854849024787475,0.0,0.0,-0.003806406271920496,0.0,0.0,70.0,255.0,255.0,255.0
1041,52.050000000000004,-15.000000000000032,-8.13484856327509e-05,-6.000000000000012,0.0,-0.0009678527166769976,0.0,0.0,0.0021079970414940013,0.0,0.0,70.0,255.0,255.0,255.0
1042,52.1,-15.000000000000032,-0.00012803494572553604,-6.000000000000012,0.0,-0.0006746851983293474,0.0,0.0,0.010925945766488417,0.0,0.0,70.0,255.0,255.0,255.0
1043,52.150000000000006,-15.000000000000032,-0.00014881700546568564,-6.000000000000012,0.0,0.00012474185997184413,0.0,0.0,0.02193444630360095,0.0,0.0,70.0,255.0,255.0,255.0
1044,52.2,-15.000000000000032,-0.00011556075972835162,-6.000000000000012,0.0,0.0015187594320307477,0.0,0.0,0.034184920200415324,0.0,0.0,70.0,255.0,255.0,255.0
1045,52.25,-15.000000000000032,3.05893773738913e-06,-6.000000000000012,0.0,0.0035432338800133766,0.0,0.0,0.046728960699603146,0.0,0.0,70.0,255.0,255.0,255.0
1046,52.300000000000004,-15.000000000000032,0.00023876262827298607,-6.000000000000012,0.0,0.006191655501991062,0.0,0.0,0.058921489960220126,0.0,0.0,70.0,255.0,255.0,255.0
1047,52.35,-15.000000000000032,0.0006222244879364955,-6.000000000000012,0.0,0.00943538287603539,0.0,0.0,0.07026226931324372,0.0,0.0,70.0,255.0,255.0,255.0
1048,52.400000000000006,-15.000000000000032,0.001182300915876525,-6.000000000000012,0.0,0.013217882433315436,0.0,0.0,0.08010068874605279,0.0,0.0,70.0,255.0,255.0,255.0
1049,52.45,-15.000000000000032,0.0019440127312680391,-6.000000000000012,0.0,0.01744545175064067,0.0,0.0,0.08780261354705048,0.0,0.0,70.0,255.0,255.0,255.0
1050,52.5,-15.000000000000032,0.002926846090940592,-6.000000000000012,0.0,0.021998143788020483,0.0,0.0,0.09297858212152135,0.0,0.0,70.0,255.0,255.0,255.0
1051,52.550000000000004,-15.000000000000032,0.004143827110070088,-6.000000000000012,0.0,0.026743309962792804,0.0,0.0,0.09553117132275207,0.0,0.0,70.0,255.0,255.0,255.0
1052,52.6,-15.000000000000032,0.0056011770872198725,-6.000000000000012,0.0,0.03155126092029569,0.0,0.0,0.09571094434650713,0.0,0.0,70.0,255.0,255.0,255.0
1053,52.650000000000006,-15.000000000000032,0.007298953202099657,-6.000000000000012,0.0,0.03631440439744352,0.0,0.0,0.09412116701058064,0.0,0.0,70.0,255.0,255.0,255.0
1054,52.7,-15.000000000000032,0.009232617526964224,-6.000000000000012,0.0,0.040963377621353755,0.0,0.0,0.09165786570462901,0.0,0.0,70.0,255.0,255.0,255.0
1055,52.75,-15.000000000000032,0.011395290964235033,-6.000000000000012,0.0,0.04548019096790642,0.0,0.0,0.089357829695412,0.0,0.0,70.0,255.0,255.0,255.0
1056,52.800000000000004,-15.000000000000032,0.013780636623754866,-6.000000000000012,0.0,0.049899160590894956,0.0,0.0,0.08784706484200357,0.0,0.0,70.0,255.0,255.0,255.0
1057,52.85,-15.000000000000032,0.01638520702332453,-6.000000000000012,0.0,0.054264897452106775,0.0,0.0,0.08703232159909834,0.0,0.0,70.0,255.0,255.0,255.0
1058,52.900000000000006,-15.000000000000032,0.019207126368965544,-6.000000000000012,0.0,0.05860239275080479,0.0,0.0,0.08662061057763085,0.0,0.0,70.0,255.0,255.0,255.0
1059,52.95,-15.000000000000032,0.022245446298405008,-6.000000000000012,0.0,0.06292695850986986,0.0,0.0,0.0864390238675377,0.0,0.0,70.0,255.0,255.0,255.0
1060,53.0,-15.000000000000032,0.02549982221995253,-6.000000000000012,0.0,0.06724629513755856,0.0,0.0,0.08633490096159463,0.0,0.0,70.0,255.0,255.0,255.0
1061,53.050000000000004,-15.000000000000032,0.028970075812160864,-6.000000000000012,0.0,0.07156044860602932,0.0,0.0,0.08620802851668052,0.0,0.0,70.0,255.0,255.0,255.0
1062,53.1,-15.000000000000032,0.03265586708055546,-6.000000000000012,0.0,0.07586709798922661,0.0,0.0,0.08603613289346862,0.0,0.0,70.0,255.0,255.0,255.0
1063,53.150000000000006,-15.000000000000032,0.036556785611083525,-6.000000000000012,0.0,0.08016406189537618,0.0,0.0,0.0858008662034282,0.0,0.0,70.0,255.0,255.0,255.0
1064,53.2,-15.000000000000032,0.04067227327009308,-6.000000000000012,0.0,0.08444718460956943,0.0,0.0,0.08545895257813865,0.0,0.0,70.0,255.0,255.0,255.0
1065,53.25,-15.000000000000032,0.04500150407204047,-6.000000000000012,0.0,0.08870995715319005,0.0,0.0,0.08496261307820024,0.0,0.0,70.0,255.0,255.0,255.0
1066,53.300000000000004,-15.000000000000032,0.04954326898541209,-6.000000000000012,0.0,0.09294344591738946,0.0,0.0,0.08429424766468394,0.0,0.0,70.0,255.0,255.0,255.0
1067,53.35,-15.000000000000032,0.054295848663779414,-6.000000000000012,0.0,0.09713938191965844,0.0,0.0,0.08350585078974043,0.0,0.0,70.0,255.0,255.0,255.0
1068,53.400000000000006,-15.000000000000032,0.05925720717737793,-6.000000000000012,0.0,0.1012940309963635,0.0,0.0,0.08269322064602957,0.0,0.0,70.0,255.0,255.0,255.0
1069,53.45,-15.000000000000032,0.06442525176341576,-6.000000000000012,0.0,0.1054087039842614,0.0,0.0,0.08195845253319983,0.0,0.0,70.0,255.0,255.0,255.0
1070,53.5,-15.000000000000032,0.06979807757580407,-6.000000000000012,0.0,0.10948987624968348,0.0,0.0,0.08140662807751067,0.0,0.0,70.0,255.0,255.0,255.0
1071,53.550000000000004,-15.000000000000032,0.07537423938838411,-6.000000000000012,0.0,0.11354936679201247,0.0,0.0,0.08108826753784604,0.0,0.0,70.0,255.0,255.0,255.0
1072,53.6,-15.000000000000032,0.08115301425500532,-6.000000000000012,0.0,0.11759870300346809,0.0,0.0,0.08093775998488234,0.0,0.0,70.0,255.0,255.0,255.0
1073,53.650000000000006,-15.000000000000032,0.08713410968873092,-6.000000000000012,0.0,0.1216431427905007,0.0,0.0,0.08082895517525779,0.0,0.0,70.0,255.0,255.0,255.0
1074,53.7,-15.000000000000032,0.09331732853405539,-6.000000000000012,0.0,0.12568159852099386,0.0,0.0,0.08063395057576472,0.0,0.0,70.0,255.0,255.0,255.0
1075,53.75,-15.000000000000032,0.09970226954083031,-6.000000000000012,0.0,0.12970653784807717,0.0,0.0,0.0802188932596759,0.0,0.0,70.0,255.0,255.0,255.0
1076,53.800000000000004,-15.000000000000032,0.1062879823188631,-6.000000000000012,0.0,0.13370348784696146,0.0,0.0,0.0795193954706383,0.0,0.0,70.0,255.0,255.0,255.0
1077,53.85,-15.000000000000032,0.11307261832552645,-6.000000000000012,0.0,0.137658477395141,0.0,0.0,0.07862581323345996,0.0,0.0,70.0,255.0,255.0,255.0
1078,53.900000000000006,-15.000000000000032,0.1200538300583772,-6.000000000000012,0.0,0.14156606917030745,0.0,0.0,0.07770825469034237,0.0,0.0,70.0,255.0,255.0,255.0
1079,53.95,-15.000000000000032,0.1272292252425572,-6.000000000000012,0.0,0.14542930286417524,0.0,0.0,0.07693231859030036,0.0,0.0,70.0,255.0,255.0,255.0
1080,54.0,-15.000000000000032,0.13459676034479473,-6.000000000000012,0.0,0.1492593010293375,0.0,0.0,0.07645775226362145,0.0,0.0,70.0,255.0,255.0,255.0
1081,54.050000000000004,-15.000000000000032,0.14215515534549095,-6.000000000000012,0.0,0.1530750780905374,0.0,0.0,0.07636123682668305,0.0,0.0,70.0,255.0,255.0,255.0
1082,54.1,-15.000000000000032,0.14990426815384847,-6.000000000000012,0.0,0.1568954247120058,0.0,0.0,0.07655451155683668,0.0,0.0,70.0,255.0,255.0,255.0
1083,54.150000000000006,-15.000000000000032,0.15784469781669153,-6.000000000000012,0.0,0.16073052924622105,0.0,0.0,0.07686166242713843,0.0,0.0,70.0,255.0,255.0,255.0
1084,54.2,-15.000000000000032,0.16597732107847057,-6.000000000000012,0.0,0.16458159095471964,0.0,0.0,0.07710400117025562,0.0,0.0,70.0,255.0,255.0,255.0
1085,54.25,-15.000000000000032,0.1743028569121635,-6.000000000000012,0.0,0.16844092936324662,0.0,0.0,0.07711410700969312,0.0,0.0,70.0,255.0,255.0,255.0
1086,54.300000000000004,-15.000000000000032,0.18282141401479524,-6.000000000000012,0.0,0.17229300165568895,0.0,0.0,0.07680237050930461,0.0,0.0,70.0,255.0,255.0,255.0
1087,54.35,-15.000000000000032,0.19153215707773238,-6.000000000000012,0.0,0.17612116641417708,0.0,0.0,0.07620154846465776,0.0,0.0,70.0,255.0,255.0,255.0
1088,54.400000000000006,-15.000000000000032,0.20043353065621294,-6.000000000000012,0.0,0.17991315650215473,0.0,0.0,0.07539968767585892,0.0,0.0,70.0,255.0,255.0,255.0
1089,54.45,-15.000000000000032,0.20952347272794786,-6.000000000000012,0.0,0.18366113518176297,0.0,0.0,0.07449167672866353,0.0,0.0,70.0,255.0,255.0,255.0
1090,54.5,-15.000000000000032,0.21879964417438924,-6.000000000000012,0.0,0.18736232417502108,0.0,0.0,0.07357383834545872,0.0,0.0,70.0,255.0,255.0,255.0
1091,54.550000000000004,-15.000000000000032,0.22825970514544996,-6.000000000000012,0.0,0.19101851901630884,0.0,0.0,0.07270825549502147,0.0,0.0,70.0,255.0,255.0,255.0
1092,54.6,-15.000000000000032,0.23790149607602012,-6.000000000000012,0.0,0.19463314972452322,0.0,0.0,0.07191742978271964,0.0,0.0,70.0,255.0,255.0,255.0
1093,54.650000000000006,-15.000000000000032,0.2477230201179023,-6.000000000000012,0.0,0.1982102619945808,0.0,0.0,0.07122312999315872,0.0,0.0,70.0,255.0,255.0,255.0
1094,54.7,-15.000000000000032,0.2577225222754782,-6.000000000000012,0.0,0.2017554627238391,0.0,0.0,0.07065497956076361,0.0,0.0,70.0,255.0,255.0,255.0
1095,54.75,-15.000000000000032,0.2678985663902862,-6.000000000000012,0.0,0.20527575995065717,0.0,0.0,0.070242567580317,0.0,0.0,70.0,255.0,255.0,255.0
1096,54.800000000000004,-15.000000000000032,0.2782500982705439,-6.000000000000012,0.0,0.2087797194818708,0.0,0.0,0.06999183361778849,0.0,0.0,70.0,255.0,255.0,255.0
1097,54.85,-15.000000000000032,0.2887765383384733,-6.000000000000012,0.0,0.21227494331243602,0.0,0.0,0.06984696084275654,0.0,0.0,70.0,255.0,255.0,255.0
1098,54.900000000000006,-15.000000000000032,0.2994775926017875,-6.000000000000012,0.0,0.21576441556614645,0.0,0.0,0.06970872475263734,0.0,0.0,70.0,255.0,255.0,255.0
1099,54.95,-15.000000000000032,0.3103529798950879,-6.000000000000012,0.0,0.21924581578769975,0.0,0.0,0.06946891784878062,0.0,0.0,70.0,255.0,255.0,255.0
1100,55.0,-15.000000000000032,0.3214021741805575,-6.000000000000012,0.0,0.2227113073510245,0.0,0.0,0.06901188200907349,0.0,0.0,70.0,255.0,255.0,255.0
1101,55.050000000000004,-15.000000000000032,0.3326241106301904,-6.000000000000012,0.0,0.2261470039886071,0.0,0.0,0.06828441003375874,0.0,0.0,70.0,255.0,255.0,255.0
1102,55.1,-15.000000000000032,0.3440168745794182,-6.000000000000012,0.0,0.22953974835440039,0.0,0.0,0.06737743080900138,0.0,0.0,70.0,255.0,255.0,255.0
1103,55.150000000000006,-15.000000000000032,0.3555780854656304,-6.000000000000012,0.0,0.23288474706950724,0.0,0.0,0.06645926703380822,0.0,0.0,70.0,255.0,255.0,255.0
1104,55.2,-15.000000000000032,0.36730534928636893,-6.000000000000012,0.0,0.2361856750577812,0.0,0.0,0.06569592247069322,0.0,0.0,70.0,255.0,255.0,255.0
1105,55.25,-15.000000000000032,0.37919665297140853,-6.000000000000012,0.0,0.23945433931657656,0.0,0.0,0.06524985776316106,0.0,0.0,70.0,255.0,255.0,255.0
1106,55.300000000000004,-15.000000000000032,0.3912507832180266,-6.000000000000012,0.0,0.2427106608340973,0.0,0.0,0.06519761249422773,0.0,0.0,70.0,255.0,255.0,255.0
1107,55.35,-15.000000000000032,0.40346771905481826,-6.000000000000012,0.0,0.24597410056599933,0.0,0.0,0.06543884039675318,0.0,0.0,70.0,255.0,255.0,255.0
1108,55.400000000000006,-15.000000000000032,0.4158481932746265,-6.000000000000012,0.0,0.24925454487377263,0.0,0.0,0.06577784347595039,0.0,0.0,70.0,255.0,255.0,255.0
1109,55.45,-15.000000000000032,0.4283931735421955,-6.000000000000012,0.0,0.25255188491359437,0.0,0.0,0.06601461837572598,0.0,0.0,70.0,255.0,255.0,255.0
1110,55.5,-15.000000000000032,0.44110338176598596,-6.000000000000012,0.0,0.25585600671134523,0.0,0.0,0.06595269626209488,0.0,0.0,70.0,255.0,255.0,255.0
1111,55.550000000000004,-15.000000000000032,0.45397877421333005,-6.000000000000012,0.0,0.25914715453980386,0.0,0.0,0.06549185327599516,0.0,0.0,70.0,255.0,255.0,255.0
1112,55.6,-15.000000000000032,0.46701809721996634,-6.000000000000012,0.0,0.26240519203894475,0.0,0.0,0.06471261552941643,0.0,0.0,70.0,255.0,255.0,255.0
1113,55.650000000000006,-15.000000000000032,0.4802192934172245,-6.000000000000012,0.0,0.2656184160927455,0.0,0.0,0.06378395113718072,0.0,0.0,70.0,255.0,255.0,255.0
1114,55.7,-15.000000000000032,0.4935799388292409,-6.000000000000012,0.0,0.2687835871526628,0.0,0.0,0.06287889073970376,0.0,0.0,70.0,255.0,255.0,255.0
1115,55.75,-15.000000000000032,0.5070976521324908,-6.000000000000012,0.0,0.2719063051667159,0.0,0.0,0.06217534786422951,0.0,0.0,70.0,255.0,255.0,255.0
1116,55.800000000000004,-15.000000000000032,0.5207705693459125,-6.000000000000012,0.0,0.27500112193908577,0.0,0.0,0.0617677482945278,0.0,0.0,70.0,255.0,255.0,255.0
1117,55.85,-15.000000000000032,0.5345977643263994,-6.000000000000012,0.0,0.27808307999616866,0.0,0.0,0.06158706112195933,0.0,0.0,70.0,255.0,255.0,255.0
1118,55.900000000000006,-15.000000000000032,0.5485788773455293,-6.000000000000012,0.0,0.2811598280512817,0.0,0.0,0.06149082750006585,0.0,0.0,70.0,255.0,255.0,255.0
1119,55.95,-15.000000000000032,0.5627137471315276,-6.000000000000012,0.0,0.28423216274617524,0.0,0.0,0.06134273241841237,0.0,0.0,70.0,255.0,255.0,255.0
1120,56.0,-15.000000000000032,0.5770020936201469,-6.000000000000012,0.0,0.28729410129312294,0.0,0.0,0.061005958900739454,0.0,0.0,70.0,255.0,255.0,255.0
1121,56.050000000000004,-15.000000000000032,0.5914431572608398,-6.000000000000012,0.0,0.2903327586362492,0.0,0.0,0.06041058011927447,0.0,0.0,70.0,255.0,255.0,255.0
1122,56.1,-15.000000000000032,0.6060353694837718,-6.000000000000012,0.0,0.2933351593050504,0.0,0.0,0.059621843945512065,0.0,0.0,70.0,255.0,255.0,255.0
1123,56.150000000000006,-15.000000000000032,0.6207766731913449,-6.000000000000012,0.0,0.2962949430308004,0.0,0.0,0.0587700349000686,0.0,0.0,70.0,255.0,255.0,255.0
1124,56.2,-15.000000000000032,0.6356648637868518,-6.000000000000012,0.0,0.29921216279505725,0.0,0.0,0.05798346629991569,0.0,0.0,70.0,255.0,255.0,255.0
1125,56.25,-15.000000000000032,0.6506978894708506,-6.000000000000012,0.0,0.30209328966079196,0.0,0.0,0.057392797884592284,0.0,0.0,70.0,255.0,255.0,255.0
1126,56.300000000000004,-15.000000000000032,0.665874192752931,-6.000000000000012,0.0,0.3049514425835165,0.0,0.0,0.057063217941621946,0.0,0.0,70.0,255.0,255.0,255.0
1127,56.35,-15.000000000000032,0.6811930337292023,-6.000000000000012,0.0,0.30779961145495416,0.0,0.0,0.056922859133279324,0.0,0.0,70.0,255.0,255.0,255.0
1128,56.400000000000006,-15.000000000000032,0.6966541538984264,-6.000000000000012,0.0,0.3106437284968444,0.0,0.0,0.05683173686266141,0.0,0.0,70.0,255.0,255.0,255.0
1129,56.45,-15.000000000000032,0.7122574065788867,-6.000000000000012,0.0,0.3134827851412203,0.0,0.0,0.05665011566868827,0.0,0.0,70.0,255.0,255.0,255.0
1130,56.5,-15.000000000000032,0.7280024324125485,-6.000000000000012,0.0,0.31630874006371323,0.0,0.0,0.05623086820868428,0.0,0.0,70.0,255.0,255.0,255.0
1131,56.550000000000004,-15.000000000000032,0.743888280585258,-6.000000000000012,0.0,0.3191058719620887,0.0,0.0,0.05550326140089101,0.0,0.0,70.0,255.0,255.0,255.0
1132,56.6,-15.000000000000032,0.7599130196087573,-6.000000000000012,0.0,0.32185906620380234,0.0,0.0,0.05456942348407434,0.0,0.0,70.0,255.0,255.0,255.0
1133,56.650000000000006,-15.000000000000032,0.7760741872056383,-6.000000000000012,0.0,0.32456281431049616,0.0,0.0,0.05362031368685294,0.0,0.0,70.0,255.0,255.0,255.0
1134,56.7,-15.000000000000032,0.792369301039807,-6.000000000000012,0.0,0.32722109757248763,0.0,0.0,0.05284264445191145,0.0,0.0,70.0,255.0,255.0,255.0
1135,56.75,-15.000000000000032,0.808796296962887,-6.000000000000012,0.0,0.3298470787556873,0.0,0.0,0.05242368266034081,0.0,0.0,70.0,255.0,255.0,255.0
1136,56.800000000000004,-15.000000000000032,0.8253540089153757,-6.000000000000012,0.0,0.3324634658385217,0.0,0.0,0.052450822701821664,0.0,0.0,70.0,255.0,255.0,255.0
1137,56.85,-15.000000000000032,0.8420426435467392,-6.000000000000012,0.0,0.3350921610258695,0.0,0.0,0.052794971406044944,0.0,0.0,70.0,255.0,255.0,255.0
1138,56.900000000000006,-15.000000000000032,0.8588632250179626,-6.000000000000012,0.0,0.3377429629791262,0.0,0.0,0.05321064475384274,0.0,0.0,70.0,255.0,255.0,255.0
1139,56.95,-15.000000000000032,0.8758169398446518,-6.000000000000012,0.0,0.34041322550125375,0.0,0.0,0.0534532459175896,0.0,0.0,70.0,255.0,255.0,255.0
1140,57.0,-15.000000000000032,0.892904547568088,-6.000000000000012,0.0,0.34308828757088516,0.0,0.0,0.053290438445730004,0.0,0.0,70.0,255.0,255.0,255.0
1141,57.050000000000004,-15.000000000000032,0.9101257686017403,-6.000000000000012,0.0,0.34574226934582675,0.0,0.0,0.05260636154458265,0.0,0.0,70.0,255.0,255.0,255.0
1142,57.1,-15.000000000000032,0.9274787745026707,-6.000000000000012,0.0,0.34834892372534343,0.0,0.0,0.051497870378958144,0.0,0.0,70.0,255.0,255.0,255.0
1143,57.150000000000006,-15.000000000000032,0.9449606609742747,-6.000000000000012,0.0,0.35089205638372256,0.0,0.0,0.05017076697181322,0.0,0.0,70.0,255.0,255.0,255.0
1144,57.2,-15.000000000000032,0.962567980141043,-6.000000000000012,0.0,0.35336600042252475,0.0,0.0,0.048837145770586066,0.0,0.0,70.0,255.0,255.0,255.0
1145,57.25,-15.000000000000032,0.9802972610165271,-6.000000000000012,0.0,0.35577577096078117,0.0,0.0,0.04769456355648849,0.0,0.0,70.0,255.0,255.0,255.0
1146,57.300000000000004,-15.000000000000032,0.9981455572371211,-6.000000000000012,0.0,0.3581354567781736,0.0,0.0,0.0468565050124381,0.0,0.0,70.0,255.0,255.0,255.0
1147,57.35,-15.000000000000032,1.0161108066943445,-6.000000000000012,0.0,0.360461421462025,0.0,0.0,0.046327206751739514,0.0,0.0,70.0,255.0,255.0,255.0
1148,57.400000000000006,-15.000000000000032,1.0341916993833236,-6.000000000000012,0.0,0.36276817745334755,0.0,0.0,0.04607346684651903,0.0,0.0,70.0,255.0,255.0,255.0
1149,57.45,-15.000000000000032,1.0523876244396793,-6.000000000000012,0.0,0.3650687681466769,0.0,0.0,0.04605765817966567,0.0,0.0,70.0,255.0,255.0,255.0
1150,57.5,-15.000000000000032,1.0706985761979912,-6.000000000000012,0.0,0.3673739432713141,0.0,0.0,0.04624328867990357,0.0,0.0,70.0,255.0,255.0,255.0
1151,57.550000000000004,-15.000000000000032,1.0891250187668107,-6.000000000000012,0.0,0.36969309701466724,0.0,0.0,0.04658915686701626,0.0,0.0,70.0,255.0,255.0,255.0
1152,57.6,-15.000000000000032,1.107667885899458,-6.000000000000012,0.0,0.37203285895801574,0.0,0.0,0.046993395854233455,0.0,0.0,70.0,255.0,255.0,255.0
1153,57.650000000000006,-15.000000000000032,1.1263283046626122,-6.000000000000012,0.0,0.3743924366000906,0.0,0.0,0.04729275491996976,0.0,0.0,70.0,255.0,255.0,255.0
1154,57.7,-15.000000000000032,1.145107129559467,-6.000000000000012,0.0,0.3767621344500127,0.0,0.0,0.0473137599723783,0.0,0.0,70.0,255.0,255.0,255.0
1155,57.75,-15.000000000000032,1.1640045181076135,-6.000000000000012,0.0,0.3791238125973284,0.0,0.0,0.046888272399336905,0.0,0.0,70.0,255.0,255.0,255.0
1156,57.800000000000004,-15.000000000000032,1.1830195108191999,-6.000000000000012,0.0,0.3814509616899464,0.0,0.0,0.04594584187826989,0.0,0.0,70.0,255.0,255.0,255.0
1157,57.85,-15.000000000000032,1.2021496142766082,-6.000000000000012,0.0,0.3837183967851554,0.0,0.0,0.04462545691787945,0.0,0.0,70.0,255.0,255.0,255.0
1158,57.900000000000006,-15.000000000000032,1.2213913504977154,-6.000000000000012,0.0,0.38591350738173436,0.0,0.0,0.04319094470945917,0.0,0.0,70.0,255.0,255.0,255.0
1159,57.95,-15.000000000000032,1.2407409650147816,-6.000000000000012,0.0,0.3880374912561013,0.0,0.0,0.04191956300294564,0.0,0.0,70.0,255.0,255.0,255.0
1160,58.0,-15.000000000000032,1.2601950996233255,-6.000000000000012,0.0,0.3901054636820289,0.0,0.0,0.04108362172232649,0.0,0.0,70.0,255.0,255.0,255.0
1161,58.050000000000004,-15.000000000000032,1.2797515113829845,-6.000000000000012,0.0,0.39214585342833397,0.0,0.0,0.04082076233320464,0.0,0.0,70.0,255.0,255.0,255.0
1162,58.1,-15.000000000000032,1.299409684966159,-6.000000000000012,0.0,0.3941875399153494,0.0,0.0,0.04101666458637965,0.0,0.0,70.0,255.0,255.0,255.0
1163,58.150000000000006,-15.000000000000032,1.3191702653745194,-6.000000000000012,0.0,0.39624751988697193,0.0,0.0,0.041431578130612934,0.0,0.0,70.0,255.0,255.0,255.0
1164,58.2,-15.000000000000032,1.3390344369548561,-6.000000000000012,0.0,0.3983306977284107,0.0,0.0,0.04182141458912714,0.0,0.0,70.0,255.0,255.0,255.0
1165,58.25,-15.000000000000032,1.3590033351473605,-6.000000000000012,0.0,0.40042966134588465,0.0,0.0,0.04194926868295035,0.0,0.0,70.0,255.0,255.0,255.0
1166,58.300000000000004,-15.000000000000032,1.3790774030894446,-6.000000000000012,0.0,0.4025256245967057,0.0,0.0,0.04168504818282681,0.0,0.0,70.0,255.0,255.0,255.0
1167,58.35,-15.000000000000032,1.399255897607031,-6.000000000000012,0.0,0.4045981661641673,0.0,0.0,0.041074225063164604,0.0,0.0,70.0,255.0,255.0,255.0
1168,58.400000000000006,-15.000000000000032,1.4195372197058613,-6.000000000000012,0.0,0.40663304710302217,0.0,0.0,0.04023556328121014,0.0,0.0,70.0,255.0,255.0,255.0
1169,58.45,-15.000000000000032,1.4399192023173333,-6.000000000000012,0.0,0.40862172249228834,0.0,0.0,0.0392885781742347,0.0,0.0,70.0,255.0,255.0,255.0
1170,58.5,-15.000000000000032,1.4603993919550902,-6.000000000000012,0.0,0.41056190492044564,0.0,0.0,0.03835529422149264,0.0,0.0,70.0,255.0,255.0,255.0
1171,58.550000000000004,-15.000000000000032,1.4809753928093778,-6.000000000000012,0.0,0.4124572519144376,0.0,0.0,0.03751130600768704,0.0,0.0,70.0,255.0,255.0,255.0
1172,58.6,-15.000000000000032,1.501645117146534,-6.000000000000012,0.0,0.41431303552121435,0.0,0.0,0.03676457035919345,0.0,0.0,70.0,255.0,255.0,255.0
1173,58.650000000000006,-15.000000000000032,1.5224066963614993,-6.000000000000012,0.0,0.41613370895035695,0.0,0.0,0.036109711868492766,0.0,0.0,70.0,255.0,255.0,255.0
1174,58.7,-15.000000000000032,1.5432584880415696,-6.000000000000012,0.0,0.4179240067080636,0.0,0.0,0.03554996035972646,0.0,0.0,70.0,255.0,255.0,255.0
1175,58.75,-15.000000000000032,1.5641990970323056,-6.000000000000012,0.0,0.4196887049863296,0.0,0.0,0.035081582402773925,0.0,0.0,70.0,255.0,255.0,255.0
1176,58.800000000000004,-15.000000000000032,1.5852273585402026,-6.000000000000012,0.0,0.421432164948341,0.0,0.0,0.03469695389348715,0.0,0.0,70.0,255.0,255.0,255.0
1177,58.85,-15.000000000000032,1.6063423135271397,-6.000000000000012,0.0,0.4231584003756783,0.0,0.0,0.03438572193825706,0.0,0.0,70.0,255.0,255.0,255.0
1178,58.900000000000006,-15.000000000000032,1.6275431985777704,-6.000000000000012,0.0,0.4248707371421667,0.0,0.0,0.034126521646182795,0.0,0.0,70.0,255.0,255.0,255.0
1179,58.95,-15.000000000000032,1.6488293872413564,-6.000000000000012,0.0,0.4265710525402966,0.0,0.0,0.0338853799208394,0.0,0.0,70.0,255.0,255.0,255.0
1180,59.0,-15.000000000000032,1.6702003038318,-6.000000000000012,0.0,0.42825927513425066,0.0,0.0,0.03362233887094224,0.0,0.0,70.0,255.0,255.0,255.0
1181,59.050000000000004,-15.000000000000032,1.6916553147547815,-6.000000000000012,0.0,0.4299332864273908,0.0,0.0,0.03331467795186782,0.0,0.0,70.0,255.0,255.0,255.0
1182,59.1,-15.000000000000032,1.7131936324745392,-6.000000000000012,0.0,0.43159074292943744,0.0,0.0,0.03297347428885544,0.0,0.0,70.0,255.0,255.0,255.0
1183,59.150000000000006,-15.000000000000032,1.7348143890477252,-6.000000000000012,0.0,0.43323063385627636,0.0,0.0,0.032622429985540435,0.0,0.0,70.0,255.0,255.0,255.0
1184,59.2,-15.000000000000032,1.7565166958601668,-6.000000000000012,0.0,0.4348529859279915,0.0,0.0,0.032282319490550826,0.0,0.0,70.0,255.0,255.0,255.0
1185,59.25,-15.000000000000032,1.7782996876405244,-6.000000000000012,0.0,0.43645886580533144,0.0,0.0,0.031977034140995286,0.0,0.0,70.0,255.0,255.0,255.0
1186,59.300000000000004,-15.000000000000032,1.8001625824407,-6.000000000000012,0.0,0.438050689342091,0.0,0.0,0.03171762101239484,0.0,0.0,70.0,255.0,255.0,255.0
1187,59.35,-15.000000000000032,1.8221047565747335,-6.000000000000012,0.0,0.4396306279065709,0.0,0.0,0.03148038090647898,0.0,0.0,70.0,255.0,255.0,255.0
1188,59.400000000000006,-15.000000000000032,1.844125645231357,-6.000000000000012,0.0,0.4411987274327389,0.0,0.0,0.031223758411980107,0.0,0.0,70.0,255.0,255.0,255.0
1189,59.45,-15.000000000000032,1.8662246293180074,-6.000000000000012,0.0,0.44275300374776894,0.0,0.0,0.03091205540344255,0.0,0.0,70.0,255.0,255.0,255.0
1190,59.5,-15.000000000000032,1.888400945606134,-6.000000000000012,0.0,0.44428993297308317,0.0,0.0,0.030521552536844077,0.0,0.0,70.0,255.0,255.0,255.0
1191,59.550000000000004,-15.000000000000032,1.9106536226153157,-6.000000000000012,0.0,0.44580515900145334,0.0,0.0,0.030041038464911907,0.0,0.0,70.0,255.0,255.0,255.0
1192,59.6,-15.000000000000032,1.9329814615062793,-6.000000000000012,0.0,0.44729403681957436,0.0,0.0,0.02946677364699113,0.0,0.0,70.0,255.0,255.0,255.0
1193,59.650000000000006,-15.000000000000032,1.9553830262972731,-6.000000000000012,0.0,0.44875183636615246,0.0,0.0,0.02880160396587783,0.0,0.0,70.0,255.0,255.0,255.0
1194,59.7,-15.000000000000032,1.9778566451428945,-6.000000000000012,0.0,0.45017419721616214,0.0,0.0,0.028055659361791996,0.0,0.0,70.0,255.0,255.0,255.0
1195,59.75,-15.000000000000032,2.0004004460188893,-6.000000000000012,0.0,0.45155740230233166,0.0,0.0,0.027232793007403444,0.0,0.0,70.0,255.0,255.0,255.0
1196,59.800000000000004,-15.000000000000032,2.0230123853731277,-6.000000000000012,0.0,0.4528974765169025,0.0,0.0,0.026344425594193588,0.0,0.0,70.0,255.0,255.0,255.0
1197,59.85,-15.000000000000032,2.0456901936705796,-6.000000000000012,0.0,0.454191844861751,0.0,0.0,0.025451592104497323,0.0,0.0,70.0,255.0,255.0,255.0
1198,59.900000000000006,-15.000000000000032,2.0684315698593028,-6.000000000000012,0.0,0.4554426357273522,0.0,0.0,0.024651597286551308,0.0,0.0,70.0,255.0,255.0,255.0
1199,59.95,-15.000000000000032,2.091234457243315,-6.000000000000012,0.0,0.45665700459040615,0.0,0.0,0.024038081042343507,0.0,0.0,70.0,255.0,255.0,255.0
1200,60.0,-15.000000000000032,2.1140972703183434,-6.000000000000012,0.0,0.45784644383158657,0.0,0.0,0.023695247461263946,0.0,0.0,70.0,255.0,255.0,255.0
1201,60.050000000000004,-15.000000000000032,2.1370191016264735,-6.000000000000012,0.0,0.45902652933653254,0.0,0.0,0.023655571512426476,0.0,0.0,70.0,255.0,255.0,255.0
1202,60.1,-15.000000000000032,2.1599999232519966,-6.000000000000012,0.0,0.4602120009828292,0.0,0.0,0.023843314811511362,0.0,0.0,70.0,255.0,255.0,255.0
1203,60.150000000000006,-15.000000000000032,2.1830403017247564,-6.000000000000012,0.0,0.4614108608176837,0.0,0.0,0.024113871690145672,0.0,0.0,70.0,255.0,255.0,255.0
1204,60.2,-15.000000000000032,2.206141009333765,-6.000000000000012,0.0,0.4626233881518438,0.0,0.0,0.024313042109724847,0.0,0.0,70.0,255.0,255.0,255.0
1205,60.25,-15.000000000000032,2.2293026405399408,-6.000000000000012,0.0,0.46384216502865616,0.0,0.0,0.024298198499250745,0.0,0.0,70.0,255.0,255.0,255.0
1206,60.300000000000004,-15.000000000000032,2.2525252258366306,-6.000000000000012,0.0,0.46505320800176886,0.0,0.0,0.023993288356116693,0.0,0.0,70.0,255.0,255.0,255.0
1207,60.35,-15.000000000000032,2.2758079613401176,-6.000000000000012,0.0,0.46624149386426783,0.0,0.0,0.023420556574915707,0.0,0.0,70.0,255.0,255.0,255.0
1208,60.400000000000006,-15.000000000000032,2.2991493752230574,-6.000000000000012,0.0,0.46739526365926043,0.0,0.0,0.02264750802778437,0.0,0.0,70.0,255.0,255.0,255.0
1209,60.45,-15.000000000000032,2.3225474877060437,-6.000000000000012,0.0,0.46850624466704627,0.0,0.0,0.02174975051860706,0.0,0.0,70.0,255.0,255.0,255.0
1210,60.5,-15.000000000000032,2.345999999689762,-6.000000000000012,0.0,0.46957023871112114,0.0,0.0,0.020799977189511765,0.0,0.0,70.0,255.0,255.0,255.0
1211,60.550000000000004,-15.000000000000032,2.369504511577156,-6.000000000000012,0.0,0.47058624238599744,0.0,0.0,0.019850249422237454,0.0,0.0,70.0,255.0,255.0,255.0
1212,60.6,-15.000000000000032,2.3930586239283618,-6.000000000000012,0.0,0.4715552636533449,0.0,0.0,0.018952594087195962,0.0,0.0,70.0,255.0,255.0,255.0
1213,60.650000000000006,-15.000000000000032,2.4166600379424903,-6.000000000000012,0.0,0.47248150179471704,0.0,0.0,0.018179639322646324,0.0,0.0,70.0,255.0,255.0,255.0
1214,60.7,-15.000000000000032,2.4403067741078335,-6.000000000000012,0.0,0.4733732275856095,0.0,0.0,0.0176069301743631,0.0,0.0,70.0,255.0,255.0,255.0
1215,60.75,-15.000000000000032,2.4639973607010512,-6.000000000000012,0.0,0.47424219481215335,0.0,0.0,0.017301892742116465,0.0,0.0,70.0,255.0,255.0,255.0
1216,60.800000000000004,-15.000000000000032,2.487730993589049,-6.000000000000012,0.0,0.47510341685982116,0.0,0.0,0.017286739596134026,0.0,0.0,70.0,255.0,255.0,255.0
1217,60.85,-15.000000000000032,2.5115077023870334,-6.000000000000012,0.0,0.47597086877176675,0.0,0.0,0.017485523953109094,0.0,0.0,70.0,255.0,255.0,255.0
1218,60.900000000000006,-15.000000000000032,2.5353280804662255,-6.000000000000012,0.0,0.47685196925513207,0.0,0.0,0.01775579948408712,0.0,0.0,70.0,255.0,255.0,255.0
1219,60.95,-15.000000000000032,2.5591928993125466,-6.000000000000012,0.0,0.47774644872017547,0.0,0.0,0.01794355442465978,0.0,0.0,70.0,255.0,255.0,255.0
1220,61.0,-15.000000000000032,2.583102725338243,-6.000000000000012,0.0,0.47864632469759805,0.0,0.0,0.017904433193294267,0.0,0.0,70.0,255.0,255.0,255.0
1221,61.050000000000004,-15.000000000000032,2.6070575317823064,-6.000000000000012,0.0,0.4795368920395049,0.0,0.0,0.01756279219318202,0.0,0.0,70.0,255.0,255.0,255.0
1222,61.1,-15.000000000000032,2.6310564145421935,-6.000000000000012,0.0,0.48040260391691625,0.0,0.0,0.016950718025965372,0.0,0.0,70.0,255.0,255.0,255.0
1223,61.150000000000006,-15.000000000000032,2.655097792173998,-6.000000000000012,0.0,0.48123196384210143,0.0,0.0,0.016151754816284836,0.0,0.0,70.0,255.0,255.0,255.0
1224,61.2,-15.000000000000032,2.6791796109264037,-6.000000000000012,0.0,0.48201777939854473,0.0,0.0,0.015258852127075784,0.0,0.0,70.0,255.0,255.0,255.0
1225,61.25,-15.000000000000032,2.7032995701138525,-6.000000000000012,0.0,0.482757849054809,0.0,0.0,0.014368393132091484,0.0,0.0,70.0,255.0,255.0,255.0
1226,61.300000000000004,-15.000000000000032,2.7274553958318846,-6.000000000000012,0.0,0.4834546187117539,0.0,0.0,0.013541065989874923,0.0,0.0,70.0,255.0,255.0,255.0
1227,61.35,-15.000000000000032,2.751645031985028,-6.000000000000012,0.0,0.4841119556537965,0.0,0.0,0.01278973914122794,0.0,0.0,70.0,255.0,255.0,255.0
1228,61.400000000000006,-15.000000000000032,2.775866591397264,-6.000000000000012,0.0,0.4847335926258767,0.0,0.0,0.01212072437484224,0.0,0.0,70.0,255.0,255.0,255.0
1229,61.45,-15.000000000000032,2.8001183912476155,-6.000000000000012,0.0,0.4853240280912807,0.0,0.0,0.011546724712818701,0.0,0.0,70.0,255.0,255.0,255.0
1230,61.5,-15.000000000000032,2.8243989942063923,-6.000000000000012,0.0,0.48588826509715854,0.0,0.0,0.011074022249690785,0.0,0.0,70.0,255.0,255.0,255.0
1231,61.550000000000004,-15.000000000000032,2.8487072177573314,-6.000000000000012,0.0,0.4864314303162498,0.0,0.0,0.010700169954480643,0.0,0.0,70.0,255.0,255.0,255.0
1232,61.6,-15.000000000000032,2.8730421372380173,-6.000000000000012,0.0,0.4869582820926066,0.0,0.0,0.010408553847707225,0.0,0.0,70.0,255.0,255.0,255.0
1233,61.650000000000006,-15.000000000000032,2.897403045966592,-6.000000000000012,0.0,0.4874722857010205,0.0,0.0,0.010166280085543988,0.0,0.0,70.0,255.0,255.0,255.0
1234,61.7,-15.000000000000032,2.9217893658081193,-6.000000000000012,0.0,0.487974910101161,0.0,0.0,0.009928048555529756,0.0,0.0,70.0,255.0,255.0,255.0
1235,61.75,-15.000000000000032,2.946200536976708,-6.000000000000012,0.0,0.4884650905565735,0.0,0.0,0.009639480572554149,0.0,0.0,70.0,255.0,255.0,255.0
1236,61.800000000000004,-15.000000000000032,2.9706358748637767,-6.000000000000012,0.0,0.4889388581584164,0.0,0.0,0.009272053725695173,0.0,0.0,70.0,255.0,255.0,255.0
1237,61.85,-15.000000000000032,2.99509442279255,-6.000000000000012,0.0,0.489392295929143,0.0,0.0,0.00885697786920936,0.0,0.0,70.0,255.0,255.0,255.0
1238,61.900000000000006,-15.000000000000032,3.019575104456691,-6.000000000000012,0.0,0.48982455594533736,0.0,0.0,0.008452383721690993,0.0,0.0,70.0,255.0,255.0,255.0
1239,61.95,-15.000000000000032,3.0440768783870835,-6.000000000000012,0.0,0.4902375343013121,0.0,0.0,0.008114880599174867,0.0,0.0,70.0,255.0,255.0,255.0
1240,62.0,-15.000000000000032,3.068598857886822,-6.000000000000012,0.0,0.49063604400525485,0.0,0.0,0.007916027487597788,0.0,0.0,70.0,255.0,255.0,255.0
1241,62.050000000000004,-15.000000000000032,3.093140482787609,-6.000000000000012,0.0,0.4910291370500719,0.0,0.0,0.00788490185543722,0.0,0.0,70.0,255.0,255.0,255.0
1242,62.1,-15.000000000000032,3.1177017715918294,-6.000000000000012,0.0,0.49142453419079857,0.0,0.0,0.007923534675624566,0.0,0.0,70.0,255.0,255.0,255.0
1243,62.150000000000006,-15.000000000000032,3.142282936206689,-6.000000000000012,0.0,0.49182149051763435,0.0,0.0,0.007864185028294557,0.0,0.0,70.0,255.0,255.0,255.0
1244,62.2,-15.000000000000032,3.166883920643593,-6.000000000000012,0.0,0.492210952693628,0.0,0.0,0.007545855621193809,0.0,0.0,70.0,255.0,255.0,255.0
1245,62.25,-15.000000000000032,3.1915040314760517,-6.000000000000012,0.0,0.49257607607975373,0.0,0.0,0.006800465420653268,0.0,0.0,70.0,255.0,255.0,255.0
1246,62.300000000000004,-15.000000000000032,3.216141528251568,-6.000000000000012,0.0,0.49289099923569335,0.0,0.0,0.00556073978472682,0.0,0.0,70.0,255.0,255.0,255.0
1247,62.35,-15.000000000000032,3.240793131399621,-6.000000000000012,0.0,0.4931321500582264,0.0,0.0,0.00401242655199141,0.0,0.0,70.0,255.0,255.0,255.0
1248,62.400000000000006,-15.000000000000032,3.265454743257391,-6.000000000000012,0.0,0.4932922418908925,0.0,0.0,0.0024890113640374523,0.0,0.0,70.0,255.0,255.0,255.0
1249,62.45,-15.000000000000032,3.2901223555887102,-6.000000000000012,0.0,0.49338105119463016,0.0,0.0,0.001327244701609942,0.0,0.0,70.0,255.0,255.0,255.0
1250,62.5,-15.000000000000032,3.314792848376854,-6.000000000000012,0.0,0.4934249663610535,0.0,0.0,0.0008660735331567082,0.0,0.0,70.0,255.0,255.0,255.0
1251,62.550000000000004,-15.000000000000032,3.3394648522248156,-6.000000000000012,0.0,0.49346765854794583,0.0,0.0,0.0012597380728340823,0.0,0.0,70.0,255.0,255.0,255.0
1252,62.6,-15.000000000000032,3.3641396142316484,-6.000000000000012,0.0,0.4935509401683369,0.0,0.0,0.002257808067440692,0.0,0.0,70.0,255.0,255.0,255.0
1253,62.650000000000006,-15.000000000000032,3.3888199462416493,-6.000000000000012,0.0,0.4936934393546899,0.0,0.0,0.0033870422437409786,0.0,0.0,70.0,255.0,255.0,255.0
1254,62.7,-15.000000000000032,3.4135089581671174,-6.000000000000012,0.0,0.493889644392711,0.0,0.0,0.004166331073651719,0.0,0.0,70.0,255.0,255.0,255.0
1255,62.75,-15.000000000000032,3.4382089106809204,-6.000000000000012,0.0,0.49411007246205507,0.0,0.0,0.004115287066319695,0.0,0.0,70.0,255.0,255.0,255.0
1256,62.800000000000004,-15.000000000000032,3.462919965413323,-6.000000000000012,0.0,0.49430117309934296,0.0,0.0,0.0029999349634657335,0.0,0.0,70.0,255.0,255.0,255.0
1257,62.85,-15.000000000000032,3.4876390279908547,-6.000000000000012,0.0,0.49441006595840165,0.0,0.0,0.0010889285904980284,0.0,0.0,70.0,255.0,255.0,255.0
1258,62.900000000000006,-15.000000000000032,3.512360972009163,-6.000000000000012,0.0,0.49441006595839276,0.0,0.0,-0.0010889285905868462,0.0,0.0,70.0,255.0,255.0,255.0
1259,62.95,-15.000000000000032,3.537080034586694,-6.000000000000012,0.0,0.49430117309934296,0.0,0.0,-0.0029999349633325068,0.0,0.0,70.0,255.0,255.0,255.0
1260,63.0,-15.000000000000032,3.5617910893190974,-6.000000000000012,0.0,0.4941100724620595,0.0,0.0,-0.004115287066319695,0.0,0.0,70.0,255.0,255.0,255.0
1261,63.050000000000004,-15.000000000000032,3.5864910418329,-6.000000000000012,0.0,0.493889644392711,0.0,0.0,-0.004166331073740537,0.0,0.0,70.0,255.0,255.0,255.0
1262,63.1,-15.000000000000032,3.6111800537583685,-6.000000000000012,0.0,0.49369343935468546,0.0,0.0,-0.0033870422437409786,0.0,0.0,70.0,255.0,255.0,255.0
1263,63.150000000000006,-15.000000000000032,3.6358603857683685,-6.000000000000012,0.0,0.4935509401683369,0.0,0.0,-0.002257808067307465,0.0,0.0,70.0,255.0,255.0,255.0
1264,63.2,-15.000000000000032,3.660535147775202,-6.000000000000012,0.0,0.4934676585479547,0.0,0.0,-0.0012597380728340823,0.0,0.0,70.0,255.0,255.0,255.0
1265,63.25,-15.000000000000032,3.685207151623164,-6.000000000000012,0.0,0.4934249663610535,0.0,0.0,-0.0008660735333787528,0.0,0.0,70.0,255.0,255.0,255.0
1266,63.300000000000004,-15.000000000000032,3.7098776444113075,-6.000000000000012,0.0,0.49338105119461684,0.0,0.0,-0.001327244701654351,0.0,0.0,70.0,255.0,255.0,255.0
1267,63.35,-15.000000000000032,3.7345452567426256,-6.000000000000012,0.0,0.49329224189088805,0.0,0.0,-0.0024890113637709987,0.0,0.0,70.0,255.0,255.0,255.0
1268,63.400000000000006,-15.000000000000032,3.7592068686003963,-6.000000000000012,0.0,0.49313215005823974,0.0,0.0,-0.004012426551858184,0.0,0.0,70.0,255.0,255.0,255.0
1269,63.45,-15.000000000000032,3.7838584717484496,-6.000000000000012,0.0,0.49289099923570223,0.0,0.0,-0.005560739784904456,0.0,0.0,70.0,255.0,255.0,255.0
1270,63.5,-15.000000000000032,3.8084959685239665,-6.000000000000012,0.0,0.4925760760797493,0.0,0.0,-0.006800465420875312,0.0,0.0,70.0,255.0,255.0,255.0
1271,63.550000000000004,-15.000000000000032,3.8331160793564245,-6.000000000000012,0.0,0.4922109526936147,0.0,0.0,-0.007545855621193809,0.0,0.0,70.0,255.0,255.0,255.0
1272,63.6,-15.000000000000032,3.857717063793328,-6.000000000000012,0.0,0.4918214905176299,0.0,0.0,-0.00786418502816133,0.0,0.0,70.0,255.0,255.0,255.0
1273,63.650000000000006,-15.000000000000032,3.8822982284081875,-6.000000000000012,0.0,0.49142453419079857,0.0,0.0,-0.00792353467544693,0.0,0.0,70.0,255.0,255.0,255.0
1274,63.7,-15.000000000000032,3.906859517212408,-6.000000000000012,0.0,0.4910291370500852,0.0,0.0,-0.007884901855348403,0.0,0.0,70.0,255.0,255.0,255.0
1275,63.75,-15.000000000000032,3.931401142113196,-6.000000000000012,0.0,0.4906360440052637,0.0,0.0,-0.007916027487864241,0.0,0.0,70.0,255.0,255.0,255.0
1276,63.800000000000004,-15.000000000000032,3.9559231216129342,-6.000000000000012,0.0,0.4902375343012988,0.0,0.0,-0.008114880599308094,0.0,0.0,70.0,255.0,255.0,255.0
1277,63.85,-15.000000000000032,3.980424895543326,-6.000000000000012,0.0,0.4898245559453329,0.0,0.0,-0.008452383721468948,0.0,0.0,70.0,255.0,255.0,255.0
1278,63.900000000000006,-15.000000000000032,4.0049055772074675,-6.000000000000012,0.0,0.4893922959291519,0.0,0.0,-0.008856977869076132,0.0,0.0,70.0,255.0,255.0,255.0
1279,63.95,-15.000000000000032,4.029364125136241,-6.000000000000012,0.0,0.4889388581584253,0.0,0.0,-0.009272053725872809,0.0,0.0,70.0,255.0,255.0,255.0
1280,64.0,-15.000000000000032,4.05379946302331,-6.000000000000012,0.0,0.4884650905565646,0.0,0.0,-0.009639480572776193,0.0,0.0,70.0,255.0,255.0,255.0
1281,64.05,-15.000000000000032,4.0782106341918976,-6.000000000000012,0.0,0.4879749101011477,0.0,0.0,-0.009928048555440938,0.0,0.0,70.0,255.0,255.0,255.0
1282,64.10000000000001,-15.000000000000032,4.102596954033425,-6.000000000000012,0.0,0.4874722857010205,0.0,0.0,-0.010166280085321944,0.0,0.0,70.0,255.0,255.0,255.0
1283,64.15,-15.000000000000032,4.126957862762,-6.000000000000012,0.0,0.4869582820926155,0.0,0.0,-0.010408553847618407,0.0,0.0,70.0,255.0,255.0,255.0
1284,64.2,-15.000000000000032,4.151292782242686,-6.000000000000012,0.0,0.4864314303162587,0.0,0.0,-0.010700169954525052,0.0,0.0,70.0,255.0,255.0,255.0
1285,64.25,-15.000000000000032,4.1756010057936255,-6.000000000000012,0.0,0.485888265097163,0.0,0.0,-0.011074022249779603,0.0,0.0,70.0,255.0,255.0,255.0
1286,64.3,-15.000000000000032,4.199881608752403,-6.000000000000012,0.0,0.4853240280912807,0.0,0.0,-0.011546724712996337,0.0,0.0,70.0,255.0,255.0,255.0
1287,64.35000000000001,-15.000000000000032,4.2241334086027535,-6.000000000000012,0.0,0.48473359262586335,0.0,0.0,-0.01212072437484224,0.0,0.0,70.0,255.0,255.0,255.0
1288,64.4,-15.000000000000032,4.248354968014989,-6.000000000000012,0.0,0.4841119556537965,0.0,0.0,-0.012789739140917078,0.0,0.0,70.0,255.0,255.0,255.0
1289,64.45,-15.000000000000032,4.272544604168133,-6.000000000000012,0.0,0.48345461871177164,0.0,0.0,-0.013541065989830514,0.0,0.0,70.0,255.0,255.0,255.0
1290,64.5,-15.000000000000032,4.296700429886166,-6.000000000000012,0.0,0.48275784905481345,0.0,0.0,-0.014368393132446755,0.0,0.0,70.0,255.0,255.0,255.0
1291,64.55,-15.000000000000032,4.3208203890736145,-6.000000000000012,0.0,0.48201777939852697,0.0,0.0,-0.015258852127164602,0.0,0.0,70.0,255.0,255.0,255.0
1292,64.60000000000001,-15.000000000000032,4.344902207826019,-6.000000000000012,0.0,0.481231963842097,0.0,0.0,-0.016151754816018382,0.0,0.0,70.0,255.0,255.0,255.0
1293,64.65,-15.000000000000032,4.368943585457824,-6.000000000000012,0.0,0.48040260391692513,0.0,0.0,-0.016950718025832145,0.0,0.0,70.0,255.0,255.0,255.0
1294,64.7,-15.000000000000032,4.392942468217711,-6.000000000000012,0.0,0.4795368920395138,0.0,0.0,-0.01756279219318202,0.0,0.0,70.0,255.0,255.0,255.0
1295,64.75,-15.000000000000032,4.416897274661776,-6.000000000000012,0.0,0.47864632469760693,0.0,0.0,-0.01790443319356072,0.0,0.0,70.0,255.0,255.0,255.0
1296,64.8,-15.000000000000032,4.440807100687472,-6.000000000000012,0.0,0.4777464487201577,0.0,0.0,-0.017943554424881825,0.0,0.0,70.0,255.0,255.0,255.0
1297,64.85000000000001,-15.000000000000032,4.464671919533791,-6.000000000000012,0.0,0.47685196925511875,0.0,0.0,-0.017755799483953894,0.0,0.0,70.0,255.0,255.0,255.0
1298,64.9,-15.000000000000032,4.488492297612984,-6.000000000000012,0.0,0.4759708687717623,0.0,0.0,-0.01748552395284264,0.0,0.0,70.0,255.0,255.0,255.0
1299,64.95,-15.000000000000032,4.512269006410968,-6.000000000000012,0.0,0.4751034168598345,0.0,0.0,-0.01728673959595639,0.0,0.0,70.0,255.0,255.0,255.0
1300,65.0,-15.000000000000032,4.536002639298967,-6.000000000000012,0.0,0.4742421948121667,0.0,0.0,-0.017301892742516145,0.0,0.0,70.0,255.0,255.0,255.0
1301,65.05,-15.000000000000032,4.559693225892184,-6.000000000000012,0.0,0.47337322758558287,0.0,0.0,-0.017606930174540736,0.0,0.0,70.0,255.0,255.0,255.0
1302,65.10000000000001,-15.000000000000032,4.583339962057526,-6.000000000000012,0.0,0.4724815017947126,0.0,0.0,-0.018179639322291052,0.0,0.0,70.0,255.0,255.0,255.0
1303,65.15,-15.000000000000032,4.6069413760716555,-6.000000000000012,0.0,0.47155526365335376,0.0,0.0,-0.018952594087018326,0.0,0.0,70.0,255.0,255.0,255.0
1304,65.2,-15.000000000000032,4.630495488422861,-6.000000000000012,0.0,0.47058624238601077,0.0,0.0,-0.019850249422148636,0.0,0.0,70.0,255.0,255.0,255.0
1305,65.25,-15.000000000000032,4.654000000310257,-6.000000000000012,0.0,0.4695702387111389,0.0,0.0,-0.020799977189867036,0.0,0.0,70.0,255.0,255.0,255.0
1306,65.3,-15.000000000000032,4.677452512293975,-6.000000000000012,0.0,0.46850624466702406,0.0,0.0,-0.02174975051891792,0.0,0.0,70.0,255.0,255.0,255.0
1307,65.35000000000001,-15.000000000000032,4.700850624776959,-6.000000000000012,0.0,0.4673952636592471,0.0,0.0,-0.022647508027517915,0.0,0.0,70.0,255.0,255.0,255.0
1308,65.4,-15.000000000000032,4.7241920386599,-6.000000000000012,0.0,0.46624149386427227,0.0,0.0,-0.02342055657473807,0.0,0.0,70.0,255.0,255.0,255.0
1309,65.45,-15.000000000000032,4.747474774163386,-6.000000000000012,0.0,0.4650532080017733,0.0,0.0,-0.023993288356027875,0.0,0.0,70.0,255.0,255.0,255.0
1310,65.5,-15.000000000000032,4.770697359460077,-6.000000000000012,0.0,0.4638421650286695,0.0,0.0,-0.02429819849938397,0.0,0.0,70.0,255.0,255.0,255.0
1311,65.55,-15.000000000000032,4.793858990666253,-6.000000000000012,0.0,0.4626233881518349,0.0,0.0,-0.0243130421099913,0.0,0.0,70.0,255.0,255.0,255.0
1312,65.60000000000001,-15.000000000000032,4.8169596982752605,-6.000000000000012,0.0,0.46141086081767035,0.0,0.0,-0.024113871690012445,0.0,0.0,70.0,255.0,255.0,255.0
1313,65.65,-15.000000000000032,4.84000007674802,-6.000000000000012,0.0,0.46021200098283366,0.0,0.0,-0.02384331481115609,0.0,0.0,70.0,255.0,255.0,255.0
1314,65.7,-15.000000000000032,4.862980898373544,-6.000000000000012,0.0,0.45902652933655474,0.0,0.0,-0.023655571512382068,0.0,0.0,70.0,255.0,255.0,255.0
1315,65.75,-15.000000000000032,4.885902729681676,-6.000000000000012,0.0,0.45784644383159545,0.0,0.0,-0.023695247461663627,0.0,0.0,70.0,255.0,255.0,255.0
1316,65.8,-15.000000000000032,4.908765542756703,-6.000000000000012,0.0,0.4566570045903884,0.0,0.0,-0.024038081042476733,0.0,0.0,70.0,255.0,255.0,255.0
1317,65.85000000000001,-15.000000000000032,4.9315684301407146,-6.000000000000012,0.0,0.4554426357273478,0.0,0.0,-0.024651597286329263,0.0,0.0,70.0,255.0,255.0,255.0
1318,65.9,-15.000000000000032,4.954309806329438,-6.000000000000012,0.0,0.45419184486175546,0.0,0.0,-0.025451592104364096,0.0,0.0,70.0,255.0,255.0,255.0
1319,65.95,-15.000000000000032,4.97698761462689,-6.000000000000012,0.0,0.45289747651691137,0.0,0.0,-0.0263444255942602,0.0,0.0,70.0,255.0,255.0,255.0
1320,66.0,-15.000000000000032,4.999599553981129,-6.000000000000012,0.0,0.45155740230232944,0.0,0.0,-0.027232793007669898,0.0,0.0,70.0,255.0,255.0,255.0
1321,66.05,-15.000000000000032,5.022143354857123,-6.000000000000012,0.0,0.4501741972161444,0.0,0.0,-0.028055659361747587,0.0,0.0,70.0,255.0,255.0,255.0
1322,66.10000000000001,-15.000000000000032,5.044616973702744,-6.000000000000012,0.0,0.4487518363661547,0.0,0.0,-0.028801603965611378,0.0,0.0,70.0,255.0,255.0,255.0
1323,66.15,-15.000000000000032,5.0670185384937385,-6.000000000000012,0.0,0.44729403681958324,0.0,0.0,-0.02946677364690231,0.0,0.0,70.0,255.0,255.0,255.0
1324,66.2,-15.000000000000032,5.089346377384702,-6.000000000000012,0.0,0.44580515900146445,0.0,0.0,-0.030041038464911907,0.0,0.0,70.0,255.0,255.0,255.0
1325,66.25,-15.000000000000032,5.111599054393885,-6.000000000000012,0.0,0.44428993297309205,0.0,0.0,-0.030521552537177143,0.0,0.0,70.0,255.0,255.0,255.0
1326,66.3,-15.000000000000032,5.133775370682011,-6.000000000000012,0.0,0.44275300374774673,0.0,0.0,-0.030912055403575778,0.0,0.0,70.0,255.0,255.0,255.0
1327,66.35000000000001,-15.000000000000032,5.15587435476866,-6.000000000000012,0.0,0.44119872743273447,0.0,0.0,-0.03122375841169145,0.0,0.0,70.0,255.0,255.0,255.0
1328,66.4,-15.000000000000032,5.177895243425285,-6.000000000000012,0.0,0.4396306279065776,0.0,0.0,-0.031480380906323546,0.0,0.0,70.0,255.0,255.0,255.0
1329,66.45,-15.000000000000032,5.199837417559317,-6.000000000000012,0.0,0.4380506893421021,0.0,0.0,-0.03171762101237263,0.0,0.0,70.0,255.0,255.0,255.0
1330,66.5,-15.000000000000032,5.221700312359495,-6.000000000000012,0.0,0.4364588658053403,0.0,0.0,-0.03197703414130615,0.0,0.0,70.0,255.0,255.0,255.0
1331,66.55,-15.000000000000032,5.243483304139851,-6.000000000000012,0.0,0.4348529859279715,0.0,0.0,-0.032282319490839484,0.0,0.0,70.0,255.0,255.0,255.0
1332,66.60000000000001,-15.000000000000032,5.265185610952292,-6.000000000000012,0.0,0.4332306338562564,0.0,0.0,-0.0326224299853628,0.0,0.0,70.0,255.0,255.0,255.0
1333,66.65,-15.000000000000032,5.286806367525477,-6.000000000000012,0.0,0.4315907429294352,0.0,0.0,-0.03297347428850017,0.0,0.0,70.0,255.0,255.0,255.0
1334,66.7,-15.000000000000032,5.308344685245236,-6.000000000000012,0.0,0.42993328642740636,0.0,0.0,-0.033314677951779004,0.0,0.0,70.0,255.0,255.0,255.0
1335,66.75,-15.000000000000032,5.329799696168218,-6.000000000000012,0.0,0.4282592751342573,0.0,0.0,-0.033622338871275304,0.0,0.0,70.0,255.0,255.0,255.0
1336,66.8,-15.000000000000032,5.351170612758661,-6.000000000000012,0.0,0.42657105254027883,0.0,0.0,-0.033885379920928216,0.0,0.0,70.0,255.0,255.0,255.0
1337,66.85000000000001,-15.000000000000032,5.372456801422246,-6.000000000000012,0.0,0.4248707371421645,0.0,0.0,-0.03412652164582752,0.0,0.0,70.0,255.0,255.0,255.0
1338,66.9,-15.000000000000032,5.393657686472878,-6.000000000000012,0.0,0.4231584003756961,0.0,0.0,-0.03438572193807943,0.0,0.0,70.0,255.0,255.0,255.0
1339,66.95,-15.000000000000032,5.414772641459815,-6.000000000000012,0.0,0.42143216494835656,0.0,0.0,-0.034696953893664784,0.0,0.0,70.0,255.0,255.0,255.0
1340,67.0,-15.000000000000032,5.4358009029677135,-6.000000000000012,0.0,0.4196887049863296,0.0,0.0,-0.0350815824031514,0.0,0.0,70.0,255.0,255.0,255.0
1341,67.05,-15.000000000000032,5.456741511958448,-6.000000000000012,0.0,0.4179240067080414,0.0,0.0,-0.03554996035974867,0.0,0.0,70.0,255.0,255.0,255.0
1342,67.10000000000001,-15.000000000000032,5.477593303638518,-6.000000000000012,0.0,0.41613370895035473,0.0,0.0,-0.03610971186827072,0.0,0.0,70.0,255.0,255.0,255.0
1343,67.15,-15.000000000000032,5.498354882853484,-6.000000000000012,0.0,0.41431303552121435,0.0,0.0,-0.036764570359171245,0.0,0.0,70.0,255.0,255.0,255.0
1344,67.2,-15.000000000000032,5.519024607190639,-6.000000000000012,0.0,0.4124572519144376,0.0,0.0,-0.037511306007509404,0.0,0.0,70.0,255.0,255.0,255.0
1345,67.25,-15.000000000000032,5.539600608044927,-6.000000000000012,0.0,0.4105619049204634,0.0,0.0,-0.03835529422158146,0.0,0.0,70.0,255.0,255.0,255.0
1346,67.3,-15.000000000000032,5.560080797682685,-6.000000000000012,0.0,0.40862172249227946,0.0,0.0,-0.03928857817463438,0.0,0.0,70.0,255.0,255.0,255.0
1347,67.35000000000001,-15.000000000000032,5.580462780294155,-6.000000000000012,0.0,0.40663304710299997,0.0,0.0,-0.04023556328105471,0.0,0.0,70.0,255.0,255.0,255.0
1348,67.4,-15.000000000000032,5.600744102392985,-6.000000000000012,0.0,0.404598166164174,0.0,0.0,-0.041074225062764924,0.0,0.0,70.0,255.0,255.0,255.0
1349,67.45,-15.000000000000032,5.620922596910573,-6.000000000000012,0.0,0.4025256245967235,0.0,0.0,-0.041685048182849016,0.0,0.0,70.0,255.0,255.0,255.0
1350,67.5,-15.000000000000032,5.640996664852658,-6.000000000000012,0.0,0.4004296613458891,0.0,0.0,-0.04194926868326121,0.0,0.0,70.0,255.0,255.0,255.0
1351,67.55,-15.000000000000032,5.660965563045162,-6.000000000000012,0.0,0.39833069772839735,0.0,0.0,-0.04182141458919375,0.0,0.0,70.0,255.0,255.0,255.0
1352,67.60000000000001,-15.000000000000032,5.6808297346254975,-6.000000000000012,0.0,0.3962475198869697,0.0,0.0,-0.0414315781304353,0.0,0.0,70.0,255.0,255.0,255.0
1353,67.65,-15.000000000000032,5.700590315033859,-6.000000000000012,0.0,0.3941875399153538,0.0,0.0,-0.04101666458629083,0.0,0.0,70.0,255.0,255.0,255.0
1354,67.7,-15.000000000000032,5.720248488617033,-6.000000000000012,0.0,0.39214585342834063,0.0,0.0,-0.04082076233320464,0.0,0.0,70.0,255.0,255.0,255.0
1355,67.75,-15.000000000000032,5.739804900376693,-6.000000000000012,0.0,0.39010546368203336,0.0,0.0,-0.04108362172257074,0.0,0.0,70.0,255.0,255.0,255.0
1356,67.8,-15.000000000000032,5.759259034985236,-6.000000000000012,0.0,0.38803749125608356,0.0,0.0,-0.041919563003034455,0.0,0.0,70.0,255.0,255.0,255.0
1357,67.85000000000001,-15.000000000000032,5.778608649502301,-6.000000000000012,0.0,0.3859135073817299,0.0,0.0,-0.04319094470925933,0.0,0.0,70.0,255.0,255.0,255.0
1358,67.9,-15.000000000000032,5.797850385723409,-6.000000000000012,0.0,0.3837183967851576,0.0,0.0,-0.04462545691783504,0.0,0.0,70.0,255.0,255.0,255.0
1359,67.95,-15.000000000000032,5.816980489180817,-6.000000000000012,0.0,0.3814509616899464,0.0,0.0,-0.04594584187813666,0.0,0.0,70.0,255.0,255.0,255.0
1360,68.0,-15.000000000000032,5.835995481892404,-6.000000000000012,0.0,0.37912381259734396,0.0,0.0,-0.04688827239949234,0.0,0.0,70.0,255.0,255.0,255.0
1361,68.05,-15.000000000000032,5.854892870440551,-6.000000000000012,0.0,0.3767621344499972,0.0,0.0,-0.047313759972755776,0.0,0.0,70.0,255.0,255.0,255.0
1362,68.10000000000001,-15.000000000000032,5.8736716953374035,-6.000000000000012,0.0,0.3743924366000684,0.0,0.0,-0.0472927549196811,0.0,0.0,70.0,255.0,255.0,255.0
1363,68.15,-15.000000000000032,5.892332114100558,-6.000000000000012,0.0,0.37203285895802907,0.0,0.0,-0.046993395853878184,0.0,0.0,70.0,255.0,255.0,255.0
1364,68.2,-15.000000000000032,5.910874981233206,-6.000000000000012,0.0,0.36969309701468056,0.0,0.0,-0.046589156867149484,0.0,0.0,70.0,255.0,255.0,255.0
1365,68.25,-15.000000000000032,5.929301423802026,-6.000000000000012,0.0,0.3673739432713141,0.0,0.0,-0.04624328868008121,0.0,0.0,70.0,255.0,255.0,255.0
1366,68.3,-15.000000000000032,5.947612375560338,-6.000000000000012,0.0,0.36506876814667244,0.0,0.0,-0.04605765817968788,0.0,0.0,70.0,255.0,255.0,255.0
1367,68.35000000000001,-15.000000000000032,5.965808300616693,-6.000000000000012,0.0,0.36276817745334533,0.0,0.0,-0.04607346684641911,0.0,0.0,70.0,255.0,255.0,255.0
1368,68.4,-15.000000000000032,5.983889193305672,-6.000000000000012,0.0,0.36046142146203053,0.0,0.0,-0.046327206751684,0.0,0.0,70.0,255.0,255.0,255.0
1369,68.45,-15.000000000000032,6.001854442762896,-6.000000000000012,0.0,0.35813545677817693,0.0,0.0,-0.04685650501254912,0.0,0.0,70.0,255.0,255.0,255.0
1370,68.5,-15.000000000000032,6.01970273898349,-6.000000000000012,0.0,0.3557757709607756,0.0,0.0,-0.047694563556621716,0.0,0.0,70.0,255.0,255.0,255.0
1371,68.55,-15.000000000000032,6.037432019858974,-6.000000000000012,0.0,0.35336600042251476,0.0,0.0,-0.04883714577061937,0.0,0.0,70.0,255.0,255.0,255.0
1372,68.60000000000001,-15.000000000000032,6.0550393390257415,-6.000000000000012,0.0,0.3508920563837137,0.0,0.0,-0.050170766971646685,0.0,0.0,70.0,255.0,255.0,255.0
1373,68.65,-15.000000000000032,6.072521225497345,-6.000000000000012,0.0,0.3483489237253501,0.0,0.0,-0.051497870378725,0.0,0.0,70.0,255.0,255.0,255.0
1374,68.7,-15.000000000000032,6.0898742313982765,-6.000000000000012,0.0,0.3457422693458412,0.0,0.0,-0.05260636154460485,0.0,0.0,70.0,255.0,255.0,255.0
1375,68.75,-15.000000000000032,6.107095452431929,-6.000000000000012,0.0,0.3430882875708896,0.0,0.0,-0.05329043844595205,0.0,0.0,70.0,255.0,255.0,255.0
1376,68.8,-15.000000000000032,6.1241830601553655,-6.000000000000012,0.0,0.340413225501246,0.0,0.0,-0.053453245917722825,0.0,0.0,70.0,255.0,255.0,255.0
1377,68.85000000000001,-15.000000000000032,6.141136774982054,-6.000000000000012,0.0,0.3377429629791173,0.0,0.0,-0.053210644753676206,0.0,0.0,70.0,255.0,255.0,255.0
1378,68.9,-15.000000000000032,6.157957356453277,-6.000000000000012,0.0,0.33509216102587835,0.0,0.0,-0.052794971405845104,0.0,0.0,70.0,255.0,255.0,255.0
1379,68.95,-15.000000000000032,6.174645991084642,-6.000000000000012,0.0,0.3324634658385328,0.0,0.0,-0.05245082270191048,0.0,0.0,70.0,255.0,255.0,255.0
1380,69.0,-15.000000000000032,6.1912037030371305,-6.000000000000012,0.0,0.3298470787556873,0.0,0.0,-0.05242368266058506,0.0,0.0,70.0,255.0,255.0,255.0
1381,69.05,-15.000000000000032,6.207630698960211,-6.000000000000012,0.0,0.3272210975724743,0.0,0.0,-0.05284264445197806,0.0,0.0,70.0,255.0,255.0,255.0
1382,69.10000000000001,-15.000000000000032,6.223925812794378,-6.000000000000012,0.0,0.3245628143104895,0.0,0.0,-0.053620313686586485,0.0,0.0,70.0,255.0,255.0,255.0
1383,69.15,-15.000000000000032,6.2400869803912595,-6.000000000000012,0.0,0.32185906620381566,0.0,0.0,-0.05456942348391891,0.0,0.0,70.0,255.0,255.0,255.0
1384,69.2,-15.000000000000032,6.2561117194147595,-6.000000000000012,0.0,0.3191058719620976,0.0,0.0,-0.055503261401046444,0.0,0.0,70.0,255.0,255.0,255.0
1385,69.25,-15.000000000000032,6.271997567587469,-6.000000000000012,0.0,0.316308740063711,0.0,0.0,-0.05623086820882861,0.0,0.0,70.0,255.0,255.0,255.0
1386,69.3,-15.000000000000032,6.287742593421131,-6.000000000000012,0.0,0.31348278514121475,0.0,0.0,-0.05665011566886591,0.0,0.0,70.0,255.0,255.0,255.0
1387,69.35000000000001,-15.000000000000032,6.303345846101591,-6.000000000000012,0.0,0.3106437284968244,0.0,0.0,-0.05683173686268361,0.0,0.0,70.0,255.0,255.0,255.0
1388,69.4,-15.000000000000032,6.318806966270813,-6.000000000000012,0.0,0.3077996114549464,0.0,0.0,-0.05692285913294626,0.0,0.0,70.0,255.0,255.0,255.0
1389,69.45,-15.000000000000032,6.334125807247085,-6.000000000000012,0.0,0.3049514425835298,0.0,0.0,-0.057063217941522026,0.0,0.0,70.0,255.0,255.0,255.0
1390,69.5,-15.000000000000032,6.349302110529166,-6.000000000000012,0.0,0.3020932896607942,0.0,0.0,-0.05739279788476992,0.0,0.0,70.0,255.0,255.0,255.0
1391,69.55,-15.000000000000032,6.364335136213165,-6.000000000000012,0.0,0.2992121627950528,0.0,0.0,-0.05798346630001561,0.0,0.0,70.0,255.0,255.0,255.0
1392,69.60000000000001,-15.000000000000032,6.379223326808671,-6.000000000000012,0.0,0.2962949430307926,0.0,0.0,-0.05877003489995758,0.0,0.0,70.0,255.0,255.0,255.0
1393,69.65,-15.000000000000032,6.393964630516244,-6.000000000000012,0.0,0.29333515930505705,0.0,0.0,-0.05962184394538994,0.0,0.0,70.0,255.0,255.0,255.0
1394,69.7,-15.000000000000032,6.408556842739177,-6.000000000000012,0.0,0.29033275863625363,0.0,0.0,-0.06041058011936329,0.0,0.0,70.0,255.0,255.0,255.0
1395,69.75,-15.000000000000032,6.4229979063798694,-6.000000000000012,0.0,0.2872941012931207,0.0,0.0,-0.061005958900839374,0.0,0.0,70.0,255.0,255.0,255.0
1396,69.8,-15.000000000000032,6.437286252868489,-6.000000000000012,0.0,0.2842321627461697,0.0,0.0,-0.06134273241844568,0.0,0.0,70.0,255.0,255.0,255.0
1397,69.85000000000001,-15.000000000000032,6.451421122654486,-6.000000000000012,0.0,0.28115982805127615,0.0,0.0,-0.06149082749988821,0.0,0.0,70.0,255.0,255.0,255.0
1398,69.9,-15.000000000000032,6.465402235673617,-6.000000000000012,0.0,0.27808307999618087,0.0,0.0,-0.06158706112184831,0.0,0.0,70.0,255.0,255.0,255.0
1399,69.95,-15.000000000000032,6.4792294306541045,-6.000000000000012,0.0,0.2750011219390913,0.0,0.0,-0.06176774829462772,0.0,0.0,70.0,255.0,255.0,255.0
1400,70.0,-15.000000000000032,6.492902347867526,-6.000000000000012,0.0,0.2719063051667181,0.0,0.0,-0.06217534786436829,0.0,0.0,70.0,255.0,255.0,255.0
1401,70.05,-15.000000000000032,6.506420061170776,-6.000000000000012,0.0,0.2687835871526545,0.0,0.0,-0.06287889073979258,0.0,0.0,70.0,255.0,255.0,255.0
1402,70.10000000000001,-15.000000000000032,6.519780706582791,-6.000000000000012,0.0,0.26561841609273884,0.0,0.0,-0.06378395113699753,0.0,0.0,70.0,255.0,255.0,255.0
1403,70.15,-15.000000000000032,6.53298190278005,-6.000000000000012,0.0,0.26240519203895474,0.0,0.0,-0.06471261552931651,0.0,0.0,70.0,255.0,255.0,255.0
1404,70.2,-15.000000000000032,6.546021225786687,-6.000000000000012,0.0,0.2591471545398072,0.0,0.0,-0.06549185327617835,0.0,0.0,70.0,255.0,255.0,255.0
1405,70.25,-15.000000000000032,6.558896618234031,-6.000000000000012,0.0,0.2558560067113369,0.0,0.0,-0.06595269626226141,0.0,0.0,70.0,255.0,255.0,255.0
1406,70.3,-15.000000000000032,6.5716068264578205,-6.000000000000012,0.0,0.25255188491358105,0.0,0.0,-0.06601461837556499,0.0,0.0,70.0,255.0,255.0,255.0
1407,70.35000000000001,-15.000000000000032,6.584151806725389,-6.000000000000012,0.0,0.2492545448737804,0.0,0.0,-0.06577784347578941,0.0,0.0,70.0,255.0,255.0,255.0
1408,70.4,-15.000000000000032,6.5965322809451985,-6.000000000000012,0.0,0.2459741005660021,0.0,0.0,-0.06543884039675874,0.0,0.0,70.0,255.0,255.0,255.0
1409,70.45,-15.000000000000032,6.608749216781989,-6.000000000000012,0.0,0.24271066083410453,0.0,0.0,-0.06519761249421663,0.0,0.0,70.0,255.0,255.0,255.0
1410,70.5,-15.000000000000032,6.620803347028609,-6.000000000000012,0.0,0.23945433931658044,0.0,0.0,-0.0652498577633942,0.0,0.0,70.0,255.0,255.0,255.0
1411,70.55,-15.000000000000032,6.632694650713647,-6.000000000000012,0.0,0.2361856750577651,0.0,0.0,-0.0656959224707876,0.0,0.0,70.0,255.0,255.0,255.0
1412,70.60000000000001,-15.000000000000032,6.6444219145343855,-6.000000000000012,0.0,0.23288474706950169,0.0,0.0,-0.06645926703363614,0.0,0.0,70.0,255.0,255.0,255.0
1413,70.65,-15.000000000000032,6.6559831254205974,-6.000000000000012,0.0,0.2295397483544015,0.0,0.0,-0.06737743080877934,0.0,0.0,70.0,255.0,255.0,255.0
1414,70.7,-15.000000000000032,6.667375889369826,-6.000000000000012,0.0,0.22614700398862375,0.0,0.0,-0.06828441003365882,0.0,0.0,70.0,255.0,255.0,255.0
1415,70.75,-15.000000000000032,6.67859782581946,-6.000000000000012,0.0,0.22271130735103561,0.0,0.0,-0.06901188200938435,0.0,0.0,70.0,255.0,255.0,255.0
1416,70.8,-15.000000000000032,6.689647020104929,-6.000000000000012,0.0,0.21924581578768532,0.0,0.0,-0.06946891784913589,0.0,0.0,70.0,255.0,255.0,255.0
1417,70.85000000000001,-15.000000000000032,6.700522407398228,-6.000000000000012,0.0,0.21576441556612203,0.0,0.0,-0.0697087247524486,0.0,0.0,70.0,255.0,255.0,255.0
1418,70.9,-15.000000000000032,6.711223461661541,-6.000000000000012,0.0,0.21227494331244046,0.0,0.0,-0.06984696084240127,0.0,0.0,70.0,255.0,255.0,255.0
1419,70.95,-15.000000000000032,6.721749901729472,-6.000000000000012,0.0,0.2087797194818819,0.0,0.0,-0.06999183361777739,0.0,0.0,70.0,255.0,255.0,255.0
1420,71.0,-15.000000000000032,6.73210143360973,-6.000000000000012,0.0,0.20527575995066272,0.0,0.0,-0.07024256758043634,0.0,0.0,70.0,255.0,255.0,255.0
1421,71.05,-15.000000000000032,6.742277477724539,-6.000000000000012,0.0,0.20175546272383826,0.0,0.0,-0.07065497956091349,0.0,0.0,70.0,255.0,255.0,255.0
1422,71.10000000000001,-15.000000000000032,6.752276979882113,-6.000000000000012,0.0,0.19821026199457137,0.0,0.0,-0.0712231299930366,0.0,0.0,70.0,255.0,255.0,255.0
1423,71.15,-15.000000000000032,6.762098503923996,-6.000000000000012,0.0,0.1946331497245346,0.0,0.0,-0.07191742978260862,0.0,0.0,70.0,255.0,255.0,255.0
1424,71.2,-15.000000000000032,6.771740294854567,-6.000000000000012,0.0,0.1910185190163105,0.0,0.0,-0.07270825549507975,0.0,0.0,70.0,255.0,255.0,255.0
1425,71.25,-15.000000000000032,6.781200355825627,-6.000000000000012,0.0,0.18736232417502663,0.0,0.0,-0.07357383834545317,0.0,0.0,70.0,255.0,255.0,255.0
1426,71.3,-15.000000000000032,6.7904765272720695,-6.000000000000012,0.0,0.1836611351817652,0.0,0.0,-0.07449167672879398,0.0,0.0,70.0,255.0,255.0,255.0
1427,71.35000000000001,-15.000000000000032,6.799566469343803,-6.000000000000012,0.0,0.17991315650214723,0.0,0.0,-0.07539968767584782,0.0,0.0,70.0,255.0,255.0,255.0
1428,71.4,-15.000000000000032,6.808467842922284,-6.000000000000012,0.0,0.1761211664141804,0.0,0.0,-0.07620154846454952,0.0,0.0,70.0,255.0,255.0,255.0
1429,71.45,-15.000000000000032,6.817178585985221,-6.000000000000012,0.0,0.17229300165569228,0.0,0.0,-0.07680237050937677,0.0,0.0,70.0,255.0,255.0,255.0
1430,71.5,-15.000000000000032,6.8256971430878535,-6.000000000000012,0.0,0.16844092936324273,0.0,0.0,-0.07711410700981247,0.0,0.0,70.0,255.0,255.0,255.0
1431,71.55,-15.000000000000032,6.834022678921546,-6.000000000000012,0.0,0.16458159095471103,0.0,0.0,-0.0771040011702695,0.0,0.0,70.0,255.0,255.0,255.0
1432,71.60000000000001,-15.000000000000032,6.842155302183325,-6.000000000000012,0.0,0.16073052924621578,0.0,0.0,-0.07686166242697468,0.0,0.0,70.0,255.0,255.0,255.0
1433,71.65,-15.000000000000032,6.850095731846167,-6.000000000000012,0.0,0.15689542471201356,0.0,0.0,-0.07655451155663684,0.0,0.0,70.0,255.0,255.0,255.0
1434,71.7,-15.000000000000032,6.857844844654526,-6.000000000000012,0.0,0.1530750780905521,0.0,0.0,-0.0763612368269051,0.0,0.0,70.0,255.0,255.0,255.0
1435,71.75,-15.000000000000032,6.8654032396552225,-6.000000000000012,0.0,0.14925930102932305,0.0,0.0,-0.07645775226396978,0.0,0.0,70.0,255.0,255.0,255.0
1436,71.8,-15.000000000000032,6.872770774757458,-6.000000000000012,0.0,0.14542930286415512,0.0,0.0,-0.07693231859011718,0.0,0.0,70.0,255.0,255.0,255.0
1437,71.85000000000001,-15.000000000000032,6.879946169941638,-6.000000000000012,0.0,0.14156606917031134,0.0,0.0,-0.07770825469020082,0.0,0.0,70.0,255.0,255.0,255.0
1438,71.9,-15.000000000000032,6.886927381674489,-6.000000000000012,0.0,0.13765847739513504,0.0,0.0,-0.07862581323347939,0.0,0.0,70.0,255.0,255.0,255.0
1439,71.95,-15.000000000000032,6.8937120176811515,-6.000000000000012,0.0,0.1337034878469634,0.0,0.0,-0.07951939547057307,0.0,0.0,70.0,255.0,255.0,255.0
1440,72.0,-15.000000000000032,6.900297730459186,-6.000000000000012,0.0,0.12970653784807773,0.0,0.0,-0.08021889325977583,0.0,0.0,70.0,255.0,255.0,255.0
1441,72.05,-15.000000000000032,6.906682671465959,-6.000000000000012,0.0,0.12568159852098582,0.0,0.0,-0.08063395057575917,0.0,0.0,70.0,255.0,255.0,255.0
1442,72.10000000000001,-15.000000000000032,6.912865890311284,-6.000000000000012,0.0,0.12164314279050181,0.0,0.0,-0.08082895517516064,0.0,0.0,70.0,255.0,255.0,255.0
1443,72.15,-15.000000000000032,6.9188469857450094,-6.000000000000012,0.0,0.11759870300346975,0.0,0.0,-0.08093775998476715,0.0,0.0,70.0,255.0,255.0,255.0
1444,72.2,-15.000000000000032,6.924625760611631,-6.000000000000012,0.0,0.1135493667920251,0.0,0.0,-0.08108826753776555,0.0,0.0,70.0,255.0,255.0,255.0
1445,72.25,-15.000000000000032,6.930201922424212,-6.000000000000012,0.0,0.1094898762496932,0.0,0.0,-0.08140662807765153,0.0,0.0,70.0,255.0,255.0,255.0
1446,72.3,-15.000000000000032,6.935574748236601,-6.000000000000012,0.0,0.10540870398425994,0.0,0.0,-0.08195845253338163,0.0,0.0,70.0,255.0,255.0,255.0
1447,72.35000000000001,-15.000000000000032,6.940742792822638,-6.000000000000012,0.0,0.10129403099635503,0.0,0.0,-0.08269322064613505,0.0,0.0,70.0,255.0,255.0,255.0
1448,72.4,-15.000000000000032,6.945704151336236,-6.000000000000012,0.0,0.09713938191964644,0.0,0.0,-0.08350585078957806,0.0,0.0,70.0,255.0,255.0,255.0
1449,72.45,-15.000000000000032,6.950456731014603,-6.000000000000012,0.0,0.09294344591739723,0.0,0.0,-0.08429424766447369,0.0,0.0,70.0,255.0,255.0,255.0
1450,72.5,-15.000000000000032,6.954998495927976,-6.000000000000012,0.0,0.08870995715319907,0.0,0.0,-0.0849626130784209,0.0,0.0,70.0,255.0,255.0,255.0
1451,72.55,-15.000000000000032,6.9593277267299225,-6.000000000000012,0.0,0.08444718460955514,0.0,0.0,-0.08545895257832115,0.0,0.0,70.0,255.0,255.0,255.0
1452,72.60000000000001,-15.000000000000032,6.963443214388931,-6.000000000000012,0.0,0.08016406189536696,0.0,0.0,-0.08580086620328942,0.0,0.0,70.0,255.0,255.0,255.0
1453,72.65,-15.000000000000032,6.967344132919459,-6.000000000000012,0.0,0.0758670979892262,0.0,0.0,-0.0860361328932413,0.0,0.0,70.0,255.0,255.0,255.0
1454,72.7,-15.000000000000032,6.971029924187854,-6.000000000000012,0.0,0.07156044860604283,0.0,0.0,-0.0862080285164879,0.0,0.0,70.0,255.0,255.0,255.0
1455,72.75,-15.000000000000032,6.9745001777800635,-6.000000000000012,0.0,0.0672462951375774,0.0,0.0,-0.08633490096183749,0.0,0.0,70.0,255.0,255.0,255.0
1456,72.8,-15.000000000000032,6.977754553701612,-6.000000000000012,0.0,0.06292695850985908,0.0,0.0,-0.08643902386777924,0.0,0.0,70.0,255.0,255.0,255.0
1457,72.85000000000001,-15.000000000000032,6.980792873631049,-6.000000000000012,0.0,0.05860239275079948,0.0,0.0,-0.0866206105775369,0.0,0.0,70.0,255.0,255.0,255.0
1458,72.9,-15.000000000000032,6.983614792976692,-6.000000000000012,0.0,0.05426489745210539,0.0,0.0,-0.08703232159916752,0.0,0.0,70.0,255.0,255.0,255.0
1459,72.95,-15.000000000000032,6.98621936337626,-6.000000000000012,0.0,0.04989916059088273,0.0,0.0,-0.08784706484199489,0.0,0.0,70.0,255.0,255.0,255.0
1460,73.0,-15.000000000000032,6.98860470903578,-6.000000000000012,0.0,0.0454801909679059,0.0,0.0,-0.08935782969539119,0.0,0.0,70.0,255.0,255.0,255.0
1461,73.05,-15.000000000000032,6.9907673824730505,-6.000000000000012,0.0,0.04096337762134361,0.0,0.0,-0.09165786570468626,0.0,0.0,70.0,255.0,255.0,255.0
1462,73.10000000000001,-15.000000000000032,6.992701046797914,-6.000000000000012,0.0,0.03631440439743727,0.0,0.0,-0.09412116701028594,0.0,0.0,70.0,255.0,255.0,255.0
1463,73.15,-15.000000000000032,6.994398822912794,-6.000000000000012,0.0,0.031551260920315016,0.0,0.0,-0.09571094434637217,0.0,0.0,70.0,255.0,255.0,255.0
1464,73.2,-15.000000000000032,6.995856172889946,-6.000000000000012,0.0,0.026743309962800055,0.0,0.0,-0.09553117132306,0.0,0.0,70.0,255.0,255.0,255.0
1465,73.25,-15.000000000000032,6.997073153909074,-6.000000000000012,0.0,0.021998143788009017,0.0,0.0,-0.09297858212153898,0.0,0.0,70.0,255.0,255.0,255.0
1466,73.3,-15.000000000000032,6.998055987268747,-6.000000000000012,0.0,0.017445451750646157,0.0,0.0,-0.08780261354690566,0.0,0.0,70.0,255.0,255.0,255.0
1467,73.35000000000001,-15.000000000000032,6.998817699084139,-6.000000000000012,0.0,0.01321788243331845,0.0,0.0,-0.08010068874613196,0.0,0.0,70.0,255.0,255.0,255.0
1468,73.4,-15.000000000000032,6.9993777755120785,-6.000000000000012,0.0,0.00943538287603296,0.0,0.0,-0.0702622693133037,0.0,0.0,70.0,255.0,255.0,255.0
1469,73.45,-15.000000000000032,6.999761237371742,-6.000000000000012,0.0,0.00619165550198808,0.0,0.0,-0.058921489960184203,0.0,0.0,70.0,255.0,255.0,255.0
1470,73.5,-15.000000000000032,6.999996941062277,-6.000000000000012,0.0,0.00354323388001454,0.0,0.0,-0.04672896069957133,0.0,0.0,70.0,255.0,255.0,255.0
1471,73.55,-15.000000000000032,7.000115560759744,-6.000000000000012,0.0,0.0015187594320309472,0.0,0.0,-0.03418492020044184,0.0,0.0,70.0,255.0,255.0,255.0
1472,73.60000000000001,-15.000000000000032,7.00014881700548,-6.000000000000012,0.0,0.00012474185997035647,0.0,0.0,-0.0219344463035398,0.0,0.0,70.0,255.0,255.0,255.0
1473,73.65,-15.000000000000032,7.000128034945741,-6.000000000000012,0.0,-0.0006746851983230329,0.0,0.0,-0.010925945766437906,0.0,0.0,70.0,255.0,255.0,255.0
1474,73.7,-15.000000000000032,7.000081348485648,-6.000000000000012,0.0,-0.0009678527166734341,0.0,0.0,-0.0021079970415449623,0.0,0.0,70.0,255.0,255.0,255.0
1475,73.75,-15.000000000000032,7.000031249674073,-6.000000000000012,0.0,-0.0008854849024775291,0.0,0.0,0.003806406271955609,0.0,0.0,70.0,255.0,255.0,255.0
1476,73.8,-15.000000000000032,6.9999927999954,-6.000000000000012,0.0,-0.0005872120894778732,0.0,0.0,0.006548448194809708,0.0,0.0,70.0,255.0,255.0,255.0
1477,73.85000000000001,-15.000000000000032,6.9999725284651255,-6.000000000000012,0.0,-0.00023064008299655825,0.0,0.0,0.006491714053513675,0.0,0.0,70.0,255.0,255.0,255.0
1478,73.9,-15.000000000000032,6.999969735987101,-6.000000000000012,0.0,6.195931587349435e-05,0.0,0.0,0.004495469628640336,0.0,0.0,70.0,255.0,255.0,255.0
1479,73.95,-15.000000000000032,6.999978724396713,-6.000000000000012,0.0,0.00021890687986747537,0.0,0.0,0.0017008907136073503,0.0,0.0,70.0,255.0,255.0,255.0
1480,74.0,-15.000000000000032,6.9999916266750875,-6.000000000000012,0.0,0.00023204838723422938,0.0,0.0,-0.0006156387470923619,0.0,0.0,70.0,255.0,255.0,255.0
1481,74.05,-15.000000000000032,7.000001929235436,-6.000000000000012,0.0,0.00015734300515823918,0.0,0.0,-0.0017024856324709958,0.0,0.0,70.0,255.0,255.0,255.0
1482,74.10000000000001,-15.000000000000032,7.000007360975603,-6.000000000000012,0.0,6.17998239871298e-05,0.0,0.0,-0.0017394495380962383,0.0,0.0,70.0,255.0,255.0,255.0
1483,74.15,-15.000000000000032,7.000008109217835,-6.000000000000012,0.0,-1.6601948651384646e-05,0.0,0.0,-0.0012045574566244,0.0,0.0,70.0,255.0,255.0,255.0
1484,74.2,-15.000000000000032,7.000005700780738,-6.000000000000012,0.0,-5.8655921675310196e-05,0.0,1.7763568394002505e-13,-0.0004557522932380209,0.0,0.0,70.0,255.0,255.0,255.0
1485,74.25,-15.000000000000032,7.0000022436256675,-6.000000000000012,1.7763568394002505e-14,-6.217717797518674e-05,0.0,1.7763568394002505e-13,0.00016495990493581303,0.0,0.0,70.0,255.0,255.0,255.0
1486,74.3,-15.00000000000003,6.999999483062941,-6.000000000000012,1.7763568394002505e-14,-4.2159931181728894e-05,0.0,-1.7763568394002505e-13,0.00045617965049871145,0.0,0.0,70.0,255.0,255.0,255.0
1487,74.35000000000001,-15.00000000000003,6.999998027632549,-6.000000000000012,0.0,-1.6559212925315592e-05,0.0,-1.7763568394002505e-13,0.00046608409922654914,0.0,0.0,70.0,255.0,255.0,255.0
1488,74.4,-15.00000000000003,6.999997827141648,-6.000000000000012,0.0,4.448478740926021e-06,0.0,-5.329070518200751e-13,0.0003227601977684458,0.0,0.0,70.0,255.0,255.0,255.0
1489,74.45,-15.00000000000003,6.999998472480423,-6.000000000000012,-5.3290705182007514e-14,1.5716806851528986e-05,0.0,-8.881784197001252e-13,0.00012211845881182626,0.0,0.0,70.0,255.0,255.0,255.0
1490,74.5,-15.000000000000036,6.999999398822333,-6.000000000000012,-8.881784197001252e-14,1.6660324622108647e-05,0.0,0.0,-4.420087336143297e-05,0.0,0.0,70.0,255.0,255.0,255.0
1491,74.55,-15.000000000000039,7.000000138512886,-6.000000000000012,-5.3290705182007514e-14,1.129671951538569e-05,0.0,8.881784197001252e-13,-0.0001222329687244894,0.0,0.0,70.0,255.0,255.0,255.0
1492,74.60000000000001,-15.00000000000004,7.000000528494285,-6.000000000000012,0.0,4.4370277496597055e-06,0.0,1.0658141036401503e-12,-0.00012488685809941558,0.0,0.0,70.0,255.0,255.0,255.0
1493,74.65,-15.000000000000039,7.000000582215661,-6.000000000000012,5.3290705182007514e-14,-1.1919662945558684e-06,0.0,1.5987211554602254e-12,-8.648333471583669e-05,0.0,0.0,70.0,255.0,255.0,255.0
1494,74.7,-15.000000000000036,7.000000409297655,-6.000000000000012,1.5987211554602254e-13,-4.2113057219239636e-06,0.0,2.3092638912203256e-12,-3.272154227573765e-05,0.0,0.0,70.0,255.0,255.0,255.0
1495,74.75,-15.000000000000023,7.000000161085088,-6.000000000000012,2.8421709430404007e-13,-4.464120522129633e-06,0.0,1.0658141036401503e-12,1.184358868755453e-05,0.0,0.0,70.0,255.0,255.0,255.0
1496,74.8,-15.000000000000007,6.999999962885603,-6.000000000000012,2.6645352591003757e-13,-3.0269468531685106e-06,0.0,-2.3092638912203256e-12,3.275222528742461e-05,0.0,0.0,70.0,255.0,255.0,255.0
1497,74.85000000000001,-14.999999999999996,6.999999858390403,-6.000000000000012,5.3290705182007514e-14,-1.1888979933871724e-06,0.0,-5.329070518200751e-12,3.346333254938827e-05,0.0,0.0,70.0,255.0,255.0,255.0
1498,74.9,-15.000000000000002,6.999999843995804,-6.000000000000012,-2.6645352591003757e-13,3.193864017703163e-07,0.0,-6.750155989720952e-12,2.317313949617983e-05,0.0,0.0,70.0,255.0,255.0,255.0
1499,74.95,-15.000000000000023,6.999999890329043,-6.000000000000012,-6.217248937900877e-13,1.1284159562308105e-06,0.0,-7.105427357601002e-12,8.767710824031383e-06,0.0,0.0,70.0,255.0,255.0,255.0
1500,75.0,-15.000000000000064,6.999999956837399,-6.000000000000012,-9.769962616701378e-13,1.1961574841734546e-06,0.0,-2.8421709430404007e-12,-3.1734797900639933e-06,0.0,0.0,70.0,255.0,255.0,255.0
1501,75.05,-15.00000000000012,7.000000009944792,-6.000000000000012,-9.059419880941277e-13,8.110679772244112e-07,0.0,7.283063041541027e-12,-8.775932247573337e-06,0.0,0.0,70.0,255.0,255.0,255.0
1502,75.10000000000001,-15.000000000000155,7.000000037944197,-6.000000000000012,-2.4868995751603507e-13,3.185642594161209e-07,0.0,1.8474111129762605e-11,-8.966473075133763e-06,0.0,0.0,70.0,255.0,255.0,255.0
1503,75.15,-15.000000000000146,7.000000041801218,-6.000000000000012,9.414691248821327e-13,-8.557933028896514e-08,0.0,2.6645352591003757e-11,-6.20922397942536e-06,0.0,0.0,70.0,255.0,255.0,255.0
1504,75.2,-15.00000000000006,7.000000029386264,-6.000000000000012,2.4158453015843406e-12,-3.0235813852641513e-07,0.0,2.5757174171303632e-11,-2.349301020387884e-06,0.0,0.0,70.0,255.0,255.0,255.0
1505,75.25,-14.999999999999904,7.000000011565404,-6.000000000000012,3.517186542012496e-12,-3.2050943232775353e-07,0.0,9.237055564881302e-12,8.503312720620215e-07,0.0,0.0,70.0,255.0,255.0,255.0
1506,75.3,-14.999999999999709,6.999999997335321,-6.000000000000012,3.339550858072471e-12,-2.1732501132021298e-07,0.0,-2.5579538487363607e-11,2.351503880504424e-06,0.0,0.0,70.0,255.0,255.0,255.0
1507,75.35000000000001,-14.99999999999957,6.999999989832903,-6.000000000000012,9.592326932761353e-13,-8.535904427731111e-08,0.0,-6.856737400084967e-11,2.4025591294218884e-06,0.0,0.0,70.0,255.0,255.0,255.0
1508,75.4,-14.999999999999613,6.999999988799416,-6.000000000000012,-3.517186542012496e-12,2.2930901621975863e-08,0.0,-9.912071163853398e-11,1.6637566879751375e-06,0.0,0.0,70.0,255.0,255.0,255.0
1509,75.45,-14.999999999999922,6.999999992125993,-6.000000000000012,-8.952838470577262e-12,8.101662452020264e-08,0.0,-9.698908343125368e-11,6.294935239736787e-07,0.0,0.0,70.0,255.0,255.0,255.0
1510,75.5,-15.000000000000508,6.999999996901079,-6.000000000000012,-1.3216094885137863e-11,8.588025401934374e-08,0.0,-3.481659405224491e-11,-2.2784574227330268e-07,0.0,0.0,70.0,255.0,255.0,255.0
1511,75.55,-15.000000000001243,7.000000000714018,-6.000000000000012,-1.2434497875801753e-11,5.823205029287237e-08,0.0,9.71667191151937e-11,-6.300837185335695e-07,0.0,0.0,70.0,255.0,255.0,255.0
1512,75.60000000000001,-15.000000000001751,7.000000002724284,-6.000000000000012,-3.4994229736184934e-12,2.287188216598679e-08,0.0,2.55440113505756e-10,-6.437636201894748e-07,0.0,0.0,70.0,255.0,255.0,255.0
1513,75.65,-15.000000000001593,7.000000003001206,-6.000000000000012,1.3109513474773848e-11,-6.144311726075102e-09,0.0,3.6912695122737205e-10,-4.4580223956813825e-07,0.0,0.0,70.0,255.0,255.0,255.0
1514,75.7,-15.00000000000044,7.000000002109853,-6.000000000000012,3.341327214911871e-11,-2.1708341790827035e-08,0.0,3.61666252501891e-10,-1.6867227614625335e-07,0.0,0.0,70.0,255.0,255.0,255.0
1515,75.75,-14.999999999998252,7.000000000830372,-6.000000000000012,4.927613872496295e-11,-2.3011539340700438e-08,0.0,1.305622276959184e-10,6.105107530629539e-08,0.0,0.0,70.0,255.0,255.0,255.0
1516,75.8,-14.999999999995513,6.999999999808699,-6.000000000000012,4.646949491871055e-11,-1.5603234260197496e-08,0.0,-3.6131098113401094e-10,1.6883037190495997e-07,0.0,0.0,70.0,255.0,255.0,255.0
1517,75.85000000000001,-14.999999999993605,6.999999999270049,-6.000000000000012,1.3145040611561853e-11,-6.12850215020444e-09,0.0,-9.547918011776346e-10,1.7249597306090436e-07,0.0,0.0,70.0,255.0,255.0,255.0
1518,75.9,-14.999999999994198,6.999999999195849,-6.000000000000012,-4.900968519905291e-11,1.6463630458929401e-09,0.0,-1.3784529073745944e-09,1.1945227029741545e-07,0.0,0.0,70.0,255.0,255.0,255.0
1519,75.95,-14.999999999998506,6.999999999434685,-6.000000000000012,-1.2470025012589758e-10,5.816724879537105e-09,0.0,-1.3487877481566102e-09,4.519566942917663e-08,0.0,0.0,70.0,255.0,255.0,255.0
1520,76.0,-15.000000000006668,6.999999999777521,-6.000000000000012,-1.8388846001471393e-10,6.165929988810603e-09,0.0,-4.881428594671888e-10,-1.6358470134036907e-08,0.0,0.0,70.0,255.0,255.0,255.0
1521,76.05,-15.000000000016895,7.000000000051278,-6.000000000000012,-1.7351453607261647e-10,4.1808778661334145e-09,0.0,1.34807720542085e-09,-4.52381243576383e-08,0.0,0.0,70.0,255.0,255.0,255.0
1522,76.10000000000001,-15.00000000002402,7.000000000195609,-6.000000000000012,-4.908073947262892e-11,1.6421175530467735e-09,0.0,3.5631941841529624e-09,-4.62202720541427e-08,0.0,0.0,70.0,255.0,255.0,255.0
1523,76.15,-15.000000000021803,7.00000000021549,-6.000000000000012,1.8280488234267978e-10,-4.411493392808552e-10,0.0,5.144507042587065e-09,-3.200693043936553e-08,0.0,0.0,70.0,255.0,255.0,255.0
1524,76.2,-15.00000000000574,7.000000000151494,-6.000000000000012,4.653699647860776e-10,-1.5585754908897798e-09,0.0,5.03561636833183e-09,-1.2110135116927268e-08,0.0,0.0,70.0,255.0,255.0,255.0
1525,76.25,-14.999999999975266,7.000000000059632,-6.000000000000012,6.863665191758628e-10,-1.652162850973582e-09,0.0,1.8211210317531368e-09,4.383160501220118e-09,0.0,0.0,70.0,255.0,255.0,255.0
1526,76.3,-14.999999999937103,6.999999999986278,-6.000000000000012,6.474820679613913e-10,-1.120259440767768e-09,0.0,-5.030820204865449e-09,1.2121770254225339e-08,0.0,0.0,70.0,255.0,255.0,255.0
1527,76.35000000000001,-14.999999999910518,6.999999999947606,-6.000000000000012,1.8328449868931784e-10,-4.3998582555104804e-10,0.0,-1.3296741485646635e-08,1.2384582248614606e-08,0.0,0.0,70.0,255.0,255.0,255.0
1528,76.4,-14.999999999918774,6.999999999942279,-6.000000000000012,-6.821920806032722e-10,1.1819878409369267e-10,0.0,-1.9201706891180947e-08,8.57589554925653e-09,0.0,0.0,70.0,255.0,255.0,255.0
1529,76.45,-14.999999999978737,6.999999999959426,-6.000000000000012,-1.736886190428777e-09,4.176037293746049e-10,0.0,-1.879332245380283e-08,3.2448710385324375e-09,0.0,0.0,70.0,255.0,255.0,255.0
1530,76.5,-15.000000000092463,6.999999999984039,-6.000000000000012,-2.561524325983555e-09,4.426858879469364e-10,0.0,-6.795808360493538e-09,-1.1741718708435656e-09,0.0,0.0,70.0,255.0,255.0,255.0
1531,76.55,-15.00000000023489,7.000000000003695,-6.000000000000012,-2.4164670264781307e-09,3.0018654229024833e-10,0.0,1.8776091792460647e-08,-3.247802027317448e-09,0.0,0.0,70.0,255.0,255.0,255.0
1532,76.60000000000001,-15.00000000033411,7.000000000014058,-6.000000000000012,-6.839151467374904e-10,1.1790568521519162e-10,0.0,4.962448230116934e-08,-3.318589847367548e-09,0.0,0.0,70.0,255.0,255.0,255.0
1533,76.65,-15.000000000303281,7.000000000015485,-6.000000000000012,2.545981203638803e-09,-3.1672442446506466e-11,0.0,7.165947835119368e-08,-2.298072843132104e-09,0.0,0.0,70.0,255.0,255.0,255.0
1534,76.7,-15.000000000079512,7.000000000010891,-6.000000000000012,6.482032688381878e-09,-1.1190159909801878e-10,0.0,7.013731817551161e-08,-8.694378550444526e-10,0.0,0.0,70.0,255.0,255.0,255.0
1535,76.75,-14.999999999655078,7.000000000004295,-6.000000000000012,9.559713021189964e-09,-1.1861622795095172e-10,0.0,2.5362822952956776e-08,3.1468161409975437e-10,0.0,0.0,70.0,255.0,255.0,255.0
1536,76.80000000000001,-14.99999999912354,6.999999999999029,-6.000000000000012,9.018314983677556e-09,-8.043343768804334e-11,0.0,-7.007194824382168e-08,8.702372156221827e-10,0.0,0.0,70.0,255.0,255.0,255.0
1537,76.85000000000001,-14.999999998753246,6.999999999996252,-6.000000000000012,2.552518196807796e-09,-3.1592506388733455e-11,0.0,-1.8520012190492707e-07,8.892442338037654e-10,0.0,0.0,70.0,255.0,255.0,255.0
1538,76.9,-14.999999998868288,6.99999999999587,-6.000000000000012,-9.501697206815152e-09,8.490985692333197e-12,0.0,-2.67438515777485e-07,6.157740983780968e-10,0.0,0.0,70.0,255.0,255.0,255.0
1539,76.95,-14.999999999703416,6.999999999997101,-6.000000000000012,-2.4191333380940705e-08,2.998490344907623e-11,0.0,-2.6175523970550785e-07,2.3288038164537284e-10,0.0,0.0,70.0,255.0,255.0,255.0
1540,77.0,-15.000000001287422,6.9999999999988685,-6.000000000000012,-3.5677221177365936e-08,3.177902385687048e-11,0.0,-9.465424000154599e-08,-8.43769498715119e-11,0.0,0.0,70.0,255.0,255.0,255.0
1541,77.05000000000001,-15.000000003271138,7.000000000000279,-6.000000000000012,-3.3656757381095304e-08,2.1547208461925038e-11,0.0,2.6151028009735455e-07,-2.3305801732931286e-10,0.0,0.0,70.0,255.0,255.0,255.0
1542,77.10000000000001,-15.000000004653097,7.000000000001023,-6.000000000000012,-9.526193167630481e-09,8.473222123939195e-12,0.0,6.911747618687514e-07,-2.382094521635736e-10,0.0,0.0,70.0,255.0,255.0,255.0
1543,77.15,-15.000000004223757,7.000000000001126,-6.000000000000012,3.5460718805779834e-08,-2.2737367544323206e-12,0.0,9.9809565057285e-07,-1.6502355038028327e-10,0.0,0.0,70.0,255.0,255.0,255.0
1544,77.2,-15.000000001107026,7.000000000000796,-6.000000000000012,9.028337188965452e-08,-8.029132914089132e-12,0.0,9.768852393676752e-07,-6.235012506294879e-11,0.0,0.0,70.0,255.0,255.0,255.0
1545,77.25,-14.99999999519542,7.000000000000323,-6.000000000000012,1.3314924274254736e-07,-8.5087492607272e-12,0.0,3.5325307123912353e-07,2.2382096176443156e-11,0.0,0.0,70.0,255.0,255.0,255.0
1546,77.30000000000001,-14.999999987792101,6.999999999999945,-6.000000000000012,1.2560867901356687e-07,-5.7909232964448165e-12,0.0,-9.759698826883323e-07,6.235012506294879e-11,0.0,0.0,70.0,255.0,255.0,255.0
1547,77.35000000000001,-14.999999982634552,6.999999999999744,-6.000000000000012,3.555225447371413e-08,-2.2737367544323206e-12,0.0,-2.5794987479343945e-06,6.412648190234904e-11,0.0,0.0,70.0,255.0,255.0,255.0
1548,77.4,-14.999999984236876,6.999999999999718,-6.000000000000012,-1.3234119577987258e-07,6.217248937900877e-13,0.0,-3.7249430206998113e-06,4.4231285301066237e-11,0.0,0.0,70.0,255.0,255.0,255.0
1549,77.45,-14.999999995868672,6.999999999999806,-6.000000000000012,-3.36942047596267e-07,2.149391775674303e-12,0.0,-3.645786428307929e-06,1.6608936448392342e-11,0.0,0.0,70.0,255.0,255.0,255.0
1550,77.5,-15.00000001793108,6.9999999999999325,-6.000000000000012,-4.969198386106655e-07,2.282618538629322e-12,0.0,-1.3183594660404196e-06,-6.0396132539608516e-12,0.0,0.0,70.0,255.0,255.0,255.0
1551,77.55000000000001,-15.000000045560656,7.000000000000035,-6.000000000000012,-4.6877799420030897e-07,1.545430450278218e-12,0.0,3.64237084937713e-06,-1.687538997430238e-11,0.0,0.0,70.0,255.0,255.0,255.0
1552,77.60000000000001,-15.00000006480888,7.000000000000087,-6.000000000000012,-1.3268275367295246e-07,5.950795411990839e-13,0.0,9.626820229868827e-06,-1.7053025658242404e-11,0.0,0.0,70.0,255.0,255.0,255.0
1553,77.65,-15.000000058828931,7.000000000000094,-6.000000000000012,4.939040287865737e-07,-1.5987211554602254e-13,0.0,1.3901676787497763e-05,-1.163513729807164e-11,0.0,0.0,70.0,255.0,255.0,255.0
1554,77.7,-15.000000015418477,7.000000000000071,-6.000000000000012,1.2574849250768239e-06,-5.684341886080801e-13,0.0,1.3606261006771092e-05,-4.529709940470639e-12,0.0,0.0,70.0,255.0,255.0,255.0
1555,77.75,-14.999999933080439,7.000000000000037,-6.000000000000012,1.854530129463683e-06,-6.128431095930864e-13,0.0,4.920183016565716e-06,1.4210854715202004e-12,0.0,0.0,70.0,255.0,255.0,255.0
1556,77.80000000000001,-14.999999829965464,7.00000000000001,-6.000000000000012,1.7495032267333954e-06,-4.263256414560601e-13,0.0,-1.3593514402998608e-05,4.618527782440651e-12,0.0,0.0,70.0,255.0,255.0,255.0
1557,77.85000000000001,-14.999999758130116,6.999999999999995,-6.000000000000012,4.951786891638221e-07,-1.509903313490213e-13,0.0,-3.592778199390523e-05,4.973799150320701e-12,0.0,0.0,70.0,255.0,255.0,255.0
1558,77.9,-14.999999780447595,6.999999999999995,-6.000000000000012,-1.8432749726571274e-06,7.105427357601002e-14,0.0,-5.18817623529344e-05,3.1086244689504383e-12,0.0,0.0,70.0,255.0,255.0,255.0
1559,77.95,-14.999999942457613,7.000000000000002,-6.000000000000012,-4.692997546129618e-06,1.5987211554602254e-13,0.0,-5.0779257421140755e-05,7.105427357601002e-13,0.0,0.0,70.0,255.0,255.0,255.0
1560,78.0,-15.00000024974735,7.000000000000011,-6.000000000000012,-6.921200714771203e-06,1.4210854715202004e-13,0.0,-1.8362374376579282e-05,-7.105427357601002e-13,0.0,0.0,70.0,255.0,255.0,255.0
1561,78.05000000000001,-15.000000634577685,7.000000000000016,-6.000000000000012,-6.529234983787546e-06,8.881784197001252e-14,0.0,5.07316867626173e-05,-8.881784197001252e-13,0.0,0.0,70.0,255.0,255.0,255.0
1562,78.10000000000001,-15.000000902670848,7.0000000000000195,-6.000000000000012,-1.8480320385094728e-06,5.3290705182007514e-14,0.0,0.00013408430810102345,-8.881784197001252e-13,0.0,0.0,70.0,255.0,255.0,255.0
1563,78.15,-15.000000819380888,7.000000000000021,-6.000000000000012,6.879195826314799e-06,0.0,0.0,0.00019362537386768963,-1.0658141036401503e-12,0.0,0.0,70.0,255.0,255.0,255.0
1564,78.2,-15.000000214751266,7.0000000000000195,-6.000000000000012,1.751450534825949e-05,-5.3290705182007514e-14,0.0,0.00018951076867779193,-5.329070518200751e-13,0.0,0.0,70.0,255.0,255.0,255.0
1565,78.25,-14.999999067930354,7.000000000000016,-6.000000000000012,2.5830272694093992e-05,-5.3290705182007514e-14,0.0,6.852931395684436e-05,3.552713678800501e-13,0.0,0.0,70.0,255.0,255.0,255.0
1566,78.30000000000001,-14.999997631723996,7.000000000000014,-6.000000000000012,2.4367436743943927e-05,-1.7763568394002505e-14,0.0,-0.00018933323122638512,5.329070518200751e-13,0.0,0.0,70.0,255.0,255.0,255.0
1567,78.35000000000001,-14.99999663118668,7.000000000000014,-6.000000000000012,6.89694957145548e-06,0.0,0.0,-0.0005004094518312741,1.7763568394002505e-13,0.0,0.0,70.0,255.0,255.0,255.0
1568,78.4,-14.999996942029039,7.000000000000014,-6.000000000000012,-2.567350843918348e-05,0.0,0.0,-0.0007226197350718166,0.0,0.0,0.0,70.0,255.0,255.0,255.0
1569,78.45,-14.999999198537523,7.000000000000014,-6.000000000000012,-6.536502393572619e-05,0.0,0.0,-0.0007072638158689415,8.881784197001252e-14,0.0,0.0,70.0,255.0,255.0,255.0
1570,78.5,-15.000003478531433,7.000000000000014,-6.000000000000012,-9.639989002607763e-05,8.881784197001252e-15,0.0,-0.00025575488056261975,1.7763568394002505e-13,0.0,0.0,70.0,255.0,255.0,255.0
1571,78.55000000000001,-15.000008838526526,7.000000000000015,-6.000000000000012,-9.094051199198816e-05,1.7763568394002505e-14,0.0,0.0007066012386758302,-8.881784197001252e-14,0.0,0.0,70.0,255.0,255.0,255.0
1572,78.60000000000001,-15.000012572582632,7.000000000000016,-6.000000000000012,-2.5739766158494604e-05,0.0,0.0,0.0018675534999346155,-3.552713678800501e-13,0.0,0.0,70.0,255.0,255.0,255.0
1573,78.65,-15.000011412503142,7.000000000000015,-6.000000000000012,9.581483800147339e-05,-1.7763568394002505e-14,0.0,0.002696853565353763,-8.881784197001252e-14,0.0,0.0,70.0,255.0,255.0,255.0
1574,78.7,-15.000002991098832,7.000000000000014,-6.000000000000012,0.00024394559037688168,-8.881784197001252e-15,0.0,0.0026395444928439815,1.7763568394002505e-13,0.0,0.0,70.0,255.0,255.0,255.0
1575,78.75,-14.999987017944104,7.000000000000014,-6.000000000000012,0.00035976928728587154,0.0,0.0,0.0009544902075830919,8.881784197001252e-14,0.0,0.0,70.0,255.0,255.0,255.0
1576,78.80000000000001,-14.999967014170103,7.000000000000014,-6.000000000000012,0.00033939461113519087,0.0,0.0,-0.0026370717208124006,0.0,0.0,0.0,70.0,255.0,255.0,255.0
1577,78.85000000000001,-14.99995307848299,7.000000000000014,-6.000000000000012,9.606211520463148e-05,0.0,0.0,-0.00696980454577556,0.0,0.0,0.0,70.0,255.0,255.0,255.0
1578,78.9,-14.999957407958583,7.000000000000014,-6.000000000000012,-0.0003575858434423651,0.0,0.0,-0.010064794528119592,0.0,0.0,0.0,70.0,255.0,255.0,255.0
1579,78.95,-14.999988837067335,7.000000000000014,-6.000000000000012,-0.0009104173376073277,0.0,0.0,-0.010153012058999877,0.0,0.0,0.0,70.0,255.0,255.0,255.0
1580,79.0,-15.000048449692343,7.000000000000014,-6.000000000000012,-0.0013728870493423528,0.0,0.0,-0.005903464690071303,0.0,0.0,0.0,70.0,255.0,255.0,255.0
1581,79.05000000000001,-15.000126125772269,7.000000000000014,-6.000000000000012,-0.001500763806614458,0.0,0.0,0.003262664665015791,0.0,0.0,0.0,70.0,255.0,255.0,255.0
1582,79.10000000000001,-15.000198526073005,7.000000000000014,-6.000000000000012,-0.0010466205828407737,0.0,0.0,0.016931944403353327,0.0,0.0,0.0,70.0,255.0,255.0,255.0
1583,79.15,-15.000230787830553,7.000000000000014,-6.000000000000012,0.00019243063372087477,0.0,0.0,0.03400428258970578,0.0,0.0,0.0,70.0,255.0,255.0,255.0
1584,79.2,-15.000179283009633,7.000000000000014,-6.000000000000012,0.0023538076761298043,0.0,0.0,0.05301362262279952,0.0,0.0,0.0,70.0,255.0,255.0,255.0
1585,79.25,-14.99999540706294,7.000000000000014,-6.000000000000012,0.005493792896000826,0.0,0.0,0.07249377414808578,0.0,0.0,0.0,70.0,255.0,255.0,255.0
1586,79.30000000000001,-14.999629903720033,7.000000000000014,-6.000000000000012,0.009603185090938382,0.0,0.0,0.09144599348118732,0.0,0.0,0.0,70.0,255.0,255.0,255.0
1587,79.35000000000001,-14.999035088553846,7.000000000000014,-6.000000000000012,0.014638392244119558,0.0,0.0,0.10908929965829373,0.0,0.0,0.0,70.0,255.0,255.0,255.0
1588,79.4,-14.99816606449562,7.000000000000014,-6.000000000000012,0.020512115056767755,0.0,0.0,0.12440514668679015,0.0,0.0,0.0,70.0,255.0,255.0,255.0
1589,79.45,-14.99698387704817,7.000000000000014,-6.000000000000012,0.027078906912798573,0.0,0.0,0.13640006002972882,0.0,0.0,0.0,70.0,255.0,255.0,255.0
1590,79.5,-14.99545817380434,7.000000000000014,-6.000000000000012,0.03415212105974064,0.0,0.0,0.14446039606994532,0.0,0.0,0.0,70.0,255.0,255.0,255.0
1591,79.55000000000001,-14.993568664942195,7.000000000000014,-6.000000000000012,0.041524946519793104,0.0,0.0,0.14843028448705553,0.0,0.0,0.0,70.0,255.0,255.0,255.0
1592,79.60000000000001,-14.991305679152362,7.000000000000014,-6.000000000000012,0.04899514950844619,0.0,0.0,0.14870246535494402,0.0,0.0,0.0,70.0,255.0,255.0,255.0
1593,79.65,-14.98866914999135,7.000000000000014,-6.000000000000012,0.05639519305528751,0.0,0.0,0.14622128450980654,0.0,0.0,0.0,70.0,255.0,255.0,255.0
1594,79.7,-14.985666159846833,7.000000000000014,-6.000000000000012,0.06361727795942684,0.0,0.0,0.1423852980977358,0.0,0.0,0.0,70.0,255.0,255.0,255.0
1595,79.75,-14.982307422195408,7.000000000000014,-6.000000000000012,0.07063372286506109,0.0,0.0,0.1388103758371173,0.0,0.0,0.0,70.0,255.0,255.0,255.0
1596,79.80000000000001,-14.978602787560327,7.000000000000014,-6.000000000000012,0.07749831554313857,0.0,0.0,0.13647202940951786,0.0,0.0,0.0,70.0,255.0,255.0,255.0
1597,79.85000000000001,-14.974557590641094,7.000000000000014,-6.000000000000012,0.08428092580601287,0.0,0.0,0.1352269927677341,0.0,0.0,0.0,70.0,255.0,255.0,255.0
1598,79.9,-14.970174694979725,7.000000000000014,-6.000000000000012,0.09102101481991198,0.0,0.0,0.13462132366548474,0.0,0.0,0.0,70.0,255.0,255.0,255.0
1599,79.95,-14.965455489159103,7.000000000000014,-6.000000000000012,0.09774305817256135,0.0,0.0,0.13438434198675964,0.0,0.0,0.0,70.0,255.0,255.0,255.0
1600,80.0,-14.96040038916247,7.000000000000014,-6.000000000000012,0.10445944901858795,0.0,0.0,0.13426733135055713,0.0,0.0,0.0,70.0,255.0,255.0,255.0
1601,80.05000000000001,-14.955009544257244,7.000000000000014,-6.000000000000012,0.11116979130761706,0.0,0.0,0.13410975638112888,0.0,0.0,0.0,70.0,255.0,255.0,255.0
1602,80.10000000000001,-14.949283410031708,7.000000000000014,-6.000000000000012,0.11787042465670083,0.0,0.0,0.13390322324866588,0.0,0.0,0.0,70.0,255.0,255.0,255.0
1603,80.15,-14.943222501791574,7.000000000000014,-6.000000000000012,0.12456011363248365,0.0,0.0,0.13366060031749782,0.0,0.0,0.0,70.0,255.0,255.0,255.0
1604,80.2,-14.93682739866846,7.000000000000014,-6.000000000000012,0.13123648468845062,0.0,0.0,0.13335024770775306,0.0,0.0,0.0,70.0,255.0,255.0,255.0
1605,80.25,-14.930098853322729,7.000000000000014,-6.000000000000012,0.13789513840325895,0.0,0.0,0.13293633605542254,0.0,0.0,0.0,70.0,255.0,255.0,255.0
1606,80.30000000000001,-14.923037884828133,7.000000000000014,-6.000000000000012,0.14453011829399287,0.0,0.0,0.13240288445999226,0.0,0.0,0.0,70.0,255.0,255.0,255.0
1607,80.35000000000001,-14.91564584149333,7.000000000000014,-6.000000000000012,0.15113542684925818,0.0,0.0,0.13176375060126588,0.0,0.0,0.0,70.0,255.0,255.0,255.0
1608,80.4,-14.907924342143207,7.000000000000014,-6.000000000000012,0.15770649335411946,0.0,0.0,0.13105179954031598,0.0,0.0,0.0,70.0,255.0,255.0,255.0
1609,80.45,-14.899875192157918,7.000000000000014,-6.000000000000012,0.16424060680328978,0.0,0.0,0.13030846671533425,0.0,0.0,0.0,70.0,255.0,255.0,255.0
1610,80.5,-14.891500281462879,7.000000000000014,-6.000000000000012,0.17073734002565288,0.0,0.0,0.12957930577872645,0.0,0.0,0.0,70.0,255.0,255.0,255.0
1611,80.55000000000001,-14.882801458155352,7.000000000000014,-6.000000000000012,0.17719853738116242,0.0,0.0,0.12889147967243275,0.0,0.0,0.0,70.0,255.0,255.0,255.0
1612,80.60000000000001,-14.873780427724762,7.000000000000014,-6.000000000000012,0.18362648799289616,0.0,0.0,0.12824084194633656,0.0,0.0,0.0,70.0,255.0,255.0,255.0
1613,80.65,-14.864438809356063,7.000000000000014,-6.000000000000012,0.19002262157579608,0.0,0.0,0.12761397308409528,0.0,0.0,0.0,70.0,255.0,255.0,255.0
1614,80.7,-14.854778165567183,7.000000000000014,-6.000000000000012,0.1963878853013057,0.0,0.0,0.1270020858969545,0.0,0.0,0.0,70.0,255.0,255.0,255.0
1615,80.75,-14.844800020825932,7.000000000000014,-6.000000000000012,0.20272283016549153,0.0,0.0,0.12639846879984873,0.0,0.0,0.0,70.0,255.0,255.0,255.0
1616,80.80000000000001,-14.834505882550634,7.000000000000014,-6.000000000000012,0.20902773218129056,0.0,0.0,0.1257979101362494,0.0,0.0,0.0,70.0,255.0,255.0,255.0
1617,80.85000000000001,-14.823897247607803,7.000000000000014,-6.000000000000012,0.21530262117911647,0.0,0.0,0.1251928816138559,0.0,0.0,0.0,70.0,255.0,255.0,255.0
1618,80.9,-14.812975620432722,7.000000000000014,-6.000000000000012,0.22154702034267615,0.0,0.0,0.12457230812454867,0.0,0.0,0.0,70.0,255.0,255.0,255.0
1619,80.95,-14.801742545573536,7.000000000000014,-6.000000000000012,0.22775985199157134,0.0,0.0,0.12392318969780547,0.0,0.0,0.0,70.0,255.0,255.0,255.0
1620,81.0,-14.790199635233565,7.000000000000014,-6.000000000000012,0.2339393393124567,0.0,0.0,0.12322681902023902,0.0,0.0,0.0,70.0,255.0,255.0,255.0
1621,81.05000000000001,-14.77834861164229,7.000000000000014,-6.000000000000012,0.24008253389359524,0.0,0.0,0.1224768797815301,0.0,0.0,0.0,70.0,255.0,255.0,255.0
1622,81.10000000000001,-14.766191381844205,7.000000000000014,-6.000000000000012,0.2461870272906097,0.0,0.0,0.12170763159868869,0.0,0.0,0.0,70.0,255.0,255.0,255.0
1623,81.15,-14.753729908913229,7.000000000000014,-6.000000000000012,0.2522532970534641,0.0,0.0,0.12097679441787079,0.0,0.0,0.0,70.0,255.0,255.0,255.0
1624,81.2,-14.740966052138859,7.000000000000014,-6.000000000000012,0.2582847067323968,0.0,0.0,0.12033844202612443,0.0,0.0,0.0,70.0,255.0,255.0,255.0
1625,81.25,-14.72790143823999,7.000000000000014,-6.000000000000012,0.26428714125607655,0.0,0.0,0.11984222714698234,0.0,0.0,0.0,70.0,255.0,255.0,255.0
1626,81.30000000000001,-14.714537338013251,7.000000000000014,-6.000000000000012,0.270268929447095,0.0,0.0,0.11950837027043804,0.0,0.0,0.0,70.0,255.0,255.0,255.0
1627,81.35000000000001,-14.70087454529528,7.000000000000014,-6.000000000000012,0.27623797828312036,0.0,0.0,0.11929482043022688,0.0,0.0,0.0,70.0,255.0,255.0,255.0
1628,81.4,-14.686913540184939,7.000000000000014,-6.000000000000012,0.2821984114901177,0.0,0.0,0.11912144660559676,0.0,0.0,0.0,70.0,255.0,255.0,255.0
1629,81.45,-14.672654704146268,7.000000000000014,-6.000000000000012,0.28815012294368003,0.0,0.0,0.11890355501833483,0.0,0.0,0.0,70.0,255.0,255.0,255.0
1630,81.5,-14.658098527890571,7.000000000000014,-6.000000000000012,0.2940887669919512,0.0,0.0,0.11856026306737988,0.0,0.0,0.0,70.0,255.0,255.0,255.0
1631,81.55000000000001,-14.643245827447073,7.000000000000014,-6.000000000000012,0.300006149250418,0.0,0.0,0.11804963913650823,0.0,0.0,0.0,70.0,255.0,255.0,255.0
1632,81.60000000000001,-14.62809791296553,7.000000000000014,-6.000000000000012,0.305893730905602,0.0,0.0,0.1173957906432932,0.0,0.0,0.0,70.0,255.0,255.0,255.0
1633,81.65,-14.612656454356513,7.000000000000014,-6.000000000000012,0.31174572831474734,0.0,0.0,0.1166547151973063,0.0,0.0,0.0,70.0,255.0,255.0,255.0
1634,81.7,-14.596923340134055,7.000000000000014,-6.000000000000012,0.31755920242533264,0.0,0.0,0.11588733790084405,0.0,0.0,0.0,70.0,255.0,255.0,255.0
1635,81.75,-14.58090053411398,7.000000000000014,-6.000000000000012,0.32333446210483174,0.0,0.0,0.11516072990733761,0.0,0.0,0.0,70.0,255.0,255.0,255.0
1636,81.80000000000001,-14.564589893923571,7.000000000000014,-6.000000000000012,0.3290752754160664,0.0,0.0,0.11451256036334456,0.0,0.0,0.0,70.0,255.0,255.0,255.0
1637,81.85000000000001,-14.547993006572373,7.000000000000014,-6.000000000000012,0.3347857181411662,0.0,0.0,0.11392108459524763,0.0,0.0,0.0,70.0,255.0,255.0,255.0
1638,81.9,-14.531111322109455,7.000000000000014,-6.000000000000012,0.34046738387559117,0.0,0.0,0.11334146416608348,0.0,0.0,0.0,70.0,255.0,255.0,255.0
1639,81.95,-14.513946268184814,7.000000000000014,-6.000000000000012,0.34611986455777455,0.0,0.0,0.11273329384415831,0.0,0.0,0.0,70.0,255.0,255.0,255.0
1640,82.0,-14.496499335653677,7.000000000000014,-6.000000000000012,0.351740713260007,0.0,0.0,0.11204884527504788,0.0,0.0,0.0,70.0,255.0,255.0,255.0
1641,82.05000000000001,-14.478772196858813,7.000000000000014,-6.000000000000012,0.35732474908527934,0.0,0.0,0.11126683269786497,0.0,0.0,0.0,70.0,255.0,255.0,255.0
1642,82.10000000000001,-14.46076686074515,7.000000000000014,-6.000000000000012,0.3628673965297935,0.0,0.0,0.11043987097707486,0.0,0.0,0.0,70.0,255.0,255.0,255.0
1643,82.15,-14.442485457205834,7.000000000000014,-6.000000000000012,0.3683687361829868,0.0,0.0,0.10965942813676577,0.0,0.0,0.0,70.0,255.0,255.0,255.0
1644,82.2,-14.42392998712685,7.000000000000014,-6.000000000000012,0.3738333393434701,0.0,0.0,0.10901277343329241,0.0,0.0,0.0,70.0,255.0,255.0,255.0
1645,82.25,-14.405102123271487,7.000000000000014,-6.000000000000012,0.37927001352631606,0.0,0.0,0.10859186102187834,0.0,0.0,0.0,70.0,255.0,255.0,255.0
1646,82.30000000000001,-14.386002985774219,7.000000000000014,-6.000000000000012,0.3846925254456579,0.0,0.0,0.10843390838104483,0.0,0.0,0.0,70.0,255.0,255.0,255.0
1647,82.35000000000001,-14.36663287072692,7.000000000000014,-6.000000000000012,0.39011340436442055,0.0,0.0,0.10843765993531207,0.0,0.0,0.0,70.0,255.0,255.0,255.0
1648,82.4,-14.346991645337777,7.000000000000014,-6.000000000000012,0.3955362914391891,0.0,0.0,0.1084217556867273,0.0,0.0,0.0,70.0,255.0,255.0,255.0
1649,82.45,-14.327079241583002,7.000000000000014,-6.000000000000012,0.4009555799330933,0.0,0.0,0.1082028385276601,0.0,0.0,0.0,70.0,255.0,255.0,255.0
1650,82.5,-14.306896087344468,7.000000000000014,-6.000000000000012,0.4063565752919551,0.0,0.0,0.10759172928640481,0.0,0.0,0.0,70.0,255.0,255.0,255.0
1651,82.55000000000001,-14.286443584053806,7.000000000000014,-6.000000000000012,0.41171475286173376,0.0,0.0,0.10650373424585524,0.0,0.0,0.0,70.0,255.0,255.0,255.0
1652,82.60000000000001,-14.265724612058294,7.000000000000014,-6.000000000000012,0.41700694871654065,0.0,0.0,0.10509396480617994,0.0,0.0,0.0,70.0,255.0,255.0,255.0
1653,82.65,-14.244742889182152,7.000000000000014,-6.000000000000012,0.42222414934235175,0.0,0.0,0.10364991275153557,0.0,0.0,0.0,70.0,255.0,255.0,255.0
1654,82.7,-14.22350219712406,7.000000000000014,-6.000000000000012,0.4273719399916942,0.0,0.0,0.10246193306091556,0.0,0.0,0.0,70.0,255.0,255.0,255.0
1655,82.75,-14.202005695182983,7.000000000000014,-6.000000000000012,0.4324703426484433,0.0,0.0,0.10182518453696332,0.0,0.0,0.0,70.0,255.0,255.0,255.0
1656,82.80000000000001,-14.180255162859215,7.000000000000014,-6.000000000000012,0.43755445844539054,0.0,0.0,0.10187824088383479,0.0,0.0,0.0,70.0,255.0,255.0,255.0
1657,82.85000000000001,-14.158250249338444,7.000000000000014,-6.000000000000012,0.4426581667368268,0.0,0.0,0.10241930135315158,0.0,0.0,0.0,70.0,255.0,255.0,255.0
1658,82.9,-14.135989346185532,7.000000000000014,-6.000000000000012,0.4477963885807057,0.0,0.0,0.10306493363287927,0.0,0.0,0.0,70.0,255.0,255.0,255.0
1659,82.95,-14.113470610480373,7.000000000000014,-6.000000000000012,0.4529646601001147,0.0,0.0,0.10343008190929481,0.0,0.0,0.0,70.0,255.0,255.0,255.0
1660,83.0,-14.09069288017552,7.000000000000014,-6.000000000000012,0.4581393967716352,0.0,0.0,0.10313158850898674,0.0,0.0,0.0,70.0,255.0,255.0,255.0
1661,83.05000000000001,-14.06765667080321,7.000000000000014,-6.000000000000012,0.4632778189510134,0.0,0.0,0.1019829292587815,0.0,0.0,0.0,70.0,255.0,255.0,255.0
1662,83.10000000000001,-14.04436509828042,7.000000000000014,-6.000000000000012,0.4683376896975133,0.0,0.0,0.10019871323354579,0.0,0.0,0.0,70.0,255.0,255.0,255.0
1663,83.15,-14.020822901833458,7.000000000000014,-6.000000000000012,0.47329769027436797,0.0,0.0,0.09820130842719266,0.0,0.0,0.0,70.0,255.0,255.0,255.0
1664,83.2,-13.997035329252983,7.000000000000014,-6.000000000000012,0.4781578205402326,0.0,0.0,0.09641708662009307,0.0,0.0,0.0,70.0,255.0,255.0,255.0
1665,83.25,-13.973007119779435,7.000000000000014,-6.000000000000012,0.4829393989363773,0.0,0.0,0.09526841480642645,0.0,0.0,0.0,70.0,255.0,255.0,255.0
1666,83.30000000000001,-13.948741389359345,7.000000000000014,-6.000000000000012,0.48768466202087524,0.0,0.0,0.09496990221986579,0.0,0.0,0.0,70.0,255.0,255.0,255.0
1667,83.35000000000001,-13.924238653577348,7.000000000000014,-6.000000000000012,0.49243638915836385,0.0,0.0,0.0953350298631861,0.0,0.0,0.0,70.0,255.0,255.0,255.0
1668,83.4,-13.899497750443508,7.000000000000014,-6.000000000000012,0.49721816500719385,0.0,0.0,0.09598064851079613,0.0,0.0,0.0,70.0,255.0,255.0,255.0
1669,83.45,-13.874516837076628,7.000000000000014,-6.000000000000012,0.5020344540094435,0.0,0.0,0.09652171147038757,0.0,0.0,0.0,70.0,255.0,255.0,255.0
1670,83.5,-13.849294305042564,7.000000000000014,-6.000000000000012,0.5068703361542326,0.0,0.0,0.09657479888378617,0.0,0.0,0.0,70.0,255.0,255.0,255.0
1671,83.55000000000001,-13.823829803461205,7.000000000000014,-6.000000000000012,0.5116919338978221,0.0,0.0,0.09593811454227108,0.0,0.0,0.0,70.0,255.0,255.0,255.0
1672,83.60000000000001,-13.798125111652782,7.000000000000014,-6.000000000000012,0.5164641476084597,0.0,0.0,0.09475021160394448,0.0,0.0,0.0,70.0,255.0,255.0,255.0
1673,83.65,-13.772183388700359,7.000000000000014,-6.000000000000012,0.5211669550582165,0.0,0.0,0.09330621407990236,0.0,0.0,0.0,70.0,255.0,255.0,255.0
1674,83.7,-13.74600841614696,7.000000000000014,-6.000000000000012,0.52579476901645,0.0,0.0,0.09189644045779488,0.0,0.0,0.0,70.0,255.0,255.0,255.0
1675,83.75,-13.719603911798714,7.000000000000014,-6.000000000000012,0.530356599103996,0.0,0.0,0.09080833371371,0.0,0.0,0.0,70.0,255.0,255.0,255.0
1676,83.80000000000001,-13.69297275623656,7.000000000000014,-6.000000000000012,0.534875602387821,0.0,0.0,0.09019698693197853,0.0,0.0,0.0,70.0,255.0,255.0,255.0
1677,83.85000000000001,-13.666116351559932,7.000000000000014,-6.000000000000012,0.5393762977971939,0.0,0.0,0.08997778339434603,0.0,0.0,0.0,70.0,255.0,255.0,255.0
1678,83.9,-13.639035126456841,7.000000000000014,-6.000000000000012,0.5438733807272556,0.0,0.0,0.0899616746565357,0.0,0.0,0.0,70.0,255.0,255.0,255.0
1679,83.95,-13.611729013487206,7.000000000000014,-6.000000000000012,0.5483724652628474,0.0,0.0,0.08996544045309918,0.0,0.0,0.0,70.0,255.0,255.0,255.0
1680,84.0,-13.584197879930556,7.000000000000014,-6.000000000000012,0.5528699247725655,0.0,0.0,0.08980790355543888,0.0,0.0,0.0,70.0,255.0,255.0,255.0
1681,84.05000000000001,-13.55644202100995,7.000000000000014,-6.000000000000012,0.5573532556183913,0.0,0.0,0.08938787712224894,0.0,0.0,0.0,70.0,255.0,255.0,255.0
1682,84.10000000000001,-13.528462554368717,7.000000000000014,-6.000000000000012,0.5618087124847904,0.0,0.0,0.08874229118394084,0.0,0.0,0.0,70.0,255.0,255.0,255.0
1683,84.15,-13.50026114976147,7.000000000000014,-6.000000000000012,0.5662274847367854,0.0,0.0,0.08796261177064224,0.0,0.0,0.0,70.0,255.0,255.0,255.0
1684,84.2,-13.471839805895039,7.000000000000014,-6.000000000000012,0.5706049736618546,0.0,0.0,0.08713559726274411,0.0,0.0,0.0,70.0,255.0,255.0,255.0
1685,84.25,-13.443200652395285,7.000000000000014,-6.000000000000012,0.5749410444630598,0.0,0.0,0.08635203341462727,0.0,0.0,0.0,70.0,255.0,255.0,255.0
1686,84.30000000000001,-13.414345701448733,7.000000000000014,-6.000000000000012,0.5792401770033173,0.0,0.0,0.08566427847167546,0.0,0.0,0.0,70.0,255.0,255.0,255.0
1687,84.35000000000001,-13.385276634694954,7.000000000000014,-6.000000000000012,0.5835074723102274,0.0,0.0,0.0850521194703191,0.0,0.0,0.0,70.0,255.0,255.0,255.0
1688,84.4,-13.35599495421771,7.000000000000014,-6.000000000000012,0.5877453889503492,0.0,0.0,0.08446964982447014,0.0,0.0,0.0,70.0,255.0,255.0,255.0
1689,84.45,-13.326502095799919,7.000000000000014,-6.000000000000012,0.5919544372926744,0.0,0.0,0.08387837096055506,0.0,0.0,0.0,70.0,255.0,255.0,255.0
1690,84.5,-13.296799510488443,7.000000000000014,-6.000000000000012,0.5961332260464047,0.0,0.0,0.08323599075588106,0.0,0.0,0.0,70.0,255.0,255.0,255.0
1691,84.55000000000001,-13.266888773195278,7.000000000000014,-6.000000000000012,0.6002780363682625,0.0,0.0,0.08252172227969368,0.0,0.0,0.0,70.0,255.0,255.0,255.0
1692,84.60000000000001,-13.236771706851616,7.000000000000014,-6.000000000000012,0.6043853982743741,0.0,0.0,0.08176923093525801,0.0,0.0,0.0,70.0,255.0,255.0,255.0
1693,84.65,-13.20645023336784,7.000000000000014,-6.000000000000012,0.6084549594617883,0.0,0.0,0.08103878893166439,0.0,0.0,0.0,70.0,255.0,255.0,255.0
1694,84.7,-13.175926210905438,7.000000000000014,-6.000000000000012,0.6124892771675405,0.0,0.0,0.08038420560865234,0.0,0.0,0.0,70.0,255.0,255.0,255.0
1695,84.75,-13.145201305651087,7.000000000000014,-6.000000000000012,0.6164933800226535,0.0,0.0,0.07985197558806334,0.0,0.0,0.0,70.0,255.0,255.0,255.0
1696,84.80000000000001,-13.114276872903172,7.000000000000014,-6.000000000000012,0.6204744747263469,0.0,0.0,0.07946263194291703,0.0,0.0,0.0,70.0,255.0,255.0,255.0
1697,84.85000000000001,-13.083153858178452,7.000000000000014,-6.000000000000012,0.6244396432169452,0.0,0.0,0.07918918522751284,0.0,0.0,0.0,70.0,255.0,255.0,255.0
1698,84.9,-13.051832908581478,7.000000000000014,-6.000000000000012,0.6283933932490982,0.0,0.0,0.07897612685088262,0.0,0.0,0.0,70.0,255.0,255.0,255.0
1699,84.95,-13.020314518853542,7.000000000000014,-6.000000000000012,0.6323372559020335,0.0,0.0,0.07876531942550002,0.0,0.0,0.0,70.0,255.0,255.0,255.0
1700,85.0,-12.988599182991274,7.000000000000014,-6.000000000000012,0.6362699251916482,0.0,0.0,0.07851209756726263,0.0,0.0,0.0,70.0,255.0,255.0,255.0
1701,85.05000000000001,-12.956687526334377,7.000000000000014,-6.000000000000012,0.6401884656587598,0.0,0.0,0.07818774994809985,0.0,0.0,0.0,70.0,255.0,255.0,255.0
1702,85.10000000000001,-12.924580336425398,7.000000000000014,-6.000000000000012,0.6440887001864581,0.0,0.0,0.07775673211742884,0.0,0.0,0.0,70.0,255.0,255.0,255.0
1703,85.15,-12.892278656315732,7.000000000000014,-6.000000000000012,0.6479641388705026,0.0,0.0,0.07717399970452732,0.0,0.0,0.0,70.0,255.0,255.0,255.0
1704,85.2,-12.859783922538348,7.000000000000014,-6.000000000000012,0.6518061001569109,0.0,0.0,0.07640122997560894,0.0,0.0,0.0,70.0,255.0,255.0,255.0
1705,85.25,-12.82709804630004,7.000000000000014,-6.000000000000012,0.6556042618680635,0.0,0.0,0.07539567143677317,0.0,0.0,0.0,70.0,255.0,255.0,255.0
1706,85.30000000000001,-12.794223496351542,7.000000000000014,-6.000000000000012,0.6593456673005882,0.0,0.0,0.07415205591048135,0.0,0.0,0.0,70.0,255.0,255.0,255.0
1707,85.35000000000001,-12.761163479569982,7.000000000000014,-6.000000000000012,0.6630194674591117,0.0,0.0,0.07278472546410342,0.0,0.0,0.0,70.0,255.0,255.0,255.0
1708,85.4,-12.72792154960563,7.000000000000014,-6.000000000000012,0.6666241398469985,0.0,0.0,0.07148871349400565,0.0,0.0,0.0,70.0,255.0,255.0,255.0
1709,85.45,-12.694501065585282,7.000000000000014,-6.000000000000012,0.6701683388085122,0.0,0.0,0.07046202174425531,0.0,0.0,0.0,70.0,255.0,255.0,255.0
1710,85.5,-12.66090471572478,7.000000000000014,-6.000000000000012,0.6736703420214241,0.0,0.0,0.06989719803485173,0.0,0.0,0.0,70.0,255.0,255.0,255.0
1711,85.55000000000001,-12.62713403138314,7.000000000000014,-6.000000000000012,0.6771580586119974,0.0,0.0,0.06987833876372918,0.0,0.0,0.0,70.0,255.0,255.0,255.0
1712,85.60000000000001,-12.59318890986358,7.000000000000014,-6.000000000000012,0.680658175897797,0.0,0.0,0.07025811894116885,0.0,0.0,0.0,70.0,255.0,255.0,255.0
1713,85.65,-12.55906821379336,7.000000000000014,-6.000000000000012,0.6841838705061143,0.0,0.0,0.07075571508590173,0.0,0.0,0.0,70.0,255.0,255.0,255.0
1714,85.7,-12.524770522812968,7.000000000000014,-6.000000000000012,0.6877337474063872,0.0,0.0,0.07107842197395797,0.0,0.0,0.0,70.0,255.0,255.0,255.0
1715,85.75,-12.490294839052721,7.000000000000014,-6.000000000000012,0.6912917127035101,0.0,0.0,0.07093553642203432,0.0,0.0,0.0,70.0,255.0,255.0,255.0
1716,85.80000000000001,-12.455641351542617,7.000000000000014,-6.000000000000012,0.6948273010485906,0.0,0.0,0.07018130232232522,0.0,0.0,0.0,70.0,255.0,255.0,255.0
1717,85.85000000000001,-12.420812108947862,7.000000000000014,-6.000000000000012,0.6983098429357426,0.0,0.0,0.06895091065981518,0.0,0.0,0.0,70.0,255.0,255.0,255.0
1718,85.9,-12.385810367249043,7.000000000000014,-6.000000000000012,0.7017223921145721,0.0,0.0,0.06752031427517124,0.0,0.0,0.0,70.0,255.0,255.0,255.0
1719,85.95,-12.350639869736405,7.000000000000014,-6.000000000000012,0.7050618743632597,0.0,0.0,0.0661708637863967,0.0,0.0,0.0,70.0,255.0,255.0,255.0
1720,86.0,-12.315304179812717,7.000000000000014,-6.000000000000012,0.7083394784932118,0.0,0.0,0.0651886283034031,0.0,0.0,0.0,70.0,255.0,255.0,255.0
1721,86.05000000000001,-12.279805921887084,7.000000000000014,-6.000000000000012,0.7115807371936,0.0,0.0,0.06472251255278394,0.0,0.0,0.0,70.0,255.0,255.0,255.0
1722,86.10000000000001,-12.244146106093357,7.000000000000014,-6.000000000000012,0.7148117297484902,0.0,0.0,0.06465189809432559,0.0,0.0,0.0,70.0,255.0,255.0,255.0
1723,86.15,-12.208324748912235,7.000000000000014,-6.000000000000012,0.7180459270030326,0.0,0.0,0.06473020730108914,0.0,0.0,0.0,70.0,255.0,255.0,255.0
1724,86.2,-12.172341513393054,7.000000000000014,-6.000000000000012,0.7212847504785991,0.0,0.0,0.06471774991894108,0.0,0.0,0.0,70.0,255.0,255.0,255.0
1725,86.25,-12.136196273864375,7.000000000000014,-6.000000000000012,0.7245177019949267,0.0,0.0,0.0643780156316609,0.0,0.0,0.0,70.0,255.0,255.0,255.0
1726,86.30000000000001,-12.099889743193561,7.000000000000014,-6.000000000000012,0.7277225520417652,0.0,0.0,0.06358878732708462,0.0,0.0,0.0,70.0,255.0,255.0,255.0
1727,86.35000000000001,-12.063424018660198,7.000000000000014,-6.000000000000012,0.7308765807276352,0.0,0.0,0.06244690488959037,0.0,0.0,0.0,70.0,255.0,255.0,255.0
1728,86.4,-12.026802085120798,7.000000000000014,-6.000000000000012,0.7339672425307242,0.0,0.0,0.061153448595163695,0.0,0.0,0.0,70.0,255.0,255.0,255.0
1729,86.45,-11.990027294407126,7.000000000000014,-6.000000000000012,0.7369919255871515,0.0,0.0,0.05990470996284358,0.0,0.0,0.0,70.0,255.0,255.0,255.0
1730,86.5,-11.953102892562082,7.000000000000014,-6.000000000000012,0.7399577135270086,0.0,0.0,0.05888327187388853,0.0,0.0,0.0,70.0,255.0,255.0,255.0
1731,86.55000000000001,-11.916031523054425,7.000000000000014,-6.000000000000012,0.7428802527745404,0.0,0.0,0.0581889115673917,0.0,0.0,0.0,70.0,255.0,255.0,255.0
1732,86.60000000000001,-11.878814867284628,7.000000000000014,-6.000000000000012,0.7457766046837477,0.0,0.0,0.057795074422628545,0.0,0.0,0.0,70.0,255.0,255.0,255.0
1733,86.65,-11.84145386258605,7.000000000000014,-6.000000000000012,0.7486597602168032,0.0,0.0,0.05762140624234746,0.0,0.0,0.0,70.0,255.0,255.0,255.0
1734,86.7,-11.803948891262948,7.000000000000014,-6.000000000000012,0.7515387453079825,0.0,0.0,0.0575834102274797,0.0,0.0,0.0,70.0,255.0,255.0,255.0
1735,86.75,-11.766299988055252,7.000000000000014,-6.000000000000012,0.7544181012395512,0.0,0.0,0.057600878224661756,0.0,0.0,0.0,70.0,255.0,255.0,255.0
1736,86.80000000000001,-11.728507081138993,7.000000000000014,-6.000000000000012,0.7572988331304487,0.0,0.0,0.05761659204779335,0.0,0.0,0.0,70.0,255.0,255.0,255.0
1737,86.85000000000001,-11.690570104742207,7.000000000000014,-6.000000000000012,0.7601797604443306,0.0,0.0,0.057574662222492634,0.0,0.0,0.0,70.0,255.0,255.0,255.0
1738,86.9,-11.65248910509456,7.000000000000014,-6.000000000000012,0.7630562993526979,0.0,0.0,0.05739738330969857,0.0,0.0,0.0,70.0,255.0,255.0,255.0
1739,86.95,-11.614264474806937,7.000000000000014,-6.000000000000012,0.7659194987753004,0.0,0.0,0.057002674766160055,0.0,0.0,0.0,70.0,255.0,255.0,255.0
1740,87.0,-11.57589715521703,7.000000000000014,-6.000000000000012,0.7687565668293139,0.0,0.0,0.056313215226566626,0.0,0.0,0.0,70.0,255.0,255.0,255.0
1741,87.05000000000001,-11.537388818124006,7.000000000000014,-6.000000000000012,0.7715508202979571,0.0,0.0,0.055303694603203724,0.0,0.0,0.0,70.0,255.0,255.0,255.0
1742,87.10000000000001,-11.498742073187234,7.000000000000014,-6.000000000000012,0.7742869362896343,0.0,0.0,0.054069819812774256,0.0,0.0,0.0,70.0,255.0,255.0,255.0
1743,87.15,-11.459960124495042,7.000000000000014,-6.000000000000012,0.7769578022792345,0.0,0.0,0.05278719571641943,0.0,0.0,0.0,70.0,255.0,255.0,255.0
1744,87.2,-11.42104629295931,7.000000000000014,-6.000000000000012,0.7795656558612762,0.0,0.0,0.05164486506554766,0.0,0.0,0.0,70.0,255.0,255.0,255.0
1745,87.25,-11.382003558908915,7.000000000000014,-6.000000000000012,0.7821222887857893,0.0,0.0,0.050834279515932224,0.0,0.0,0.0,70.0,255.0,255.0,255.0
1746,87.30000000000001,-11.342834064080732,7.000000000000014,-6.000000000000012,0.7846490838128695,0.0,0.0,0.050448629541044454,0.0,0.0,0.0,70.0,255.0,255.0,255.0
1747,87.35000000000001,-11.303538650527628,7.000000000000014,-6.000000000000012,0.7871671517398937,0.0,0.0,0.05038065060247732,0.0,0.0,0.0,70.0,255.0,255.0,255.0
1748,87.4,-11.264117348906742,7.000000000000014,-6.000000000000012,0.7896871488731172,0.0,0.0,0.05041924174964407,0.0,0.0,0.0,70.0,255.0,255.0,255.0
1749,87.45,-11.224569935640316,7.000000000000014,-6.000000000000012,0.7922090759148581,0.0,0.0,0.05035129154293827,0.0,0.0,0.0,70.0,255.0,255.0,255.0
1750,87.5,-11.184896441315257,7.000000000000014,-6.000000000000012,0.794722278027411,0.0,0.0,0.049965704004506506,0.0,0.0,0.0,70.0,255.0,255.0,255.0
1751,87.55000000000001,-11.145097707837575,7.000000000000014,-6.000000000000012,0.7972056463153088,0.0,0.0,0.04915521380777221,0.0,0.0,0.0,70.0,255.0,255.0,255.0
1752,87.60000000000001,-11.105175876683726,7.000000000000014,-6.000000000000012,0.7996377994081882,0.0,0.0,0.048012985703849154,0.0,0.0,0.0,70.0,255.0,255.0,255.0
1753,87.65,-11.065133927896756,7.000000000000014,-6.000000000000012,0.8020069448856937,0.0,0.0,0.04673042935969818,0.0,0.0,0.0,70.0,255.0,255.0,255.0
1754,87.7,-11.024975182195156,7.000000000000014,-6.000000000000012,0.8043108423441581,0.0,0.0,0.045496542187883904,0.0,0.0,0.0,70.0,255.0,255.0,255.0
1755,87.75,-10.98470284366234,7.000000000000014,-6.000000000000012,0.8065565991044821,0.0,0.0,0.04448686716855832,0.0,0.0,0.0,70.0,255.0,255.0,255.0
1756,87.80000000000001,-10.944319522284708,7.000000000000014,-6.000000000000012,0.8087595290610139,0.0,0.0,0.043797088656205574,0.0,0.0,0.0,70.0,255.0,255.0,255.0
1757,87.85000000000001,-10.903826890756239,7.000000000000014,-6.000000000000012,0.8109363079701026,0.0,0.0,0.04340199865886518,0.0,0.0,0.0,70.0,255.0,255.0,255.0
1758,87.9,-10.863225891487698,7.000000000000014,-6.000000000000012,0.8130997289269004,0.0,0.0,0.04322444873707809,0.0,0.0,0.0,70.0,255.0,255.0,255.0
1759,87.95,-10.822516917863549,7.000000000000014,-6.000000000000012,0.8152587528438104,0.0,0.0,0.04318253970296837,0.0,0.0,0.0,70.0,255.0,255.0,255.0
1760,88.0,-10.781700016203317,7.000000000000014,-6.000000000000012,0.8174179828971972,0.0,0.0,0.04319880867118542,0.0,0.0,0.0,70.0,255.0,255.0,255.0
1761,88.05000000000001,-10.74077511957383,7.000000000000014,-6.000000000000012,0.819578633710929,0.0,0.0,0.04321745721078685,0.0,0.0,0.0,70.0,255.0,255.0,255.0
1762,88.10000000000001,-10.699742152832224,7.000000000000014,-6.000000000000012,0.8217397286182759,0.0,0.0,0.04318088446382262,0.0,0.0,0.0,70.0,255.0,255.0,255.0
1763,88.15,-10.658601146712002,7.000000000000014,-6.000000000000012,0.8238967221573112,0.0,0.0,0.04300823256819797,0.0,0.0,0.0,70.0,255.0,255.0,255.0
1764,88.2,-10.617352480616493,7.000000000000014,-6.000000000000012,0.8260405518750957,0.0,0.0,0.04261432464041093,0.0,0.0,0.0,70.0,255.0,255.0,255.0
1765,88.25,-10.575997091524492,7.000000000000014,-6.000000000000012,0.8281581546213523,0.0,0.0,0.041917898144383514,0.0,0.0,0.0,70.0,255.0,255.0,255.0
1766,88.30000000000001,-10.534536665154357,7.000000000000014,-6.000000000000012,0.8302323416895341,0.0,0.0,0.04089205686081954,0.0,0.0,0.0,70.0,255.0,255.0,255.0
1767,88.35000000000001,-10.492973857355539,7.000000000000014,-6.000000000000012,0.8322473603074343,0.0,0.0,0.039638006611397714,0.0,0.0,0.0,70.0,255.0,255.0,255.0
1768,88.4,-10.451311929123614,7.000000000000014,-6.000000000000012,0.8341961423506739,0.0,0.0,0.03834075618858179,0.0,0.0,0.0,70.0,255.0,255.0,255.0
1769,88.45,-10.409554243120471,7.000000000000014,-6.000000000000012,0.8360814359262925,0.0,0.0,0.03719913609341319,0.0,0.0,0.0,70.0,255.0,255.0,255.0
1770,88.5,-10.367703785530985,7.000000000000014,-6.000000000000012,0.8379160559600152,0.0,0.0,0.03641761739761051,0.0,0.0,0.0,70.0,255.0,255.0,255.0
1771,88.55000000000001,-10.32576263752447,7.000000000000014,-6.000000000000012,0.8397231976660535,0.0,0.0,0.036094315347057204,0.0,0.0,0.0,70.0,255.0,255.0,255.0
1772,88.60000000000001,-10.28373146576438,7.000000000000014,-6.000000000000012,0.8415254874947209,0.0,0.0,0.03610168116736645,0.0,0.0,0.0,70.0,255.0,255.0,255.0
1773,88.65,-10.241610088774998,7.000000000000014,-6.000000000000012,0.8433333657827902,0.0,0.0,0.03619415060303055,0.0,0.0,0.0,70.0,255.0,255.0,255.0
1774,88.7,-10.1993981291861,7.000000000000014,-6.000000000000012,0.845144902555024,0.0,0.0,0.03612255755687244,0.0,0.0,0.0,70.0,255.0,255.0,255.0
1775,88.75,-10.157095598519495,7.000000000000014,-6.000000000000012,0.8469456215384774,0.0,0.0,0.03562766955944596,0.0,0.0,0.0,70.0,255.0,255.0,255.0
1776,88.80000000000001,-10.114703567032253,7.000000000000014,-6.000000000000012,0.8487076695109685,0.0,0.0,0.03458410832610781,0.0,0.0,0.0,70.0,255.0,255.0,255.0
1777,88.85000000000001,-10.072224831568398,7.000000000000014,-6.000000000000012,0.8504040323710882,0.0,0.0,0.033160676646382115,0.0,0.0,0.0,70.0,255.0,255.0,255.0
1778,88.9,-10.029663163795144,7.000000000000014,-6.000000000000012,0.8520237371756068,0.0,0.0,0.03167723347381468,0.0,0.0,0.0,70.0,255.0,255.0,255.0
1779,88.95,-9.987022457850838,7.000000000000014,-6.000000000000012,0.8535717557184697,0.0,0.0,0.030450493816580604,0.0,0.0,0.0,70.0,255.0,255.0,255.0
1780,89.0,-9.944305988223297,7.000000000000014,-6.000000000000012,0.8550687865572648,0.0,0.0,0.029803639095504764,0.0,0.0,0.0,70.0,255.0,255.0,255.0
1781,89.05000000000001,-9.901515579195111,7.000000000000014,-6.000000000000012,0.8565521196280201,0.0,0.0,0.029889624310541762,0.0,0.0,0.0,70.0,255.0,255.0,255.0
1782,89.10000000000001,-9.858650776260495,7.000000000000014,-6.000000000000012,0.858057748988319,0.0,0.0,0.03048843276172164,0.0,0.0,0.0,70.0,255.0,255.0,255.0
1783,89.15,-9.81570980429628,7.000000000000014,-6.000000000000012,0.8596009629041923,0.0,0.0,0.031183255829070333,0.0,0.0,0.0,70.0,255.0,255.0,255.0
1784,89.2,-9.772690679970076,7.000000000000014,-6.000000000000012,0.861176074571226,0.0,0.0,0.0315561198542369,0.0,0.0,0.0,70.0,255.0,255.0,255.0
1785,89.25,-9.729592196839157,7.000000000000014,-6.000000000000012,0.862756574889616,0.0,0.0,0.031181830000548416,0.0,0.0,0.0,70.0,255.0,255.0,255.0
1786,89.30000000000001,-9.686415022481114,7.000000000000014,-6.000000000000012,0.8642942575712809,0.0,0.0,0.029857021473844725,0.0,0.0,0.0,70.0,255.0,255.0,255.0
1787,89.35000000000001,-9.643162771082029,7.000000000000014,-6.000000000000012,0.8657422770370005,0.0,0.0,0.027855475758542525,0.0,0.0,0.0,70.0,255.0,255.0,255.0
1788,89.4,-9.599840794777414,7.000000000000014,-6.000000000000012,0.8670798051471351,0.0,0.0,0.025700698921227172,0.0,0.0,0.0,70.0,255.0,255.0,255.0
1789,89.45,-9.556454790567315,7.000000000000014,-6.000000000000012,0.8683123469291232,0.0,0.0,0.023917660796257678,0.0,0.0,0.0,70.0,255.0,255.0,255.0
1790,89.5,-9.513009560084502,7.000000000000014,-6.000000000000012,0.8694715712267609,0.0,0.0,0.023036966308609408,0.0,0.0,0.0,70.0,255.0,255.0,255.0
1791,89.55000000000001,-9.469507633444639,7.000000000000014,-6.000000000000012,0.8706160435599841,0.0,0.0,0.023315949470692487,0.0,0.0,0.0,70.0,255.0,255.0,255.0
1792,89.60000000000001,-9.425947955728503,7.000000000000014,-6.000000000000012,0.8718031661738301,0.0,0.0,0.024437076793049073,0.0,0.0,0.0,70.0,255.0,255.0,255.0
1793,89.65,-9.382327316827256,7.000000000000014,-6.000000000000012,0.873059751239289,0.0,0.0,0.025785696736946306,0.0,0.0,0.0,70.0,255.0,255.0,255.0
1794,89.7,-9.338641980604574,7.000000000000014,-6.000000000000012,0.8743817358475248,0.0,0.0,0.026747316212905048,0.0,0.0,0.0,70.0,255.0,255.0,255.0
1795,89.75,-9.294889143242504,7.000000000000014,-6.000000000000012,0.8757344828605795,0.0,0.0,0.026710398003437774,0.0,0.0,0.0,70.0,255.0,255.0,255.0
1796,89.80000000000001,-9.251068532318516,7.000000000000014,-6.000000000000012,0.8770527756478685,0.0,0.0,0.025372234258291826,0.0,0.0,0.0,70.0,255.0,255.0,255.0
1797,89.85000000000001,-9.207183865677717,7.000000000000014,-6.000000000000012,0.8782717062864087,0.0,0.0,0.023051508447125002,0.0,0.0,0.0,70.0,255.0,255.0,255.0
1798,89.9,-9.163241361689876,7.000000000000014,-6.000000000000012,0.879357926492581,0.0,0.0,0.020382061915746874,0.0,0.0,0.0,70.0,255.0,255.0,255.0
1799,89.95,-9.119248073028459,7.000000000000014,-6.000000000000012,0.8803099124779834,0.0,0.0,0.017998995095247494,0.0,0.0,0.0,70.0,255.0,255.0,255.0
1800,90.0,-9.075210370442077,7.000000000000014,-6.000000000000012,0.8811578260021058,0.0,0.0,0.016525357760421855,0.0,0.0,0.0,70.0,255.0,255.0,255.0
1801,90.05000000000001,-9.031132290428248,7.000000000000014,-6.000000000000012,0.8819624482540256,0.0,0.0,0.016281547064878055,0.0,0.0,0.0,70.0,255.0,255.0,255.0
1802,90.10000000000001,-8.987014125616675,7.000000000000014,-6.000000000000012,0.8827859807085936,0.0,0.0,0.01702066564472915,0.0,0.0,0.0,70.0,255.0,255.0,255.0
1803,90.15,-8.942853692357389,7.000000000000014,-6.000000000000012,0.8836645148184985,0.0,0.0,0.018222279376267636,0.0,0.0,0.0,70.0,255.0,255.0,255.0
1804,90.2,-8.898647674134825,7.000000000000014,-6.000000000000012,0.8846082086462204,0.0,0.0,0.01936355655054456,0.0,0.0,0.0,70.0,255.0,255.0,255.0
1805,90.25,-8.854392871492767,7.000000000000014,-6.000000000000012,0.885600870473553,0.0,0.0,0.019932226896735017,0.0,0.0,0.0,70.0,255.0,255.0,255.0
1806,90.30000000000001,-8.81008758708747,7.000000000000014,-6.000000000000012,0.8866014313358939,0.0,0.0,0.019649456272041732,0.0,0.0,0.0,70.0,255.0,255.0,255.0
1807,90.35000000000001,-8.765732728359177,7.000000000000014,-6.000000000000012,0.8875658161007571,0.0,0.0,0.018638509629020916,0.0,0.0,0.0,70.0,255.0,255.0,255.0
1808,90.4,-8.721331005477394,7.000000000000014,-6.000000000000012,0.888465282298796,0.0,0.0,0.01719446160457494,0.0,0.0,0.0,70.0,255.0,255.0,255.0
1809,90.45,-8.676886200129298,7.000000000000014,-6.000000000000012,0.8892852622612146,0.0,0.0,0.015607664481720462,0.0,0.0,0.0,70.0,255.0,255.0,255.0
1810,90.5,-8.632402479251272,7.000000000000014,-6.000000000000012,0.890026048746968,0.0,0.0,0.01416568803040974,0.0,0.0,0.0,70.0,255.0,255.0,255.0
1811,90.55000000000001,-8.5878835952546,7.000000000000014,-6.000000000000012,0.8907018310642556,0.0,0.0,0.013038949527022226,0.0,0.0,0.0,70.0,255.0,255.0,255.0
1812,90.60000000000001,-8.543332296144847,7.000000000000014,-6.000000000000012,0.8913299436996702,0.0,0.0,0.012219794677115203,0.0,0.0,0.0,70.0,255.0,255.0,255.0
1813,90.65,-8.498750600884634,7.000000000000014,-6.000000000000012,0.8919238105319671,0.0,0.0,0.011647892852906239,0.0,0.0,0.0,70.0,255.0,255.0,255.0
1814,90.7,-8.45413991509165,7.000000000000014,-6.000000000000012,0.8924947329849608,0.0,0.0,0.011277673631227003,0.0,0.0,0.0,70.0,255.0,255.0,255.0
1815,90.75,-8.409501127586138,7.000000000000014,-6.000000000000012,0.8930515778950898,0.0,0.0,0.011065067599957956,0.0,0.0,0.0,70.0,255.0,255.0,255.0
1816,90.80000000000001,-8.364834757302141,7.000000000000014,-6.000000000000012,0.8936012397449566,0.0,0.0,0.010969197837340516,0.0,0.0,0.0,70.0,255.0,255.0,255.0
1817,90.85000000000001,-8.320141003611642,7.000000000000014,-6.000000000000012,0.8941484976788239,0.0,0.0,0.01092147250503217,0.0,0.0,0.0,70.0,255.0,255.0,255.0
1818,90.9,-8.275419907534259,7.000000000000014,-6.000000000000012,0.8946933869954599,0.0,0.0,0.010813127821762691,0.0,0.0,0.0,70.0,255.0,255.0,255.0
1819,90.95,-8.230671664912096,7.000000000000014,-6.000000000000012,0.8952298104610001,0.0,0.0,0.010522666630841115,0.0,0.0,0.0,70.0,255.0,255.0,255.0
1820,91.0,-8.185896926488159,7.000000000000014,-6.000000000000012,0.895745653658544,0.0,0.0,0.009930032243765652,0.0,0.0,0.0,70.0,255.0,255.0,255.0
1821,91.05000000000001,-8.141097099546242,7.000000000000014,-6.000000000000012,0.8962228136853767,0.0,0.0,0.008983746305979423,0.0,0.0,0.0,70.0,255.0,255.0,255.0
1822,91.10000000000001,-8.096274645119621,7.000000000000014,-6.000000000000012,0.8966440282891419,0.0,0.0,0.007778790829426896,0.0,0.0,0.0,70.0,255.0,255.0,255.0
1823,91.15,-8.051432696717328,7.000000000000014,-6.000000000000012,0.8970006927683194,0.0,0.0,0.0064959594953784006,0.0,0.0,0.0,70.0,255.0,255.0,255.0
1824,91.2,-8.006574575842789,7.000000000000014,-6.000000000000012,0.8972936242386798,0.0,0.0,0.00532443373613134,0.0,0.0,0.0,70.0,255.0,255.0,255.0
1825,91.25,-7.9617033342934596,7.000000000000014,-6.000000000000012,0.8975331361419325,0.0,0.0,0.004450794099142286,0.0,0.0,0.0,70.0,255.0,255.0,255.0
1826,91.30000000000001,-7.916821262228596,7.000000000000014,-6.000000000000012,0.897738703648594,0.0,0.0,0.003969103654632988,0.0,0.0,0.0,70.0,255.0,255.0,255.0
1827,91.35000000000001,-7.8719294639286,7.000000000000014,-6.000000000000012,0.8979300465073958,0.0,0.0,0.003797956253759338,0.0,0.0,0.0,70.0,255.0,255.0,255.0
1828,91.4,-7.827028257577856,7.000000000000014,-6.000000000000012,0.8981184992739699,0.0,0.0,0.003768442121820925,0.0,0.0,0.0,70.0,255.0,255.0,255.0
1829,91.45,-7.782117614001203,7.000000000000014,-6.000000000000012,0.8983068907195779,0.0,0.0,0.0037063117104274568,0.0,0.0,0.0,70.0,255.0,255.0,255.0
1830,91.5,-7.7371975685058985,7.000000000000014,-6.000000000000012,0.8984891304450127,0.0,0.0,0.0034308006813255076,0.0,0.0,0.0,70.0,255.0,255.0,255.0
1831,91.55000000000001,-7.692268700956702,7.000000000000014,-6.000000000000012,0.8986499707877105,0.0,0.0,0.002847065183964048,0.0,0.0,0.0,70.0,255.0,255.0,255.0
1832,91.60000000000001,-7.647332571427127,7.000000000000014,-6.000000000000012,0.8987738369634091,0.0,0.0,0.00203302052170784,0.0,0.0,0.0,70.0,255.0,255.0,255.0
1833,91.65,-7.602391317260361,7.000000000000014,-6.000000000000012,0.8988532728398813,0.0,0.0,0.001145796493329243,0.0,0.0,0.0,70.0,255.0,255.0,255.0
1834,91.7,-7.557447244143139,7.000000000000014,-6.000000000000012,0.898888416612742,0.0,0.0,0.00033740566740547706,0.0,0.0,0.0,70.0,255.0,255.0,255.0
1835,91.75,-7.512502475599087,7.000000000000014,-6.000000000000012,0.8988870134066218,0.0,0.0,-0.0002340434475556208,0.0,0.0,0.0,70.0,255.0,255.0,255.0
1836,91.80000000000001,-7.467558542802477,7.000000000000014,-6.000000000000012,0.8988650122679864,0.0,0.0,-0.0004907909628926177,0.0,0.0,0.0,70.0,255.0,255.0,255.0
1837,91.85000000000001,-7.422615974372288,7.000000000000014,-6.000000000000012,0.8988379343103325,0.0,0.0,-0.0005327423009404697,0.0,0.0,0.0,70.0,255.0,255.0,255.0
1838,91.9,-7.377674749371444,7.000000000000014,-6.000000000000012,0.8988117380378924,0.0,0.0,-0.0005489241315714821,0.0,0.0,0.0,70.0,255.0,255.0,255.0
1839,91.95,-7.332734800568499,7.000000000000014,-6.000000000000012,0.8987830418971754,0.0,0.0,-0.0007225078073602731,0.0,0.0,0.0,70.0,255.0,255.0,255.0
1840,92.0,-7.287796445181726,7.000000000000014,-6.000000000000012,0.8987394872571564,0.0,0.0,-0.001234580273745678,0.0,0.0,0.0,70.0,255.0,255.0,255.0
1841,92.05000000000001,-7.242860851842783,7.000000000000014,-6.000000000000012,0.8986595838698008,0.0,0.0,-0.002170987578509198,0.0,0.0,0.0,70.0,255.0,255.0,255.0
1842,92.10000000000001,-7.197930486794746,7.000000000000014,-6.000000000000012,0.8985223884993054,0.0,0.0,-0.003417575791075933,0.0,0.0,0.0,70.0,255.0,255.0,255.0
1843,92.15,-7.153008612992853,7.000000000000014,-6.000000000000012,0.8983178262906932,0.0,0.0,-0.004753736331153391,0.0,0.0,0.0,70.0,255.0,255.0,255.0
1844,92.2,-7.108098704165677,7.000000000000014,-6.000000000000012,0.8980470148661901,0.0,0.0,-0.005954600546953515,0.0,0.0,0.0,70.0,255.0,255.0,255.0
1845,92.25,-7.063203911506234,7.000000000000014,-6.000000000000012,0.8977223662359979,0.0,0.0,-0.006791644782744299,0.0,0.0,0.0,70.0,255.0,255.0,255.0
1846,92.30000000000001,-7.018326467542077,7.000000000000014,-6.000000000000012,0.8973678503879157,0.0,0.0,-0.0071519720078683235,0.0,0.0,0.0,70.0,255.0,255.0,255.0
1847,92.35000000000001,-6.973467126467442,7.000000000000014,-6.000000000000012,0.897007169035211,0.0,0.0,-0.007162362457968641,0.0,0.0,0.0,70.0,255.0,255.0,255.0
1848,92.4,-6.928625750638556,7.000000000000014,-6.000000000000012,0.8966516141421188,0.0,0.0,-0.007070722619229031,0.0,0.0,0.0,70.0,255.0,255.0,255.0
1849,92.45,-6.88380196505323,7.000000000000014,-6.000000000000012,0.8963000967732881,0.0,0.0,-0.007125663433882323,0.0,0.0,0.0,70.0,255.0,255.0,255.0
1850,92.5,-6.838995740961227,7.000000000000014,-6.000000000000012,0.8959390477987306,0.0,0.0,-0.007582803300199004,0.0,0.0,0.0,70.0,255.0,255.0,255.0
1851,92.55000000000001,-6.794208060273357,7.000000000000014,-6.000000000000012,0.8955418164432682,0.0,0.0,-0.008567697814765296,0.0,0.0,0.0,70.0,255.0,255.0,255.0
1852,92.60000000000001,-6.7494415593169,7.000000000000014,-6.000000000000012,0.895082278017254,0.0,0.0,-0.009927566449885461,0.0,0.0,0.0,70.0,255.0,255.0,255.0
1853,92.65,-6.704699832471632,7.000000000000014,-6.000000000000012,0.8945490597982797,0.0,0.0,-0.01136878111704931,0.0,0.0,0.0,70.0,255.0,255.0,255.0
1854,92.7,-6.659986653337072,7.000000000000014,-6.000000000000012,0.8939453999055491,0.0,0.0,-0.012602885580115242,0.0,0.0,0.0,70.0,255.0,255.0,255.0
1855,92.75,-6.615305292481077,7.000000000000014,-6.000000000000012,0.8932887712402682,0.0,0.0,-0.01334520728635269,0.0,0.0,0.0,70.0,255.0,255.0,255.0
1856,92.80000000000001,-6.570657776213046,7.000000000000014,-6.000000000000012,0.8926108791769138,0.0,0.0,-0.013456863770322514,0.0,0.0,0.0,70.0,255.0,255.0,255.0
1857,92.85000000000001,-6.5260442045633855,7.000000000000014,-6.000000000000012,0.8919430848632359,0.0,0.0,-0.013094551227776918,0.0,0.0,0.0,70.0,255.0,255.0,255.0
1858,92.9,-6.481463467726722,7.000000000000014,-6.000000000000012,0.8913014240541361,0.0,0.0,-0.012567812586450344,0.0,0.0,0.0,70.0,255.0,255.0,255.0
1859,92.95,-6.436914062157972,7.000000000000014,-6.000000000000012,0.8906863036045909,0.0,0.0,-0.012188854853789621,0.0,0.0,0.0,70.0,255.0,255.0,255.0
1860,93.0,-6.392394837366263,7.000000000000014,-6.000000000000012,0.8900825385687572,0.0,0.0,-0.012264339583989425,0.0,0.0,0.0,70.0,255.0,255.0,255.0
1861,93.05000000000001,-6.347905808301096,7.000000000000014,-6.000000000000012,0.889459869646192,0.0,0.0,-0.012951420528661828,0.0,0.0,0.0,70.0,255.0,255.0,255.0
1862,93.10000000000001,-6.303448850401644,7.000000000000014,-6.000000000000012,0.888787396515891,0.0,0.0,-0.014126116749313411,0.0,0.0,0.0,70.0,255.0,255.0,255.0
1863,93.15,-6.259027068649507,7.000000000000014,-6.000000000000012,0.8880472579712606,0.0,0.0,-0.015528080425397661,0.0,0.0,0.0,70.0,255.0,255.0,255.0
1864,93.2,-6.214644124604518,7.000000000000014,-6.000000000000012,0.8872345884733512,0.0,0.0,-0.01689512157971862,0.0,0.0,0.0,70.0,255.0,255.0,255.0
1865,93.25,-6.170303609802172,7.000000000000014,-6.000000000000012,0.8863577458132887,0.0,0.0,-0.01796946235135266,0.0,0.0,0.0,70.0,255.0,255.0,255.0
1866,93.30000000000001,-6.126008350023189,7.000000000000014,-6.000000000000012,0.885437642238216,0.0,0.0,-0.018611393507494967,0.0,0.0,0.0,70.0,255.0,255.0,255.0
1867,93.35000000000001,-6.08175984557835,7.000000000000014,-6.000000000000012,0.8844966064625392,0.0,0.0,-0.01888732209920363,0.0,0.0,0.0,70.0,255.0,255.0,255.0
1868,93.4,-6.037558689376935,7.000000000000014,-6.000000000000012,0.8835489100282956,0.0,0.0,-0.01895268622442714,0.0,0.0,0.0,70.0,255.0,255.0,255.0
1869,93.45,-5.993404954575521,7.000000000000014,-6.000000000000012,0.8826013378400965,0.0,0.0,-0.01895774507634229,0.0,0.0,0.0,70.0,255.0,255.0,255.0
1870,93.5,-5.949298555592925,7.000000000000014,-6.000000000000012,0.8816531355206614,0.0,0.0,-0.019041773716921284,0.0,0.0,0.0,70.0,255.0,255.0,255.0
1871,93.55000000000001,-5.905239641023455,7.000000000000014,-6.000000000000012,0.8806971604684044,0.0,0.0,-0.019289066045757863,0.0,0.0,0.0,70.0,255.0,255.0,255.0
1872,93.60000000000001,-5.861228839546085,7.000000000000014,-6.000000000000012,0.8797242289160856,0.0,0.0,-0.01972095848756794,0.0,0.0,0.0,70.0,255.0,255.0,255.0
1873,93.65,-5.817267218131846,7.000000000000014,-6.000000000000012,0.8787250646196476,0.0,0.0,-0.02034565020165857,0.0,0.0,0.0,70.0,255.0,255.0,255.0
1874,93.7,-5.77335633308412,7.000000000000014,-6.000000000000012,0.8776896638959197,0.0,0.0,-0.0211733852961693,0.0,0.0,0.0,70.0,255.0,255.0,255.0
1875,93.75,-5.729498251742254,7.000000000000014,-6.000000000000012,0.8766077260900307,0.0,0.0,-0.0222194334583925,0.0,0.0,0.0,70.0,255.0,255.0,255.0
1876,93.80000000000001,-5.685695560475117,7.000000000000014,-6.000000000000012,0.8754677205500805,0.0,0.0,-0.023473367949566892,0.0,0.0,0.0,70.0,255.0,255.0,255.0
1877,93.85000000000001,-5.641951479687246,7.000000000000014,-6.000000000000012,0.874260389295074,0.0,0.0,-0.024828004787469382,0.0,0.0,0.0,70.0,255.0,255.0,255.0
1878,93.9,-5.5982695215456095,7.000000000000014,-6.000000000000012,0.8729849200713335,0.0,0.0,-0.02610387380768131,0.0,0.0,0.0,70.0,255.0,255.0,255.0
1879,93.95,-5.554652987680113,7.000000000000014,-6.000000000000012,0.8716500019143059,0.0,0.0,-0.027116452668796143,0.0,0.0,0.0,70.0,255.0,255.0,255.0
1880,94.0,-5.511104521354179,7.000000000000014,-6.000000000000012,0.8702732748044539,0.0,0.0,-0.027688511099288604,0.0,0.0,0.0,70.0,255.0,255.0,255.0
1881,94.05000000000001,-5.467625660199667,7.000000000000014,-6.000000000000012,0.868881150804377,0.0,0.0,-0.02774314980031889,0.0,0.0,0.0,70.0,255.0,255.0,255.0
1882,94.10000000000001,-5.424216406273741,7.000000000000014,-6.000000000000012,0.867498959824422,0.0,0.0,-0.027413269446796562,0.0,0.0,0.0,70.0,255.0,255.0,255.0
1883,94.15,-5.380875764217225,7.000000000000014,-6.000000000000012,0.8661398238596973,0.0,0.0,-0.026954285803171274,0.0,0.0,0.0,70.0,255.0,255.0,255.0
1884,94.2,-5.3376024238877715,7.000000000000014,-6.000000000000012,0.8648035312441049,0.0,0.0,-0.026633065103265352,0.0,0.0,0.0,70.0,255.0,255.0,255.0
1885,94.25,-5.294395411092815,7.000000000000014,-6.000000000000012,0.8634765173493708,0.0,0.0,-0.02670652214566971,0.0,0.0,0.0,70.0,255.0,255.0,255.0
1886,94.30000000000001,-5.251254772152834,7.000000000000014,-6.000000000000012,0.862132879029538,0.0,0.0,-0.027307319560421206,0.0,0.0,0.0,70.0,255.0,255.0,255.0
1887,94.35000000000001,-5.208182123189861,7.000000000000014,-6.000000000000012,0.8607457853933287,0.0,0.0,-0.028350805535737322,0.0,0.0,0.0,70.0,255.0,255.0,255.0
1888,94.4,-5.165180193613502,7.000000000000014,-6.000000000000012,0.8592977984759642,0.0,0.0,-0.029647094868145984,0.0,0.0,0.0,70.0,255.0,255.0,255.0
1889,94.45,-5.122252343342264,7.000000000000014,-6.000000000000012,0.8577810759065141,0.0,0.0,-0.030998000206405862,0.0,0.0,0.0,70.0,255.0,255.0,255.0
1890,94.5,-5.07940208602285,7.000000000000014,-6.000000000000012,0.8561979984553236,0.0,0.0,-0.0322054003188299,0.0,0.0,0.0,70.0,255.0,255.0,255.0
1891,94.55000000000001,-5.036632543496732,7.000000000000014,-6.000000000000012,0.8545605358746311,0.0,0.0,-0.0331553108842364,0.0,0.0,0.0,70.0,255.0,255.0,255.0
1892,94.60000000000001,-4.993946032435387,7.000000000000014,-6.000000000000012,0.8528824673669,0.0,0.0,-0.033868077173604405,0.0,0.0,0.0,70.0,255.0,255.0,255.0
1893,94.65,-4.951344296760042,7.000000000000014,-6.000000000000012,0.8511737281572707,0.0,0.0,-0.03441108763766465,0.0,0.0,0.0,70.0,255.0,255.0,255.0
1894,94.7,-4.90882865961966,7.000000000000014,-6.000000000000012,0.8494413586031335,0.0,0.0,-0.034849246426738034,0.0,0.0,0.0,70.0,255.0,255.0,255.0
1895,94.75,-4.866400160899729,7.000000000000014,-6.000000000000012,0.8476888035145969,0.0,0.0,-0.035263857933021114,0.0,0.0,0.0,70.0,255.0,255.0,255.0
1896,94.80000000000001,-4.8240597792682,7.000000000000014,-6.000000000000012,0.8459149728098314,0.0,0.0,-0.03570369797376571,0.0,0.0,0.0,70.0,255.0,255.0,255.0
1897,94.85000000000001,-4.781808663618746,7.000000000000014,-6.000000000000012,0.8441184337172203,0.0,0.0,-0.03613772492858658,0.0,0.0,0.0,70.0,255.0,255.0,255.0
1898,94.9,-4.739647935896478,7.000000000000014,-6.000000000000012,0.8423012003169728,0.0,0.0,-0.03650939374191253,0.0,0.0,0.0,70.0,255.0,255.0,255.0
1899,94.95,-4.697578543587048,7.000000000000014,-6.000000000000012,0.840467494343029,0.0,0.0,-0.03677741502086107,0.0,0.0,0.0,70.0,255.0,255.0,255.0
1900,95.0,-4.655601186462175,7.000000000000014,-6.000000000000012,0.8386234588148866,0.0,0.0,-0.036887233218863,0.0,0.0,0.0,70.0,255.0,255.0,255.0
1901,95.05000000000001,-4.61371619770556,7.000000000000014,-6.000000000000012,0.8367787710211427,0.0,0.0,-0.03682281097203699,0.0,0.0,0.0,70.0,255.0,255.0,255.0
1902,95.10000000000001,-4.571923309360061,7.000000000000014,-6.000000000000012,0.834941177717683,0.0,0.0,-0.03670009070892988,0.0,0.0,0.0,70.0,255.0,255.0,255.0
1903,95.15,-4.530222079933791,7.000000000000014,-6.000000000000012,0.8331087619502497,0.0,0.0,-0.03671310895692059,0.0,0.0,0.0,70.0,255.0,255.0,255.0
1904,95.2,-4.488612433165036,7.000000000000014,-6.000000000000012,0.8312698668219909,0.0,0.0,-0.037047154098335255,0.0,0.0,0.0,70.0,255.0,255.0,255.0
1905,95.25,-4.447095093251592,7.000000000000014,-6.000000000000012,0.8294040465404162,0.0,0.0,-0.037883153248507995,0.0,0.0,0.0,70.0,255.0,255.0,255.0
1906,95.30000000000001,-4.4056720285109945,7.000000000000014,-6.000000000000012,0.8274815514971401,0.0,0.0,-0.03929317002411281,0.0,0.0,0.0,70.0,255.0,255.0,255.0
1907,95.35000000000001,-4.364346938101878,7.000000000000014,-6.000000000000012,0.8254747295380049,0.0,0.0,-0.0410965975490285,0.0,0.0,0.0,70.0,255.0,255.0,255.0
1908,95.4,-4.323124555557194,7.000000000000014,-6.000000000000012,0.8233718917422372,0.0,0.0,-0.04296096763356516,0.0,0.0,0.0,70.0,255.0,255.0,255.0
1909,95.45,-4.2820097489276545,7.000000000000014,-6.000000000000012,0.8211786327746484,0.0,0.0,-0.04454222033594135,0.0,0.0,0.0,70.0,255.0,255.0,255.0
1910,95.5,-4.241006692279729,7.000000000000014,-6.000000000000012,0.8189176697086431,0.0,0.0,-0.04550015378823602,0.0,0.0,0.0,70.0,255.0,255.0,255.0
1911,95.55000000000001,-4.20011798195679,7.000000000000014,-6.000000000000012,0.8166286173958248,0.0,0.0,-0.04567070939565099,0.0,0.0,0.0,70.0,255.0,255.0,255.0
1912,95.60000000000001,-4.159343830540147,7.000000000000014,-6.000000000000012,0.814350598769078,0.0,0.0,-0.045243402543526656,0.0,0.0,0.0,70.0,255.0,255.0,255.0
1913,95.65,-4.118682922079882,7.000000000000014,-6.000000000000012,0.8121042771414722,0.0,0.0,-0.044593976219964304,0.0,0.0,0.0,70.0,255.0,255.0,255.0
1914,95.7,-4.0781334028259995,7.000000000000014,-6.000000000000012,0.8098912011470816,0.0,0.0,-0.044110025165622346,0.0,0.0,0.0,70.0,255.0,255.0,255.0
1915,95.75,-4.037693801965174,7.000000000000014,-6.000000000000012,0.8076932746249099,0.0,0.0,-0.04418821295200104,0.0,0.0,0.0,70.0,255.0,255.0,255.0
1916,95.80000000000001,-3.9973640753635085,7.000000000000014,-6.000000000000012,0.8054723798518815,0.0,0.0,-0.04503005299754115,0.0,0.0,0.0,70.0,255.0,255.0,255.0
1917,95.85000000000001,-3.957146563979986,7.000000000000014,-6.000000000000012,0.8031902693251558,0.0,0.0,-0.046440747986675746,0.0,0.0,0.0,70.0,255.0,255.0,255.0
1918,95.9,-3.917045048430993,7.000000000000014,-6.000000000000012,0.8008283050532139,0.0,0.0,-0.048033010936610054,0.0,0.0,0.0,70.0,255.0,255.0,255.0
1919,95.95,-3.8770637334746647,7.000000000000014,-6.000000000000012,0.7983869682314948,0.0,0.0,-0.04942401932881424,0.0,0.0,0.0,70.0,255.0,255.0,255.0
1920,96.0,-3.8372063516078434,7.000000000000014,-6.000000000000012,0.7958859031203325,0.0,0.0,-0.050223078321343095,0.0,0.0,0.0,70.0,255.0,255.0,255.0
1921,96.05000000000001,-3.7974751431626315,7.000000000000014,-6.000000000000012,0.7933646603993605,0.0,0.0,-0.050235931759967656,0.0,0.0,0.0,70.0,255.0,255.0,255.0
1922,96.10000000000001,-3.7578698855679074,7.000000000000014,-6.000000000000012,0.7908623099443357,0.0,0.0,-0.049681717396321545,0.0,0.0,0.0,70.0,255.0,255.0,255.0
1923,96.15,-3.718388912168198,7.000000000000014,-6.000000000000012,0.7883964886597283,0.0,0.0,-0.04898586814534589,0.0,0.0,0.0,70.0,255.0,255.0,255.0
1924,96.2,-3.6790302367019345,7.000000000000014,-6.000000000000012,0.7859637231298011,0.0,0.0,-0.04856704437390391,0.0,0.0,0.0,70.0,255.0,255.0,255.0
1925,96.25,-3.639792539855218,7.000000000000014,-6.000000000000012,0.7835397842223379,0.0,0.0,-0.048843389847963437,0.0,0.0,0.0,70.0,255.0,255.0,255.0
1926,96.30000000000001,-3.6006762582797007,7.000000000000014,-6.000000000000012,0.7810793841450048,0.0,0.0,-0.050019879634577435,0.0,0.0,0.0,70.0,255.0,255.0,255.0
1927,96.35000000000001,-3.5616846014407173,7.000000000000014,-6.000000000000012,0.7785377962588802,0.0,0.0,-0.05186249897648487,0.0,0.0,0.0,70.0,255.0,255.0,255.0
1928,96.4,-3.5228224786538127,7.000000000000014,-6.000000000000012,0.7758931342473563,0.0,0.0,-0.05391256077116324,0.0,0.0,0.0,70.0,255.0,255.0,255.0
1929,96.45,-3.4840952880159817,7.000000000000014,-6.000000000000012,0.7731465401817639,0.0,0.0,-0.055708455857850225,0.0,0.0,0.0,70.0,255.0,255.0,255.0
1930,96.5,-3.4455078246356363,7.000000000000014,-6.000000000000012,0.7703222886615713,0.0,0.0,-0.05678340890824529,0.0,0.0,0.0,70.0,255.0,255.0,255.0
1931,96.55000000000001,-3.4070630591498245,7.000000000000014,-6.000000000000012,0.7674681992909393,0.0,0.0,-0.05690468956061068,0.0,0.0,0.0,70.0,255.0,255.0,255.0
1932,96.60000000000001,-3.3687610047065424,7.000000000000014,-6.000000000000012,0.7646318197055102,0.0,0.0,-0.056319102546975586,0.0,0.0,0.0,70.0,255.0,255.0,255.0
1933,96.65,-3.3305998771792735,7.000000000000014,-6.000000000000012,0.7618362890362418,0.0,0.0,-0.05551307291922214,0.0,0.0,0.0,70.0,255.0,255.0,255.0
1934,96.7,-3.292577375802918,7.000000000000014,-6.000000000000012,0.759080512413588,0.0,0.0,-0.054972279049314565,0.0,0.0,0.0,70.0,255.0,255.0,255.0
1935,96.75,-3.2546918259379147,7.000000000000014,-6.000000000000012,0.7563390611313103,0.0,0.0,-0.05519089992818138,0.0,0.0,0.0,70.0,255.0,255.0,255.0
1936,96.80000000000001,-3.216943469689787,7.000000000000014,-6.000000000000012,0.7535614224207698,0.0,0.0,-0.05641450897484468,0.0,0.0,0.0,70.0,255.0,255.0,255.0
1937,96.85000000000001,-3.1793356836958377,7.000000000000014,-6.000000000000012,0.7506976102338259,0.0,0.0,-0.05837027498323266,0.0,0.0,0.0,70.0,255.0,255.0,255.0
1938,96.9,-3.1418737086664046,7.000000000000014,-6.000000000000012,0.7477243949224466,0.0,0.0,-0.06052596340295757,0.0,0.0,0.0,70.0,255.0,255.0,255.0
1939,96.95,-3.104563244203593,7.000000000000014,-6.000000000000012,0.7446450138935301,0.0,0.0,-0.06235599438024764,0.0,0.0,0.0,70.0,255.0,255.0,255.0
1940,97.0,-3.0674092072770516,7.000000000000014,-6.000000000000012,0.7414887954844218,0.0,0.0,-0.06333709394441556,0.0,0.0,0.0,70.0,255.0,255.0,255.0
1941,97.05000000000001,-3.030414364655151,7.000000000000014,-6.000000000000012,0.7383113044990885,0.0,0.0,-0.06321032815144179,0.0,0.0,0.0,70.0,255.0,255.0,255.0
1942,97.10000000000001,-2.9935780768271427,7.000000000000014,-6.000000000000012,0.7351677626692776,0.0,0.0,-0.06225238493091645,0.0,0.0,0.0,70.0,255.0,255.0,255.0
1943,97.15,-2.956897588388223,7.000000000000014,-6.000000000000012,0.7320860660059969,0.0,0.0,-0.06101132521729724,0.0,0.0,0.0,70.0,255.0,255.0,255.0
1944,97.2,-2.920369470226543,7.000000000000014,-6.000000000000012,0.7290666301475479,0.0,0.0,-0.060036377464101065,0.0,0.0,0.0,70.0,255.0,255.0,255.0
1945,97.25,-2.8839909253734684,7.000000000000014,-6.000000000000012,0.7260824282595868,0.0,0.0,-0.059872659027515596,0.0,0.0,0.0,70.0,255.0,255.0,255.0
1946,97.30000000000001,-2.8477612274005843,7.000000000000014,-6.000000000000012,0.7230793642447964,0.0,0.0,-0.06079732527117798,0.0,0.0,0.0,70.0,255.0,255.0,255.0
1947,97.35000000000001,-2.8116829889489887,7.000000000000014,-6.000000000000012,0.720002695732469,0.0,0.0,-0.06256666547788114,0.0,0.0,0.0,70.0,255.0,255.0,255.0
1948,97.4,-2.7757609578273374,7.000000000000014,-6.000000000000012,0.7168226976970082,0.0,0.0,-0.06468225554097096,0.0,0.0,0.0,70.0,255.0,255.0,255.0
1949,97.45,-2.740000719179288,7.000000000000014,-6.000000000000012,0.7135344701783719,0.0,0.0,-0.06664534891172025,0.0,0.0,0.0,70.0,255.0,255.0,255.0
1950,97.5,-2.7044075108095003,7.000000000000014,-6.000000000000012,0.7101581628058362,0.0,0.0,-0.06796033521538902,0.0,0.0,0.0,70.0,255.0,255.0,255.0
1951,97.55000000000001,-2.6689849028987043,7.000000000000014,-6.000000000000012,0.706738436656833,0.0,0.0,-0.06836773673035701,0.0,0.0,0.0,70.0,255.0,255.0,255.0
1952,97.60000000000001,-2.633733667143817,7.000000000000014,-6.000000000000012,0.7033213891328005,0.0,0.0,-0.0680527014076393,0.0,0.0,0.0,70.0,255.0,255.0,255.0
1953,97.65,-2.598652763985424,7.000000000000014,-6.000000000000012,0.6999331665160691,0.0,0.0,-0.06740706520558248,0.0,0.0,0.0,70.0,255.0,255.0,255.0
1954,97.7,-2.56374035049221,7.000000000000014,-6.000000000000012,0.6965806826122423,0.0,0.0,-0.0668158865642976,0.0,0.0,0.0,70.0,255.0,255.0,255.0
1955,97.75,-2.5289946957242,7.000000000000014,-6.000000000000012,0.6932515778596393,0.0,0.0,-0.06665392552052118,0.0,0.0,0.0,70.0,255.0,255.0,255.0
1956,97.80000000000001,-2.494415192706246,7.000000000000014,-6.000000000000012,0.6899152900601901,0.0,0.0,-0.06712436183877735,0.0,0.0,0.0,70.0,255.0,255.0,255.0
1957,97.85000000000001,-2.460003166718181,7.000000000000014,-6.000000000000012,0.6865391416757616,0.0,0.0,-0.06813348460097401,0.0,0.0,0.0,70.0,255.0,255.0,255.0
1958,97.9,-2.42576127853867,7.000000000000014,-6.000000000000012,0.6831019416000927,0.0,0.0,-0.06945936708624423,0.0,0.0,0.0,70.0,255.0,255.0,255.0
1959,97.95,-2.3916929725581717,7.000000000000014,-6.000000000000012,0.6795932049671372,0.0,0.0,-0.07088401858545978,0.0,0.0,0.0,70.0,255.0,255.0,255.0
1960,98.0,-2.3578019580419562,7.000000000000014,-6.000000000000012,0.6760135397415468,0.0,0.0,-0.07219599067607163,0.0,0.0,0.0,70.0,255.0,255.0,255.0
1961,98.05000000000001,-2.324091618584017,7.000000000000014,-6.000000000000012,0.67237360589953,0.0,0.0,-0.07326926812787349,0.0,0.0,0.0,70.0,255.0,255.0,255.0
1962,98.10000000000001,-2.2905645974520032,7.000000000000014,-6.000000000000012,0.6686866129287594,0.0,0.0,-0.0740979289514776,0.0,0.0,0.0,70.0,255.0,255.0,255.0
1963,98.15,-2.257222957291141,7.000000000000014,-6.000000000000012,0.6649638130043822,0.0,0.0,-0.07470921936287844,0.0,0.0,0.0,70.0,255.0,255.0,255.0
1964,98.2,-2.224068216151565,7.000000000000014,-6.000000000000012,0.6612156909924716,0.0,0.0,-0.07512235144950807,0.0,0.0,0.0,70.0,255.0,255.0,255.0
1965,98.25,-2.191101388191894,7.000000000000014,-6.000000000000012,0.6574515778594314,0.0,0.0,-0.07535409312859898,0.0,0.0,0.0,70.0,255.0,255.0,255.0
1966,98.30000000000001,-2.158323058365622,7.000000000000014,-6.000000000000012,0.6536802816796117,0.0,0.0,-0.07543082672096801,0.0,0.0,0.0,70.0,255.0,255.0,255.0
1967,98.35000000000001,-2.1257333600239328,7.000000000000014,-6.000000000000012,0.6499084951873346,0.0,0.0,-0.07543563875254122,0.0,0.0,0.0,70.0,255.0,255.0,255.0
1968,98.4,-2.0933322088468884,7.000000000000014,-6.000000000000012,0.6461367178043576,0.0,0.0,-0.07550459462306591,0.0,0.0,0.0,70.0,255.0,255.0,255.0
1969,98.45,-2.061119688243497,7.000000000000014,-6.000000000000012,0.642358035725028,0.0,0.0,-0.0757855499766702,0.0,0.0,0.0,70.0,255.0,255.0,255.0
1970,98.5,-2.0290964052743856,7.000000000000014,-6.000000000000012,0.6385581628066905,0.0,0.0,-0.07643164613480025,0.0,0.0,0.0,70.0,255.0,255.0,255.0
1971,98.55000000000001,-1.997263871962828,7.000000000000014,-6.000000000000012,0.634714871111548,0.0,0.0,-0.07750793780783027,0.0,0.0,0.0,70.0,255.0,255.0,255.0
1972,98.60000000000001,-1.9656249181632308,7.000000000000014,-6.000000000000012,0.6308073690259075,0.0,0.0,-0.07887504051242722,0.0,0.0,0.0,70.0,255.0,255.0,255.0
1973,98.65,-1.9341831350602372,7.000000000000014,-6.000000000000012,0.6268273670603053,0.0,0.0,-0.08027603850846443,0.0,0.0,0.0,70.0,255.0,255.0,255.0
1974,98.7,-1.9029421814572003,7.000000000000014,-6.000000000000012,0.6227797651750611,0.0,0.0,-0.08144938803904544,0.0,0.0,0.0,70.0,255.0,255.0,255.0
1975,98.75,-1.871905158542731,7.000000000000014,-6.000000000000012,0.6186824282564007,0.0,0.0,-0.08213535962946494,0.0,0.0,0.0,70.0,255.0,255.0,255.0
1976,98.80000000000001,-1.8410739386315602,7.000000000000014,-6.000000000000012,0.6145662292121146,0.0,0.0,-0.08221033579933756,0.0,0.0,0.0,70.0,255.0,255.0,255.0
1977,98.85000000000001,-1.8104485356215196,7.000000000000014,-6.000000000000012,0.610461394676467,0.0,0.0,-0.08183137868338353,0.0,0.0,0.0,70.0,255.0,255.0,255.0
1978,98.9,-1.7800277991639135,7.000000000000014,-6.000000000000012,0.6063830913437762,0.0,0.0,-0.08130491101698833,0.0,0.0,0.0,70.0,255.0,255.0,255.0
1979,98.95,-1.749810226487142,7.000000000000014,-6.000000000000012,0.6023309035747682,0.0,0.0,-0.08094295847462796,0.0,0.0,0.0,70.0,255.0,255.0,255.0
1980,99.0,-1.7197947088064367,7.000000000000014,-6.000000000000012,0.5982887954963134,0.0,0.0,-0.08105488737639721,0.0,0.0,0.0,70.0,255.0,255.0,255.0
1981,99.05000000000001,-1.6899813469375107,7.000000000000014,-6.000000000000012,0.5942254148371284,0.0,0.0,-0.08179729242030476,0.0,0.0,0.0,70.0,255.0,255.0,255.0
1982,99.10000000000001,-1.6603721673227239,7.000000000000014,-6.000000000000012,0.5901090662542829,0.0,0.0,-0.08303133286451381,0.0,0.0,0.0,70.0,255.0,255.0,255.0
1983,99.15,-1.6309704403120824,7.000000000000014,-6.000000000000012,0.585922281550677,0.0,0.0,-0.08447242931173271,0.0,0.0,0.0,70.0,255.0,255.0,255.0
1984,99.2,-1.6017799391676562,7.000000000000014,-6.000000000000012,0.5816618233231097,0.0,0.0,-0.0858322046372928,0.0,0.0,0.0,70.0,255.0,255.0,255.0
1985,99.25,-1.5728042579797714,7.000000000000014,-6.000000000000012,0.5773390610869478,0.0,0.0,-0.08681711883795629,0.0,0.0,0.0,70.0,255.0,255.0,255.0
1986,99.30000000000001,-1.5440460330589614,7.000000000000014,-6.000000000000012,0.572980111439314,0.0,0.0,-0.08727443391229883,0.0,0.0,0.0,70.0,255.0,255.0,255.0
1987,99.35000000000001,-1.51550624683584,7.000000000000014,-6.000000000000012,0.5686116176957179,0.0,0.0,-0.08732963018376338,0.0,0.0,0.0,70.0,255.0,255.0,255.0
1988,99.4,-1.4871848712893896,7.000000000000014,-6.000000000000012,0.5642471484209377,0.0,0.0,-0.08723819224882856,0.0,0.0,0.0,70.0,255.0,255.0,255.0
1989,99.45,-1.4590815319937462,7.000000000000014,-6.000000000000012,0.559887798470835,0.0,0.0,-0.08724859593778334,0.0,0.0,0.0,70.0,255.0,255.0,255.0
1990,99.5,-1.431196091442306,7.000000000000014,-6.000000000000012,0.5555222888271594,0.0,0.0,-0.08760857200478256,0.0,0.0,0.0,70.0,255.0,255.0,255.0
1991,99.55000000000001,-1.4035293031110303,7.000000000000014,-6.000000000000012,0.5511269412703568,0.0,0.0,-0.08844483206922327,0.0,0.0,0.0,70.0,255.0,255.0,255.0
1992,99.60000000000001,-1.3760833973152704,7.000000000000014,-6.000000000000012,0.546677805620237,0.0,0.0,-0.08964473847385968,0.0,0.0,0.0,70.0,255.0,255.0,255.0
1993,99.65,-1.3488615225490066,7.000000000000014,-6.000000000000012,0.5421624674229708,0.0,0.0,-0.09098020961846309,0.0,0.0,0.0,70.0,255.0,255.0,255.0
1994,99.7,-1.3218671505729733,7.000000000000014,-6.000000000000012,0.5375797846583907,0.0,0.0,-0.09222683818617128,0.0,0.0,0.0,70.0,255.0,255.0,255.0
1995,99.75,-1.2951035440831675,7.000000000000014,-6.000000000000012,0.5329397836043537,0.0,0.0,-0.09316463044002354,0.0,0.0,0.0,70.0,255.0,255.0,255.0
1996,99.80000000000001,-1.268573172212538,7.000000000000014,-6.000000000000012,0.5282633216143884,0.0,0.0,-0.09367966438316166,0.0,0.0,0.0,70.0,255.0,255.0,255.0
1997,99.85000000000001,-1.2422772119217287,7.000000000000014,-6.000000000000012,0.5235718171660375,0.0,0.0,-0.09385682384490668,0.0,0.0,0.0,70.0,255.0,255.0,255.0
1998,99.9,-1.2162159904959342,7.000000000000014,-6.000000000000012,0.5188776392298977,0.0,0.0,-0.09387556135205255,0.0,0.0,0.0,70.0,255.0,255.0,255.0
1999,99.95,-1.190389447998739,7.000000000000014,-6.000000000000012,0.5141842610308323,0.0,0.0,-0.0939173380319458,0.0,0.0,0.0,70.0,255.0,255.0,255.0
2000,100.0,-1.164797564392851,7.000000000000014,-6.000000000000012,0.5094859054267031,0.0,0.0,-0.09416889691209462,0.0,0.0,0.0,70.0,255.0,255.0,255.0
2001,100.05000000000001,-1.1394408574560686,7.000000000000014,-6.000000000000012,0.5047673713396228,0.0,0.0,-0.09472928428999605,0.0,0.0,0.0,70.0,255.0,255.0,255.0
2002,100.10000000000001,-1.1143208272588887,7.000000000000014,-6.000000000000012,0.5000129769977035,0.0,0.0,-0.0955243297815711,0.0,0.0,0.0,70.0,255.0,255.0,255.0
2003,100.15,-1.0894395597562982,7.000000000000014,-6.000000000000012,0.4952149383614657,0.0,0.0,-0.0964020204978766,8.881784197001252e-14,0.0,0.0,70.0,255.0,255.0,255.0
2004,100.2,-1.0647993334227421,7.000000000000014,-6.000000000000012,0.49037277494791587,8.881784197001252e-15,0.0,-0.09721672344022991,8.881784197001252e-14,0.0,0.0,70.0,255.0,255.0,255.0
2005,100.25,-1.0404022822615067,7.000000000000015,-6.000000000000012,0.4854932660174427,8.881784197001252e-15,0.0,-0.09781982853255267,8.881784197001252e-14,0.0,0.0,70.0,255.0,255.0,255.0
2006,100.30000000000001,-1.0162500068209979,7.000000000000015,-6.000000000000012,0.4805907920946606,1.7763568394002505e-14,0.0,-0.09813662502922149,8.881784197001252e-14,0.0,0.0,70.0,255.0,255.0,255.0
2007,100.35000000000001,-0.9923432030520406,7.000000000000017,-6.000000000000012,0.47567960351452054,1.7763568394002505e-14,0.0,-0.09824856099035495,-4.440892098500626e-13,0.0,0.0,70.0,255.0,255.0,255.0
2008,100.4,-0.9686820464695458,7.000000000000017,-6.000000000000012,0.4707659359956251,-2.6645352591003757e-14,0.0,-0.09831365269383774,-6.217248937900877e-13,0.0,0.0,70.0,255.0,255.0,255.0
2009,100.45,-0.9452666094524781,7.000000000000014,-6.000000000000012,0.46584823824513677,-4.440892098500626e-14,0.0,-0.09848234163480907,-8.881784197001252e-14,0.0,0.0,70.0,255.0,255.0,255.0
2010,100.5,-0.9220972226450321,7.000000000000012,-6.000000000000012,0.4609177018321442,-3.552713678800501e-14,0.0,-0.09889174233855824,8.881784197001252e-14,0.0,0.0,70.0,255.0,255.0,255.0
2011,100.55000000000001,-0.8991748392692637,7.000000000000011,-6.000000000000012,0.45595906401128095,-3.552713678800501e-14,0.0,-0.09961130183938627,1.7763568394002505e-13,0.0,0.0,70.0,255.0,255.0,255.0
2012,100.60000000000001,-0.876501316243904,7.000000000000009,-6.000000000000012,0.4509565716482056,-1.7763568394002505e-14,0.0,-0.10059695073143526,7.105427357601002e-13,0.0,0.0,70.0,255.0,255.0,255.0
2013,100.65,-0.8540791821044431,7.000000000000009,-6.000000000000012,0.4458993689381374,3.552713678800501e-14,0.0,-0.10174700509031354,1.4210854715202004e-12,0.0,0.0,70.0,255.0,255.0,255.0
2014,100.7,-0.8319113793500903,7.000000000000012,-6.000000000000012,0.4407818711391742,1.2434497875801753e-13,0.0,-0.10295442284210532,1.5099033134902129e-12,0.0,0.0,70.0,255.0,255.0,255.0
2015,100.75,-0.8100009949905257,7.000000000000021,-6.000000000000012,0.4356039266539269,1.865174681370263e-13,0.0,-0.10412518346611943,4.440892098500626e-13,0.0,0.0,70.0,255.0,255.0,255.0
2016,100.80000000000001,-0.7883509866846976,7.000000000000031,-6.000000000000012,0.4303693527925623,1.687538997430238e-13,0.0,-0.10519868043283864,-1.4210854715202004e-12,0.0,0.0,70.0,255.0,255.0,255.0
2017,100.85000000000001,-0.7669640597112695,7.000000000000038,-6.000000000000012,0.425084058610643,4.440892098500626e-14,0.0,-0.106127272446499,-3.375077994860476e-12,0.0,0.0,70.0,255.0,255.0,255.0
2018,100.9,-0.7458425808236333,7.0000000000000355,-6.000000000000012,0.4197566255479124,-1.687538997430238e-13,0.0,-0.10685385142050752,-4.796163466380676e-12,0.0,0.0,70.0,255.0,255.0,255.0
2019,100.95,-0.7249883971564782,7.000000000000021,-6.000000000000012,0.41439867346859227,-4.3520742565306136e-13,0.0,-0.10732719310504457,-4.707345624410664e-12,0.0,0.0,70.0,255.0,255.0,255.0
2020,101.0,-0.7044027134767741,6.999999999999992,-6.000000000000012,0.4090239062374079,-6.394884621840902e-13,0.0,-0.10750356109375803,-1.687538997430238e-12,0.0,0.0,70.0,255.0,255.0,255.0
2021,101.05000000000001,-0.6840860065327374,6.999999999999957,-6.000000000000012,0.40364831735921647,-6.039613253960852e-13,0.0,-0.10737915125350606,4.618527782440651e-12,0.0,0.0,70.0,255.0,255.0,255.0
2022,101.10000000000001,-0.6640378817408524,6.999999999999932,-6.000000000000012,0.3982859911120573,-1.7763568394002505e-13,0.0,-0.10705657020427806,1.234568003383174e-11,0.0,0.0,70.0,255.0,255.0,255.0
2023,101.15,-0.6442574074215317,6.99999999999994,-6.000000000000012,0.39294266033878866,6.306066779870889e-13,0.0,-0.10671749598767377,1.794120407794253e-11,0.0,0.0,70.0,255.0,255.0,255.0
2024,101.2,-0.6247436157069736,6.999999999999995,-6.000000000000012,0.38761424151328994,1.616484723854228e-12,0.0,-0.10655526627715295,1.7674750552032492e-11,0.0,0.0,70.0,255.0,255.0,255.0
2025,101.25,-0.6054959832702027,7.000000000000101,-6.000000000000012,0.38228713371107337,2.398081733190338e-12,0.0,-0.1067485908076038,6.306066779870889e-12,0.0,0.0,70.0,255.0,255.0,255.0
2026,101.30000000000001,-0.5865149023358662,7.0000000000002345,-6.000000000000012,0.37693938243252956,2.247091401841317e-12,0.0,-0.10738522737274714,-1.7674750552032492e-11,0.0,0.0,70.0,255.0,255.0,255.0
2027,101.35000000000001,-0.5678020450269498,7.000000000000326,-6.000000000000012,0.37154861097379865,6.306066779870889e-13,0.0,-0.10839926724830473,-4.618527782440651e-11,0.0,0.0,70.0,255.0,255.0,255.0
2028,101.4,-0.5493600412384864,7.0000000000002975,-6.000000000000012,0.3660994557076991,-2.3714363805993344e-12,0.0,-0.10964250495524297,-6.661338147750939e-11,0.0,0.0,70.0,255.0,255.0,255.0
2029,101.45,-0.5311920994561798,7.000000000000089,-6.000000000000012,0.36058436047827436,-6.03073146976385e-12,0.0,-0.11095225460772129,-6.52811138479592e-11,0.0,0.0,70.0,255.0,255.0,255.0
2030,101.5,-0.5133016051906589,6.9999999999996945,-6.000000000000012,0.35500423024692696,-8.899547765395255e-12,0.0,-0.11217004770450179,-2.3714363805993344e-11,0.0,0.0,70.0,255.0,255.0,255.0
2031,101.55000000000001,-0.49569167643148715,6.999999999999199,-6.000000000000012,0.3493673557078242,-8.402167850363185e-12,0.0,-0.11320096489583209,6.519229600598919e-11,0.0,0.0,70.0,255.0,255.0,255.0
2032,101.60000000000001,-0.4783648696198765,6.999999999998854,-6.000000000000012,0.34368413375734375,-2.3803181647963356e-12,0.0,-0.11403092956620564,1.7248424910576432e-10,0.0,0.0,70.0,255.0,255.0,255.0
2033,101.65,-0.4613232630557528,6.999999999998961,-6.000000000000012,0.3379642627512036,8.846257060213247e-12,0.0,-0.11466623710510992,2.490452288839151e-10,0.0,0.0,70.0,255.0,255.0,255.0
2034,101.7,-0.44456844334475615,6.999999999999739,-6.000000000000012,0.33221751004683275,2.2524204723595176e-11,0.0,-0.11511002764713063,2.4371615836571436e-10,0.0,0.0,70.0,255.0,255.0,255.0
2035,101.75,-0.4281015120510695,7.000000000001213,-6.000000000000012,0.32645325998649055,3.3217872896784684e-11,0.0,-0.11536319972704767,8.810729923425242e-11,0.0,0.0,70.0,255.0,255.0,255.0
2036,101.80000000000001,-0.4119231173461071,7.000000000003061,-6.000000000000012,0.320681190074128,3.133493464702042e-11,0.0,-0.11544317411553151,-2.4353852268177434e-10,0.0,0.0,70.0,255.0,255.0,255.0
2037,101.85000000000001,-0.3960333930436567,7.000000000004347,-6.000000000000012,0.3149089425749374,8.86402062860725e-12,0.0,-0.11543785364694914,-6.433964472307707e-10,0.0,0.0,70.0,255.0,255.0,255.0
2038,101.9,-0.38043222308861335,7.000000000003947,-6.000000000000012,0.3091374047094331,-3.3004710076056654e-11,0.0,-0.11549338578515922,-9.29212262690271e-10,0.0,0.0,70.0,255.0,255.0,255.0
2039,101.95,-0.3651196525727134,7.000000000001046,-6.000000000000012,0.3033596039964215,-8.405720564041985e-11,0.0,-0.1157666091634868,-9.095835196148983e-10,0.0,0.0,70.0,255.0,255.0,255.0
2040,102.0,-0.3500962626889712,6.999999999995541,-6.000000000000012,0.2975607437930844,-1.2396306203754648e-10,0.0,-0.1164211627119105,-3.2862601528904634e-10,0.0,0.0,70.0,255.0,255.0,255.0
2041,102.05000000000001,-0.33536357819340495,6.99999999998865,-6.000000000000012,0.29171748772523043,-1.1691980716932449e-10,0.0,-0.11752685146193542,9.086953411951981e-10,0.0,0.0,70.0,255.0,255.0,255.0
2042,102.10000000000001,-0.32092451391644816,6.999999999983849,-6.000000000000012,0.28580805864689085,-3.3093527918026666e-11,0.0,-0.11893318032083489,2.4011015398173186e-09,0.0,0.0,70.0,255.0,255.0,255.0
2043,102.15,-0.30678277232871587,6.999999999985341,-6.000000000000012,0.27982416969314694,1.2319034681240737e-10,0.0,-0.12036385611791656,3.467626186193229e-09,0.0,0.0,70.0,255.0,255.0,255.0
2044,102.2,-0.29294209694713347,6.999999999996168,-6.000000000000012,0.2737716730350992,3.1366909070129623e-10,0.0,-0.12153747509355828,3.3940850130420586e-09,0.0,0.0,70.0,255.0,255.0,255.0
2045,102.25,-0.27940560502520595,7.0000000000167075,-6.000000000000012,0.2676704221837911,4.6259884811661323e-10,0.0,-0.12216818672187157,1.227196122499663e-09,0.0,0.0,70.0,255.0,255.0,255.0
2046,102.30000000000001,-0.26617505472875436,7.000000000042428,-6.000000000000012,0.26155485436291204,4.3638870295126253e-10,0.0,-0.12212233378904869,-3.390709935047198e-09,0.0,0.0,70.0,255.0,255.0,255.0
2047,102.35000000000001,-0.25325011958891475,7.000000000060346,-6.000000000000012,0.25545818880488624,1.2352785461189342e-10,0.0,-0.12159660455626775,-8.961809072616234e-09,0.0,0.0,70.0,255.0,255.0,255.0
2048,102.4,-0.24062923584826573,7.000000000054781,-6.000000000000012,0.24939519390728526,-4.5979220431036083e-10,0.0,-0.12096484941687691,-1.2941647753450525e-08,0.0,0.0,70.0,255.0,255.0,255.0
2049,102.45,-0.22831060019818622,7.000000000014367,-6.000000000000012,0.24336170386319855,-1.170636920733159e-09,0.0,-0.12060283778225211,-1.2666312443343486e-08,0.0,0.0,70.0,255.0,255.0,255.0
2050,102.5,-0.21629306546194588,6.999999999937717,-6.000000000000012,0.23733491012906005,-1.7264234486447094e-09,0.0,-0.1208820344570205,-4.580336110393546e-09,0.0,0.0,70.0,255.0,255.0,255.0
2051,102.55000000000001,-0.20457710918528021,6.999999999841725,-6.000000000000012,0.2312735004174965,-1.6286705317725136e-09,0.0,-0.12198418634171426,1.2654410852519504e-08,0.0,0.0,70.0,255.0,255.0,255.0
2052,102.60000000000001,-0.19316571542019623,6.99999999977485,-6.000000000000012,0.22513649149488862,-4.60982363392759e-10,0.0,-0.12371051800367239,3.3446490022015496e-08,0.0,0.0,70.0,255.0,255.0,255.0
2053,102.65,-0.18206346003579135,6.999999999795627,-6.000000000000012,0.21890244861712926,1.715978470429036e-09,0.0,-0.12566579050367344,4.829843192055705e-08,0.0,0.0,70.0,255.0,255.0,255.0
2054,102.7,-0.1712754705584833,6.999999999946448,-6.000000000000012,0.21256991244452128,4.368860828662946e-09,0.0,-0.12745182645861053,4.7271697667383705e-08,0.0,0.0,70.0,255.0,255.0,255.0
2055,102.75,-0.16080646879133922,7.000000000232513,-6.000000000000012,0.2061572659712682,6.4431482371674065e-09,0.0,-0.12868372207052725,1.709405950123255e-08,0.0,0.0,70.0,255.0,255.0,255.0
2056,102.80000000000001,-0.15065974396135648,7.000000000590763,-6.000000000000012,0.19970154023746856,6.078266778786201e-09,0.0,-0.12916106070379463,-4.722746638208264e-08,0.0,0.0,70.0,255.0,255.0,255.0
2057,102.85000000000001,-0.14083631476759237,7.000000000840339,-6.000000000000012,0.19324115990088875,1.7204015989591426e-09,0.0,-0.12901213927933863,-1.2482317401918408e-07,0.0,0.0,70.0,255.0,255.0,255.0
2058,102.9,-0.1313356279712676,7.000000000762803,-6.000000000000012,0.1868003263095347,-6.404050623132207e-09,0.0,-0.12852117271764663,-1.8025225756446162e-07,0.0,0.0,70.0,255.0,255.0,255.0
2059,102.95,-0.1221562821366389,7.000000000199934,-6.000000000000012,0.18038904262912409,-1.630482415748702e-08,0.0,-0.1279764298103725,-1.7642189931166286e-07,0.0,0.0,70.0,255.0,255.0,255.0
2060,103.0,-0.1132967237083552,6.999999999132321,-6.000000000000012,0.17400268332849744,-2.4046240554298492e-08,0.0,-0.1276550586132269,-6.37960795302206e-08,0.0,0.0,70.0,255.0,255.0,255.0
2061,103.05000000000001,-0.10475601380378916,6.99999999779531,-6.000000000000012,0.1676235367678014,-2.268443211050908e-08,0.0,-0.12771711862826496,1.762565204899147e-07,0.0,0.0,70.0,255.0,255.0,255.0
2062,103.10000000000001,-0.09653437003157506,6.9999999968638775,-6.000000000000012,0.16123097146567095,-6.420588505307023e-09,0.0,-0.12815365215125135,4.6584727186882446e-07,0.0,0.0,70.0,255.0,255.0,255.0
2063,103.15,-0.08863291665722206,6.999999997153251,-6.000000000000012,0.15480817155267626,2.3900295076373368e-08,0.0,-0.12889846967472085,6.727100654302376e-07,0.0,0.0,70.0,255.0,255.0,255.0
2064,103.2,-0.08105355287630743,6.999999999253907,-6.000000000000012,0.14834112449819886,6.085041803771674e-08,0.0,-0.12988814194602044,6.58415011400848e-07,0.0,0.0,70.0,255.0,255.0,255.0
2065,103.25,-0.07379880420740217,7.000000003238293,-6.000000000000012,0.14181935735807422,8.974179621645817e-08,0.0,-0.13106005280088262,2.3809043625533377e-07,0.0,0.0,70.0,255.0,255.0,255.0
2066,103.30000000000001,-0.06687161714050001,7.000000008228087,-6.000000000000012,0.1352351192181106,8.465946166325011e-08,0.0,-0.13235871653105857,-6.577982603062082e-07,0.0,0.0,70.0,255.0,255.0,255.0
2067,103.35000000000001,-0.060275292285591114,7.000000011704239,-6.000000000000012,0.12858348570496836,2.3961970185837345e-08,0.0,-0.13369334535539568,-1.7385660910917977e-06,0.0,0.0,70.0,255.0,255.0,255.0
2068,103.4,-0.05401326857000317,7.000000010624284,-6.000000000000012,0.12186578468257103,-8.919714744592966e-08,0.0,-0.1349223378608863,-2.5105881817921727e-06,0.0,0.0,70.0,255.0,255.0,255.0
2069,103.45,-0.04808871381733401,7.000000002784525,-6.000000000000012,0.11509125191887973,-2.2709684799337992e-07,0.0,-0.13588582758071038,-2.4572372581133095e-06,0.0,0.0,70.0,255.0,255.0,255.0
2070,103.5,-0.0425041433781152,6.999999987914599,-6.000000000000012,0.1082772019245,-3.349208732572606e-07,0.0,-0.13640869288746166,-8.885659319446404e-07,0.0,0.0,70.0,255.0,255.0,255.0
2071,103.55000000000001,-0.03726099362488401,6.999999969292437,-6.000000000000012,0.10145038263013356,-3.1595344118784396e-07,0.0,-0.13642078914000572,2.4549354549208147e-06,0.0,0.0,70.0,255.0,255.0,255.0
2072,103.60000000000001,-0.032359105115101844,6.999999956319255,-6.000000000000012,0.09463512301049942,-8.942732776517914e-08,0.0,-0.13611744195135528,6.4884169148626825e-06,0.0,0.0,70.0,255.0,255.0,255.0
2073,103.65,-0.02779748132383407,6.9999999603497045,-6.000000000000012,0.08783863843499803,3.328882502984243e-07,0.0,-0.1358485425181244,9.369643017009821e-06,0.0,0.0,70.0,255.0,255.0,255.0
2074,103.7,-0.02357524127160204,6.99999998960808,-6.000000000000012,0.08105026875868698,8.47536973935803e-07,0.0,-0.13599474819760246,9.170534820412968e-06,0.0,0.0,70.0,255.0,255.0,255.0
2075,103.75,-0.01969245444796537,7.000000045103402,-6.000000000000012,0.07423916361523779,1.249941732339721e-06,0.0,-0.137045222269509,3.316173025069702e-06,0.0,0.0,70.0,255.0,255.0,255.0
2076,103.80000000000001,-0.01615132491007826,7.000000114602253,-6.000000000000012,0.06734574653173608,1.1791542764427732e-06,0.0,-0.13920381455439937,-9.161943737012734e-06,0.0,0.0,70.0,255.0,255.0,255.0
2077,103.85000000000001,-0.012957879794791762,7.0000001630188295,-6.000000000000012,0.06031878215979785,3.337473586384476e-07,0.0,-0.14183502203710513,-2.421510103545188e-05,0.0,0.0,70.0,255.0,255.0,255.0
2078,103.9,-0.010119446694098476,7.000000147976989,-6.000000000000012,0.05316224432802557,-1.2423558271024149e-06,0.0,-0.1438470351901897,-3.496798441915416e-05,0.0,0.0,70.0,255.0,255.0,255.0
2079,103.95,-0.007641655361989205,7.000000038783247,-6.000000000000012,0.04593407864077888,-3.1630510832769687e-06,0.0,-0.14432911902301115,-3.4224902645263455e-05,0.0,0.0,70.0,255.0,255.0,255.0
2080,104.0,-0.0055260388300205875,6.999999831671881,-6.000000000000012,0.038729332425724454,-4.66484609162876e-06,0.0,-0.14283139705560713,-1.2376125724244957e-05,0.0,0.0,70.0,255.0,255.0,255.0
2081,104.05000000000001,-0.003768722119416759,6.999999572298638,-6.000000000000012,0.03165093893521816,-4.4006636557014644e-06,0.0,-0.13912199460029362,3.419283993721933e-05,0.0,0.0,70.0,255.0,255.0,255.0
2082,104.10000000000001,-0.002360944936498771,6.999999391605515,-6.000000000000012,0.024817132965695092,-1.2455620979068271e-06,0.0,-0.1326409314385517,9.03719875822162e-05,0.0,0.0,70.0,255.0,255.0,255.0
2083,104.15,-0.0012870088228472494,6.999999447742428,-6.000000000000012,0.01838684579136299,4.636535102520156e-06,0.0,-0.1227325474903801,0.00013050229465960683,0.0,0.0,70.0,255.0,255.0,255.0
2084,104.2,-0.000522260357362472,6.999999855259025,-6.000000000000012,0.012543878216657083,1.1804667368053856e-05,0.0,-0.10910779668949026,0.00012772907513891596,0.0,0.0,70.0,255.0,255.0,255.0
2085,104.25,-3.262100118154099e-05,7.000000628209165,-6.000000000000012,0.0074760661224139635,1.7409442616411752e-05,0.0,-0.09159506363399693,4.6188329694274444e-05,0.0,0.0,70.0,255.0,255.0,255.0
2086,104.30000000000001,0.00022534625487892444,7.000001596203287,-6.000000000000012,0.003384371853257388,1.64235003374813e-05,0.0,-0.07041543315155897,-0.00012760941627831812,0.0,0.0,70.0,255.0,255.0,255.0
2087,104.35000000000001,0.0003058161841441978,7.000002270559198,-6.000000000000012,0.00043452280725806536,4.64850098857994e-06,0.0,-0.04717122889858995,-0.00033727284867168805,0.0,0.0,70.0,255.0,255.0,255.0
2088,104.4,0.000268798535604731,7.000002061053386,-6.000000000000012,-0.0013327510366016072,-1.7303784529687505e-05,0.0,-0.02457979116532417,-0.00048704119333109475,0.0,0.0,70.0,255.0,255.0,255.0
2089,104.45,0.0001725410804840371,7.0000005401807455,-6.000000000000012,-0.002023456309274352,-4.4055618344529535e-05,0.0,-0.005457689557073206,-0.000476691399242668,0.0,0.0,70.0,255.0,255.0,255.0
2090,104.5,6.645290467729574e-05,6.999997655491551,-6.000000000000012,-0.0018785199923089279,-6.49729244539543e-05,0.0,0.007747409167336004,-0.0001723771938522134,0.0,0.0,70.0,255.0,255.0,255.0
2091,104.55000000000001,-1.531091874685572e-05,6.9999940428883,-6.000000000000012,-0.0012487153925407517,-6.129333772975087e-05,0.0,0.013880603663458946,0.0004762448260642316,0.0,0.0,70.0,255.0,255.0,255.0
2092,104.60000000000001,-5.8418634576779425e-05,6.999991526157778,-6.000000000000012,-0.0004904596259630334,-1.734844184753115e-05,0.0,0.013804728151832441,0.0012587194078150787,0.0,0.0,70.0,255.0,255.0,255.0
2093,104.65,-6.435688134315906e-05,6.999992308044115,-6.000000000000012,0.00013175742264249246,6.4578603051757e-05,0.0,0.009559684179647861,0.0018176624790200435,0.0,0.0,70.0,255.0,255.0,255.0
2094,104.7,-4.524289231253018e-05,6.9999979840180835,-6.000000000000012,0.00046550879200175287,0.0001644178060544732,0.0,0.0036169698361879447,0.0017790365212100312,0.0,0.0,70.0,255.0,255.0,255.0
2095,104.75,-1.7806002142983777e-05,7.000008749824721,-6.000000000000012,0.0004934544062612869,0.00024248225517276012,0.0,-0.0013091651099414604,0.0006433204450928542,0.0,0.0,70.0,255.0,255.0,255.0
2096,104.80000000000001,4.102548313598522e-06,7.000022232243601,-6.000000000000012,0.0003345922810076068,0.00022874985056375863,0.0,-0.003620361455644216,-0.0017773698879786082,0.0,0.0,70.0,255.0,255.0,255.0
2097,104.85000000000001,1.5653225957776904e-05,7.000031624809777,-6.000000000000012,0.0001314182606968653,6.47452663748993e-05,0.0,-0.0036989657600146873,-0.004697604782322173,0.0,0.0,70.0,255.0,255.0,255.0
2098,104.9,1.7244374383285054e-05,7.000028706770238,-6.000000000000012,-3.5304294993861925e-05,-0.0002410106276684587,0.0,-0.002561509655833224,-0.0067836087221273544,0.0,0.0,70.0,255.0,255.0,255.0
2099,104.95,1.2122796458390712e-05,7.00000752374701,-6.000000000000012,-0.0001247327048864571,-0.0006136156058378361,0.0,-0.0009691641466542907,-0.006639454685952728,0.0,0.0,70.0,255.0,255.0,255.0
2100,105.0,4.771103894639343e-06,6.9999673452096545,-6.000000000000012,-0.000132220709659291,-0.0009049560962637315,0.0,0.00035078973396781584,-0.002400904586874475,0.0,0.0,70.0,255.0,255.0,255.0
2101,105.05000000000001,-1.099274507538389e-06,6.999917028137384,-6.000000000000012,-8.965373148967552e-05,-0.0008537060645252836,0.0,0.0009700729283486318,0.006633234725939019,0.0,0.0,70.0,255.0,255.0,255.0
2102,105.10000000000001,-4.194269254328209e-06,6.999881974603202,-6.000000000000012,-3.521341682442781e-05,-0.00024163262366982963,0.0,0.0009911348882263094,0.017531699721384797,0.0,0.0,70.0,255.0,255.0,255.0
2103,105.15,-4.62061618998117e-06,6.999892864875017,-6.000000000000012,9.459757332955432e-06,0.0008994639076131961,0.0,0.0006863544436850355,0.025316772410288735,0.0,0.0,70.0,255.0,255.0,255.0
2104,105.2,-3.2482935210326654e-06,6.999971920993963,-6.000000000000012,3.342202754407574e-05,0.002290044617359044,0.0,0.00025968675042921537,0.025403117886924065,0.0,0.0,70.0,255.0,255.0,255.0
2105,105.25,-1.2784134355735964e-06,7.000121869336753,-6.000000000000012,3.542843237587697e-05,0.0034397756963056025,0.0,-9.399382592980466e-05,0.013798899299999334,0.0,0.0,70.0,255.0,255.0,255.0
2106,105.30000000000001,2.945497165550315e-07,7.000315898563594,-6.000000000000012,2.402264495109527e-05,0.0036699345473589773,0.0,-0.0002599302577503103,-0.011158925658882879,0.0,0.0,70.0,255.0,255.0,255.0
2107,105.35000000000001,1.1238510595359308e-06,7.000488862791489,-6.000000000000012,9.435406600845937e-06,0.0023238831304173146,0.0,-0.00026557379289055076,-0.04666443885819049,0.0,0.0,70.0,255.0,255.0,255.0
2108,105.4,1.2380903766396254e-06,7.0005482868766356,-6.000000000000012,-2.5347343379598044e-06,-0.000996509338460072,0.0,-0.0001839081189069177,-0.08713019420607537,0.0,0.0,70.0,255.0,255.0,255.0
2109,105.45,8.703776257399504e-07,7.000389211857643,-6.000000000000012,-8.955405289845833e-06,-0.006389136290190223,0.0,-6.958285506257067e-05,-0.1264460238543208,0.0,0.0,70.0,255.0,255.0,255.0
2110,105.5,3.42549847655042e-07,6.9999093732476165,-6.000000000000012,-9.493019844216872e-06,-0.013641111723892152,0.0,2.5185569751402704e-05,-0.1587930142908256,0.0,0.0,70.0,255.0,255.0,255.0
2111,105.55000000000001,-7.892435868173685e-08,6.9990251006852535,-6.000000000000012,-6.436848314705562e-06,-0.022268437719272782,0.0,6.96481026526092e-05,-0.18095771857060683,0.0,0.0,70.0,255.0,255.0,255.0
2112,105.60000000000001,-3.0113498381551424e-07,6.997682529475689,-6.000000000000012,-2.5282095789559517e-06,-0.031736883580952835,0.0,7.116028333589328e-05,-0.1935540375294309,0.0,0.0,70.0,255.0,255.0,255.0
2113,105.65,-3.3174531657733204e-07,6.995851412327158,-6.000000000000012,6.791800188837667e-07,-0.04162384147221587,0.0,4.927803194263546e-05,-0.19877156668233198,0.0,0.0,70.0,255.0,255.0,255.0
2114,105.7,-2.3321698192713757e-07,6.993520145328468,-6.000000000000012,2.3995936153075946e-06,-0.05161404024918603,0.0,1.8644669821067657e-05,-0.19912074741110786,0.0,0.0,70.0,255.0,255.0,255.0
2115,105.75,-9.178595504657257e-08,6.99069000830224,-6.000000000000012,2.5436470009905325e-06,-0.06153591621332666,0.0,-6.748453075806064e-06,-0.19765155076090224,0.0,0.0,70.0,255.0,255.0,255.0
2116,105.80000000000001,2.1147718171915707e-08,6.987366553707135,-6.000000000000012,1.7247483077269882e-06,-0.07137919532527626,0.0,-1.8662152860126567e-05,-0.19632730961562928,0.0,0.0,70.0,255.0,255.0,255.0
2117,105.85000000000001,8.068887572612627e-08,6.983552088769712,-6.000000000000012,6.774317149778757e-07,-0.08116864717488959,0.0,-1.9067340453022482e-05,-0.19499819890285153,0.0,0.0,70.0,255.0,255.0,255.0
2118,105.9,8.889088966970328e-08,6.979249688989646,-6.000000000000012,-1.8198573757526012e-07,-0.09087901521556141,0.0,-1.3204008863624238e-05,-0.19314614978753752,0.0,0.0,70.0,255.0,255.0,255.0
2119,105.95,6.249030196860026e-08,6.974464187248156,-6.000000000000012,-6.429691713845481e-07,-0.10048326215364334,0.0,-4.995824221700002e-06,-0.19093914500967202,0.0,0.0,70.0,255.0,255.0,255.0
2120,106.0,2.4593972531248463e-08,6.969201362774282,-6.000000000000012,-6.815681597452603e-07,-0.10997292971652861,0.0,1.8082425518215595e-06,-0.18875183161659592,0.0,0.0,70.0,255.0,255.0,255.0
2121,106.05000000000001,-5.666514005925784e-09,6.963466894276503,-6.000000000000012,-4.6214491620239214e-07,-0.11935844531530293,0.0,5.000508787897079e-06,-0.186813509167294,0.0,0.0,70.0,255.0,255.0,255.0
2122,106.10000000000001,-2.162051908899075e-08,6.957265518242751,-6.000000000000012,-1.8151728095555246e-07,-0.128654280633258,0.0,5.109078476196652e-06,-0.1851041691898203,0.0,0.0,70.0,255.0,255.0,255.0
2123,106.15,-2.3818242101481032e-08,6.950601466213177,-6.000000000000012,4.876293141727307e-08,-0.13786886223428496,0.0,3.538003511861503e-06,-0.1835413633045846,0.0,0.0,70.0,255.0,255.0,255.0
2124,106.2,-1.6744225947263444e-08,6.943478632019323,-6.000000000000012,1.7228307023059786e-07,-0.14700841696371647,0.0,1.3386270657323593e-06,-0.18208677511442062,0.0,0.0,70.0,255.0,255.0,255.0
2125,106.25,-6.589935078421244e-09,6.935900624516806,-6.000000000000012,1.8262563799050902e-07,-0.15607753974572702,0.0,-4.845171314801801e-07,-0.1807020551742866,0.0,0.0,70.0,255.0,255.0,255.0
2126,106.30000000000001,1.5183378517874572e-09,6.92787087804475,-6.000000000000012,1.2383135708257985e-07,-0.16507862248114513,0.0,-1.3398822914617553e-06,-0.17936019217712484,0.0,0.0,70.0,255.0,255.0,255.0
2127,106.35000000000001,5.7932006298367434e-09,6.919392762268691,-6.000000000000012,4.8637408844333505e-08,-0.1740135589634395,0.0,-1.3689734517641235e-06,-0.17806242037474718,0.0,0.0,70.0,255.0,255.0,255.0
2128,106.4,6.382078736220808e-09,6.910469522148406,-6.000000000000012,-1.3065988093832524e-08,-0.18288486451861985,0.0,-9.480051838217658e-07,-0.17681110095644215,0.0,0.0,70.0,255.0,255.0,255.0
2129,106.45,4.486601820453491e-09,6.901104275816829,-6.000000000000012,-4.6163109537843084e-08,-0.19169466905908372,0.0,-3.586840412294294e-07,-0.17559375453259918,0.0,0.0,70.0,255.0,255.0,255.0
2130,106.5,1.7657677824364992e-09,6.891300055242498,-6.000000000000012,-4.8934392216775464e-08,-0.20044423997187977,0.0,1.2982597409915823e-07,-0.17439593836234835,0.0,0.0,70.0,255.0,255.0,255.0
2131,106.55000000000001,-4.068374012240551e-10,6.881059851819641,-6.000000000000012,-3.318051212792726e-08,-0.20913426289531856,0.0,3.5902037794993955e-07,-0.17320623494505583,0.0,0.0,70.0,255.0,255.0,255.0
2132,106.60000000000001,-1.552283430356227e-09,6.870386628952966,-6.000000000000012,-1.3032354421781508e-08,-0.21776486346638535,0.0,3.6681533085984347e-07,-0.1720070817121666,0.0,0.0,70.0,255.0,255.0,255.0
2133,106.65,-1.710072843402206e-09,6.8592833654730025,-6.000000000000012,3.5010209580570906e-09,-0.22633497106653522,0.0,2.540172234255602e-07,-0.17077246130758894,0.0,0.0,70.0,255.0,255.0,255.0
2134,106.7,-1.2021813345505178e-09,6.8477531318463125,-6.000000000000012,1.2369367920774515e-08,-0.23484210959714424,0.0,9.61090991853571e-08,-0.16947871957579963,0.0,0.0,70.0,255.0,255.0,255.0
2135,106.75,-4.731360513247544e-10,6.835799154513288,-6.000000000000012,1.31119308765928e-08,-0.24328284302411518,0.0,-3.478676491645332e-08,-0.16811419137674477,0.0,0.0,70.0,255.0,255.0,255.0
2136,106.80000000000001,1.0901175310876221e-10,6.823424847543901,-6.000000000000012,8.890691429129183e-09,-0.2516535287348187,0.0,-9.619922033800274e-08,-0.1666743552222627,0.0,0.0,70.0,255.0,255.0,255.0
2137,106.85000000000001,4.1593309158816387e-10,6.810633801639806,-6.000000000000012,3.4920088427925245e-09,-0.25995027854634145,0.0,-9.828787167525015e-08,-0.16515102433816153,0.0,0.0,70.0,255.0,255.0,255.0
2138,106.9,4.5821263738801466e-10,6.797429819689267,-6.000000000000012,-9.380957383958329e-10,-0.2681686311686349,0.0,-6.80637098804749e-08,-0.16353812141218782,0.0,0.0,70.0,255.0,255.0,255.0
2139,106.95,3.2212351774858057e-10,6.783816938522943,-6.000000000000012,-3.3143621452549657e-09,-0.27630409068756023,0.0,-2.5752355511999106e-08,-0.16183756763030743,0.0,0.0,70.0,255.0,255.0,255.0
2140,107.0,1.267764228625181e-10,6.769799410620511,-6.000000000000012,-3.5133312895957437e-09,-0.2843523879316656,0.0,9.32108556665497e-09,-0.1600433334263407,0.0,0.0,70.0,255.0,255.0,255.0
2141,107.05000000000001,-2.9209611210993815e-11,6.755381699729776,-6.000000000000012,-2.3822535885894687e-09,-0.2923084240301943,0.0,2.5776503402071472e-08,-0.15816254463247859,0.0,0.0,70.0,255.0,255.0,255.0
2142,107.10000000000001,-1.1144893599642877e-10,6.740568568217491,-6.000000000000012,-9.356809493885962e-10,-0.3001686423949135,0.0,2.633615584115711e-08,-0.15626788853442264,0.0,0.0,70.0,255.0,255.0,255.0
2143,107.15,-1.2277770614985343e-10,6.725364835490285,-6.000000000000012,2.513619955262426e-10,-0.30793521288363657,0.0,1.823761609633948e-08,-0.15447682460472123,0.0,0.0,70.0,255.0,255.0,255.0
2144,107.2,-8.631273644380451e-11,6.709775046929128,-6.000000000000012,8.880806602453519e-10,-0.3156163248553856,0.0,6.90032286263931e-09,-0.15290378379582137,0.0,0.0,70.0,255.0,255.0,255.0
2145,107.25,-3.396964012531824e-11,6.693803203004746,-6.000000000000012,9.413942817901736e-10,-0.3232255912632187,0.0,-2.4975773501666003e-09,-0.15166044694607805,0.0,0.0,70.0,255.0,255.0,255.0
2146,107.30000000000001,7.826691735212856e-12,6.677452487802806,-6.000000000000012,6.383229252286919e-10,-0.3307823695499934,0.0,-6.90679327028313e-09,-0.15078977860216725,0.0,0.0,70.0,255.0,255.0,255.0
2147,107.35000000000001,2.986265239755096e-11,6.660724966049747,-6.000000000000012,2.507149547618605e-10,-0.33830456912343543,0.0,-7.0567516893782385e-09,-0.15017387840119412,0.0,0.0,70.0,255.0,255.0,255.0
2148,107.4,3.289818721139891e-11,6.643622030890462,-6.000000000000012,-6.735224370913201e-11,-0.3457997573901128,0.0,-4.886754504883008e-09,-0.14959644497070101,0.0,0.0,70.0,255.0,255.0,255.0
2149,107.45,2.3127428026637756e-11,6.626144990310736,-6.000000000000012,-2.379604957264403e-10,-0.35326421362050553,0.0,-1.8489359385582181e-09,-0.14883503611340387,0.0,0.0,70.0,255.0,255.0,255.0
2150,107.5,9.10213763875488e-12,6.608295609528412,-6.000000000000012,-2.5224583756495384e-10,-0.3606832610014532,0.0,6.692238340114038e-10,-0.1476788881135782,0.0,0.0,70.0,255.0,255.0,255.0
2151,107.55000000000001,-2.0971557298576314e-12,6.59007666421059,-6.000000000000012,-1.7103811232529992e-10,-0.36803210243186335,0.0,1.8506696790610789e-09,-0.14602454142549348,0.0,0.0,70.0,255.0,255.0,255.0
2152,107.60000000000001,-8.001673593775114e-12,6.571492399285225,-6.000000000000012,-6.717886965884595e-11,-0.37528571514400255,0.0,1.8908509163558603e-09,-0.14396377734815502,0.0,0.0,70.0,255.0,255.0,255.0
2153,107.65,-8.815042695742226e-12,6.55254809269619,-6.000000000000012,1.8046979310286116e-11,-0.38242848016667885,0.0,1.309401923192552e-09,-0.14169105518613279,0.0,0.0,70.0,255.0,255.0,255.0
2154,107.7,-6.196975662746502e-12,6.5332495512685576,-6.000000000000012,6.376132266040926e-11,-0.38945482066261583,0.0,4.954208915935541e-10,-0.1394088456425635,0.0,0.0,70.0,255.0,255.0,255.0
2155,107.75,-2.438910429701299e-12,6.5136026106299285,-6.000000000000012,6.758906846964153e-11,-0.3963693647309352,0.0,-1.793179858790147e-10,-0.13730400059923653,0.0,0.0,70.0,255.0,255.0,255.0
2156,107.80000000000001,5.619311842176521e-13,6.493612614795464,-6.000000000000012,4.582952407250779e-11,-0.4031852207225395,0.0,-4.958854459611808e-10,-0.13548482958878338,0.0,0.0,70.0,255.0,255.0,255.0
2157,107.85000000000001,2.14404197754948e-12,6.473284088557675,-6.000000000000012,1.8000523873523446e-11,-0.40991784768981354,0.0,-5.066519760452011e-10,-0.13396467188000472,0.0,0.0,70.0,255.0,255.0,255.0
2158,107.9,2.3619835715699967e-12,6.452620830026483,-6.000000000000012,-4.835673532012324e-12,-0.41658168791053996,0.0,-3.508531878872035e-10,-0.13272651377240763,0.0,0.0,70.0,255.0,255.0,255.0
2159,107.95,1.6604746243482474e-12,6.431625919766621,-6.000000000000012,-1.708479491519691e-11,-0.4231904990670543,0.0,-1.327476278159999e-10,-0.13174906849577894,0.0,0.0,70.0,255.0,255.0,255.0
2160,108.0,6.535040800503054e-13,6.410301780119777,-6.000000000000012,-1.8110436313612316e-11,-0.42975659476011785,0.0,4.8048109504657514e-11,-0.1310170908409347,0.0,0.0,70.0,255.0,255.0,255.0
2161,108.05000000000001,-1.5056900701298442e-13,6.388650260290609,-6.000000000000012,-1.2279983964731158e-11,-0.4362922081511478,0.0,1.3287210478364563e-10,-0.13049767868089646,0.0,0.0,70.0,255.0,255.0,255.0
2162,108.10000000000001,-5.744943164228105e-13,6.3666725593046625,-6.000000000000012,-4.823225835247752e-12,-0.4428063626282075,0.0,1.3575698782494413e-10,-0.13005762837252632,0.0,0.0,70.0,255.0,255.0,255.0
2163,108.15,-6.328915905377597e-13,6.344369624027788,-6.000000000000012,1.2957148177632558e-12,-0.4492979709884004,0.0,9.401082835626115e-11,-0.12948027900261394,0.0,0.0,70.0,255.0,255.0,255.0
2164,108.2,-4.4492283464648493e-13,6.321742762205822,-6.000000000000012,4.577857000378364e-12,-0.4557543905284689,0.0,3.556961967044444e-11,-0.12854313212216084,0.0,0.0,70.0,255.0,255.0,255.0
2165,108.25,-1.7510589049992326e-13,6.298794184974941,-6.000000000000012,4.8526767848077e-12,-0.4621522842006165,0.0,-1.2874452139615128e-11,-0.12703565468354938,0.0,0.0,70.0,255.0,255.0,255.0
2166,108.30000000000001,4.0344843834285094e-14,6.275527533785761,-6.000000000000012,3.290411786416851e-12,-0.4684579559968238,0.0,-3.5602973173401376e-11,-0.12486963051330235,0.0,0.0,70.0,255.0,255.0,255.0
2167,108.35000000000001,1.5393528814176183e-13,6.251948389375259,-6.000000000000012,1.2923794674675624e-12,-0.4746392472519467,0.0,-3.637597525457554e-11,-0.12221283327900068,0.0,0.0,70.0,255.0,255.0,255.0
2168,108.4,1.6958279058104135e-13,6.228063609060566,-6.000000000000012,-3.471857390407029e-13,-0.4806792393247239,0.0,-2.5190125537841058e-11,-0.11938686905166307,0.0,0.0,70.0,255.0,255.0,255.0
2169,108.45,1.1921671423769153e-13,6.203880465442786,-6.000000000000012,-1.2266330863165436e-12,-0.48657793415711303,0.0,-9.530850865777772e-12,-0.11673015126643094,0.0,0.0,70.0,255.0,255.0,255.0
2170,108.5,4.691948194938697e-14,6.179405815644855,-6.000000000000012,-1.3002708256184802e-12,-0.492352254451367,0.0,3.449699053803011e-12,-0.11456429974785465,0.0,0.0,70.0,255.0,255.0,255.0
2171,108.55000000000001,-1.0810368324156488e-14,6.15464523999765,-6.000000000000012,-8.816631809362425e-13,-0.4980343641318985,0.0,9.539787909959827e-12,-0.11305708597992847,0.0,0.0,70.0,255.0,255.0,255.0
2172,108.60000000000001,-4.124683614423729e-14,6.129602379231665,-6.000000000000012,-3.462920346224975e-13,-0.5036579630493598,0.0,9.746913193358018e-12,-0.11212022266189337,0.0,0.0,70.0,255.0,255.0,255.0
2173,108.65,-4.5439571786406237e-14,6.104279443692714,-6.000000000000012,9.30281383995595e-14,-0.5092463863980878,0.0,6.749673795103111e-12,-0.11154306064140584,0.0,0.0,70.0,255.0,255.0,255.0
2174,108.7,-3.1944022304281337e-14,6.078677740591856,-6.000000000000012,3.286753448878137e-13,-0.5148122691135004,0.0,2.5537837926666115e-12,-0.11110297609739916,0.0,0.0,70.0,255.0,255.0,255.0
2175,108.75,-1.2572037297624866e-14,6.052798216781364,-6.000000000000012,3.4840651766622067e-13,-0.5203566840078278,0.0,-9.243440755969273e-13,-0.11058313700003097,0.0,0.0,70.0,255.0,255.0,255.0
2176,108.80000000000001,2.8966294623407333e-15,6.026642072191073,-6.000000000000012,2.3624093732812096e-13,-0.5258705828135035,0.0,-2.5561784664379214e-12,-0.10985027731624797,0.0,0.0,70.0,255.0,255.0,255.0
2177,108.85000000000001,1.1052056435187232e-14,6.000211158500013,-6.000000000000012,9.27886710224285e-14,-0.5313417117394525,0.0,-2.611677518856537e-12,-0.10887177724034913,0.0,0.0,70.0,255.0,255.0,255.0
2178,108.9,1.2175496564583583e-14,5.973507901017128,-6.000000000000012,-2.4926814557532752e-14,-0.5367577605375384,0.0,-1.8085696425713888e-12,-0.10763286973496378,0.0,0.0,70.0,255.0,255.0,255.0
2179,108.95,8.559374979433957e-15,5.9465353824462595,-6.000000000000012,-8.80682932347104e-14,-0.5421049987129489,0.0,-6.842843048887074e-13,-0.10611276951753013,0.0,0.0,70.0,255.0,255.0,255.0
2180,109.0,3.3686672411125417e-15,5.919297401145833,-6.000000000000012,-9.33552450464035e-14,-0.5473690374892914,0.0,2.4767724858468876e-13,-0.10429513360330489,0.0,0.0,70.0,255.0,255.0,255.0
2181,109.05000000000001,-7.76149525206393e-16,5.89179847869733,-6.000000000000012,-6.330056837624152e-14,-0.5525345120732794,0.0,6.849259557918661e-13,-0.10219355300824517,0.0,0.0,70.0,255.0,255.0,255.0
2182,109.10000000000001,-2.9613895965116104e-15,5.864043949938505,-6.000000000000012,-2.486264946721688e-14,-0.557588392790116,0.0,6.997968820681275e-13,-0.09991527910004905,0.0,0.0,70.0,255.0,255.0,255.0
2183,109.15,-3.262414471928081e-15,5.836039639418319,-6.000000000000012,6.6791198305712224e-15,-0.5625260399832843,0.0,4.846047751824485e-13,-0.09764536717824512,0.0,0.0,70.0,255.0,255.0,255.0
2184,109.2,-2.293477613454488e-15,5.807791345940177,-6.000000000000012,2.3597828051027965e-14,-0.5673529295079405,0.0,1.8335342688822173e-13,-0.09558440736956442,0.0,0.0,70.0,255.0,255.0,255.0
2185,109.25,-9.026316668252842e-16,5.779304346467525,-6.000000000000012,2.5014462519393398e-14,-0.5720844807202408,0.0,-6.636491874182984e-14,-0.09392434723380916,0.0,0.0,70.0,255.0,255.0,255.0
2186,109.30000000000001,2.0796863848485192e-16,5.750582897868153,-6.000000000000012,1.696133617684498e-14,-0.5767453642313214,0.0,-1.8352535672954546e-13,-0.09275602347313949,0.0,0.0,70.0,255.0,255.0,255.0
2187,109.35000000000001,7.935019508592139e-16,5.7216298100443925,-6.000000000000012,6.661926846438849e-15,-0.5813600830675547,0.0,-1.875100094159723e-13,-0.09197992687361989,0.0,0.0,70.0,255.0,255.0,255.0
2188,109.4,8.741613231287368e-16,5.692446889561397,-6.000000000000012,-1.789664764752252e-15,-0.5859433569186834,0.0,-1.2984945815840285e-13,-0.09139200187773255,0.0,0.0,70.0,255.0,255.0,255.0
2189,109.45,6.145354743839887e-16,5.663035474352524,-6.000000000000012,-6.323018969401437e-15,-0.590499283255328,0.0,-4.9129402664177963e-14,-0.09077682710980639,0.0,0.0,70.0,255.0,255.0,255.0
2190,109.5,2.4185942618859305e-16,5.6333969612358645,-6.000000000000012,-6.702605031170048e-15,-0.595021039629664,0.0,1.7782426382630393e-14,-0.08992747745999452,0.0,0.0,70.0,255.0,255.0,255.0
2191,109.55000000000001,-5.572502873301615e-17,5.603533370389558,-6.000000000000012,-4.544776331138398e-15,-0.5994920310013274,0.0,4.917547112631544e-14,-0.08872957920811331,0.0,0.0,70.0,255.0,255.0,255.0
2192,109.60000000000001,-2.126182069252467e-16,5.573447758135732,-6.000000000000012,-1.7850579185385045e-15,-0.6038939975504753,0.0,5.024315559576199e-14,-0.08721135373344069,0.0,0.0,70.0,255.0,255.0,255.0
2193,109.65,-2.342308205868666e-16,5.54314397063451,-6.000000000000012,4.795392284378013e-16,-0.6082131663746715,0.0,3.479305745116289e-14,-0.08545944582305509,0.0,0.0,70.0,255.0,255.0,255.0
2194,109.7,-1.6466428408146657e-16,5.512626441498265,-6.000000000000012,1.6942478265777846e-15,-0.6124399421327809,0.0,1.3164183768489926e-14,-0.08356208372433116,0.0,0.0,70.0,255.0,255.0,255.0
2195,109.75,-6.480603792908815e-17,5.481899976421232,-6.000000000000012,1.795957605286794e-15,-0.6165693747471046,0.0,-4.764786788691707e-15,-0.08160173360103329,0.0,0.0,70.0,255.0,255.0,255.0
2196,109.80000000000001,1.4931476447212853e-17,5.450969504023554,-6.000000000000012,1.2177691477086139e-15,-0.6206001154928842,0.0,-1.3176527775716215e-14,-0.07963792076690623,0.0,0.0,70.0,255.0,255.0,255.0
2197,109.85000000000001,5.697087684177323e-17,5.419839964871944,-6.000000000000012,4.783048277151725e-16,-0.6245331668237952,0.0,-1.3462612967075667e-14,-0.07773279339202688,0.0,0.0,70.0,255.0,255.0,255.0
2198,109.9,6.276195921873011e-17,5.388516187341175,-6.000000000000012,-1.2849214899895297e-16,-0.6283733948320869,0.0,-9.322771646248745e-15,-0.07597375795427297,0.0,0.0,70.0,255.0,255.0,255.0
2199,109.95,4.412166194187794e-17,5.357002625388735,-6.000000000000012,-4.539723369097021e-16,-0.6321305426192225,0.0,-3.5273324097817644e-15,-0.07445381235120507,0.0,0.0,70.0,255.0,255.0,255.0
2200,110.0,1.736472552775989e-17,5.325303133079252,-6.000000000000012,-4.812253899771294e-16,-0.6358187760672074,0.0,1.2767207721364239e-15,-0.07326558813396389,0.0,0.0,70.0,255.0,255.0,255.0
2201,110.05000000000001,-4.000877055835008e-18,5.293420747782014,-6.000000000000012,-3.2630025969605973e-16,-0.6394571014326189,0.0,3.5306399765494156e-15,-0.07243976336583913,0.0,0.0,70.0,255.0,255.0,255.0
2202,110.10000000000001,-1.5265300441846085e-17,5.2613574229359905,-6.000000000000012,-1.281613923221878e-16,-0.6430627524037913,0.0,3.607296272540687e-15,-0.07185392957698156,0.0,0.0,70.0,255.0,255.0,255.0
2203,110.15,-1.681701628805379e-17,5.229114472541635,-6.000000000000012,3.442936755800894e-17,-0.6466424943903171,0.0,2.4980291338321205e-15,-0.07128738716222216,0.0,0.0,70.0,255.0,255.0,255.0
2204,110.2,-1.1822363686045191e-17,5.196693173496959,-6.000000000000012,1.2164152106102427e-16,-0.6501914911200135,0.0,9.451458706371493e-16,-0.07051040579710843,0.0,0.0,70.0,255.0,255.0,255.0
2205,110.25,-4.652864181951362e-18,5.164095323429634,-6.000000000000012,1.2894395462172387e-16,-0.6536935349700279,0.0,-3.420962998539946e-16,-0.0692999231851843,0.0,0.0,70.0,255.0,255.0,255.0
2206,110.30000000000001,1.072031776127198e-18,5.131323819999956,-6.000000000000012,8.74318910756248e-17,-0.6571214834385319,0.0,-9.460321304814538e-16,-0.06754922623688486,0.0,0.0,70.0,255.0,255.0,255.0
2207,110.35000000000001,4.090324925611118e-18,5.098383175085781,-6.000000000000012,3.4340741573578494e-17,-0.6604484575937164,0.0,-9.665721230870757e-16,-0.06537866778923984,0.0,0.0,70.0,255.0,255.0,255.0
2208,110.4,4.506105933485048e-18,5.065278974240584,-6.000000000000012,-9.22532123308278e-18,-0.6636593502174559,0.0,-6.693448890797333e-16,-0.06303035307073657,0.0,0.0,70.0,255.0,255.0,255.0
2209,110.45,3.1677928023028403e-18,5.032017240064035,-6.000000000000012,-3.2593747334394843e-17,-0.66675149290079,0.0,-2.532510727668347e-16,-0.06075733835197994,0.0,0.0,70.0,255.0,255.0,255.0
2210,110.5,1.2467312000455629e-18,4.998603824950505,-6.000000000000012,-3.455042850976625e-17,-0.6697350840526539,0.0,9.166442727955295e-17,-0.058814719123923,0.0,0.0,70.0,255.0,255.0,255.0
2211,110.55000000000001,-2.8725004867378554e-19,4.96504373165877,-6.000000000000012,-2.3427304606439548e-17,-0.6726329648131824,0.0,2.534885453764001e-16,-0.05733610558005253,0.0,0.0,70.0,255.0,255.0,255.0
2212,110.60000000000001,-1.0959992605983919e-18,4.931340528469187,-6.000000000000012,-9.201573972126237e-18,-0.6754686946106592,0.0,2.589922198076177e-16,-0.05622505894145036,0.0,0.0,70.0,255.0,255.0,255.0
2213,110.65,-1.2074074458864093e-18,4.897496862197704,-6.000000000000012,2.4719173743222272e-18,-0.6782554707073274,0.0,1.7935042248681396e-16,-0.05527838004226737,0.0,0.0,70.0,255.0,255.0,255.0
2214,110.7,-8.4880752316616915e-19,4.863514981398454,-6.000000000000012,8.733468276555159e-18,-0.6809965326148859,0.0,6.785842043018875e-17,-0.05429315454623662,0.0,0.0,70.0,255.0,255.0,255.0
2215,110.75,-3.340606182308934e-19,4.829397208936215,-6.000000000000012,9.257759417341103e-18,-0.683684786161951,0.0,-2.456140926421759e-17,-0.053057237614240194,0.0,0.0,70.0,255.0,255.0,255.0
2216,110.80000000000001,7.696841856794131e-20,4.795146502782259,-6.000000000000012,6.2773273501334e-18,-0.6863022563763099,0.0,-6.792205102414636e-17,-0.0514602908380013,0.0,0.0,70.0,255.0,255.0,255.0
2217,110.85000000000001,2.936721167824466e-19,4.760766983298584,-6.000000000000012,2.4655543149264663e-18,-0.6888308152457512,0.0,-6.9396756143395e-17,-0.049604732809438445,0.0,0.0,70.0,255.0,255.0,255.0
2218,110.9,3.2352385006058797e-19,4.726263421257684,-6.000000000000012,-6.623482642061002e-19,-0.6912627296572538,0.0,-4.805680086752251e-17,-0.047691651235837185,0.0,0.0,70.0,255.0,255.0,255.0
2219,110.95,2.274372903618366e-19,4.691640710332859,-6.000000000000012,-2.340125771825785e-18,-0.6935999803693349,0.0,-1.8182608953920703e-17,-0.04591041642187932,0.0,0.0,70.0,255.0,255.0,255.0
2220,111.0,8.951127287800947e-20,4.656903423220751,-6.000000000000012,-2.4806091595981706e-18,-0.6958537712994417,0.0,6.581209777317414e-18,-0.044444255825659695,0.0,0.0,70.0,255.0,255.0,255.0
2221,111.05000000000001,-2.0623625597980474e-20,4.622055333202915,-6.000000000000012,-1.6820047940940436e-18,-0.6980444059519009,0.0,1.819965872018554e-17,-0.0433831040301591,0.0,0.0,70.0,255.0,255.0,255.0
2222,111.10000000000001,-7.868920653139489e-20,4.587098982625561,-6.000000000000012,-6.606432875796165e-19,-0.7001920817024576,0.0,1.859480476596224e-17,-0.042631534297576934,0.0,0.0,70.0,255.0,255.0,255.0
2223,111.15,-8.668795435594212e-20,4.552036125032669,-6.000000000000012,1.7747568250218037e-19,-0.7023075593816586,0.0,1.2876780983275929e-17,-0.04199865137772818,0.0,0.0,70.0,255.0,255.0,255.0
2224,111.2,-6.094163828117685e-20,4.516868226687395,-6.000000000000012,6.270348107479765e-19,-0.7043919468402304,0.0,4.872015385493953e-18,-0.041292405872361826,0.0,0.0,70.0,255.0,255.0,255.0
2225,111.25,-2.3984473281144475e-20,4.481596930348646,-6.000000000000012,6.646772210515757e-19,-0.7064367999688947,0.0,-1.7634298450520082e-18,-0.040329748405554255,0.0,0.0,70.0,255.0,255.0,255.0
2226,111.30000000000001,5.526083823980711e-21,4.446224546690505,-6.000000000000012,4.506918262427757e-19,-0.7084249216807859,0.0,-4.876583856595756e-18,-0.03901400632893015,0.0,0.0,70.0,255.0,255.0,255.0
2227,111.35000000000001,2.1084709343133094e-20,4.410754438180567,-6.000000000000012,1.77018835392e-19,-0.7103382006017878,0.0,-4.982462920453973e-18,-0.03739453792759306,0.0,0.0,70.0,255.0,255.0,255.0
2228,111.4,2.3227967363180713e-20,4.3751907266303265,-6.000000000000012,-4.755446580262167e-20,-0.7121643754735452,0.0,-3.450323065581221e-18,-0.035588335328462506,0.0,0.0,70.0,255.0,255.0,255.0
2229,111.45,1.6329262762870927e-20,4.339538000633213,-6.000000000000012,-1.6801347116612208e-19,-0.713897034134634,0.0,-1.3054525880551077e-18,-0.03371996008718625,0.0,0.0,70.0,255.0,255.0,255.0
2230,111.5,6.426620246568504e-21,4.303801023216863,-6.000000000000012,-1.7809972460813244e-19,-0.7155363714822638,0.0,4.725096028906245e-19,-0.03192476919853249,0.0,0.0,70.0,255.0,255.0,255.0
2231,111.55000000000001,-1.4807096979423195e-21,4.267984363484986,-6.000000000000012,-1.2076251087705962e-19,-0.7170895110544873,0.0,1.3066767061974817e-18,-0.030279845014291595,0.0,0.0,70.0,255.0,255.0,255.0
2232,111.60000000000001,-5.649630841137458e-21,4.232092072111414,-6.000000000000012,-4.743205398838428e-20,-0.718564355983693,0.0,1.3350469158536548e-18,-0.02874844919187325,0.0,0.0,70.0,255.0,255.0,255.0
2233,111.65,-6.223915096780747e-21,4.196127927886617,-6.000000000000012,1.2742180708305877e-20,-0.7199643559736746,0.0,9.24511279048964e-19,-0.02725155043181715,0.0,0.0,70.0,255.0,255.0,255.0
2234,111.7,-4.3754127703068705e-21,4.160095636514047,-6.000000000000012,4.501907391651213e-20,-0.7212895110268747,0.0,3.497949667264858e-19,-0.02572015470958533,0.0,0.0,70.0,255.0,255.0,255.0
2235,111.75,-1.722007705129534e-21,4.12399897678393,-6.000000000000012,4.772167738095446e-20,-0.7225363714446331,0.0,-1.266085665104933e-19,-0.024075230743658693,0.0,0.0,70.0,255.0,255.0,255.0
2236,111.80000000000001,3.967549677885754e-22,4.087841999369584,-6.000000000000012,3.23582172654628e-20,-0.7236970341012405,0.0,-3.501229681941747e-19,-0.022280040188604744,0.0,0.0,70.0,255.0,255.0,255.0
2237,111.85000000000001,1.5138140214167456e-21,4.0516292733738055,-6.000000000000012,1.2709380561536984e-20,-0.7247643754634936,0.0,-3.577247429606478e-19,-0.020411665306063753,0.0,0.0,70.0,255.0,255.0,255.0
2238,111.9,1.667693023942274e-21,4.015365561823234,-6.000000000000012,-3.414257030601985e-21,-0.7257382006318469,0.0,-2.477220506146343e-19,-0.01860546294425447,0.0,0.0,70.0,255.0,255.0,255.0
2239,111.95,1.1723883183565471e-21,3.979055453310621,-6.000000000000012,-1.2062824499926448e-20,-0.726624921757919,0.0,-9.372727885083335e-20,-0.016985994499174595,0.0,0.0,70.0,255.0,255.0,255.0
2240,112.0,4.614105739496291e-22,3.9427030696474423,-6.000000000000012,-1.2786984915685322e-20,-0.7274368000817644,0.0,3.3924663151348817e-20,-0.015670251881871877,0.0,0.0,70.0,255.0,255.0,255.0
2241,112.05000000000001,-1.0631017321198518e-22,3.9063117733024444,-6.000000000000012,-8.670358184791566e-21,-0.7281919469461062,0.0,9.381516657921682e-20,-0.014707593300222754,0.0,0.0,70.0,255.0,255.0,255.0
2242,112.10000000000001,-4.056252445295274e-22,3.8698838749528317,-6.000000000000012,-3.4054682577636404e-21,-0.7289075594117866,0.0,9.585205598893653e-20,-0.014001346461434139,0.0,0.0,70.0,255.0,255.0,255.0
2243,112.15,-4.468569989883492e-22,3.8334210173612657,-6.000000000000012,9.148474141020883e-22,-0.7295920815922496,0.0,6.637692340957293e-20,-0.013368462593588148,0.0,0.0,70.0,255.0,255.0,255.0
2244,112.2,-3.1414050311931857e-22,3.7969246667936067,-6.000000000000012,3.2322240831936526e-21,-0.7302444056711455,0.0,2.5114148676847395e-20,-0.012616892933126067,0.0,0.0,70.0,255.0,255.0,255.0
2245,112.25,-1.2363459066898395e-22,3.760396576794151,-6.000000000000012,3.426262281786828e-21,-0.7308537708855622,0.0,-9.090086094901779e-21,-0.011555743078872638,0.0,0.0,70.0,255.0,255.0,255.0
2246,112.30000000000001,2.8485725059364217e-23,3.7238392897050505,-6.000000000000012,2.3232154737034746e-21,-0.7313999799790327,0.0,-2.5137698122692384e-20,-0.010089586611794488,0.0,0.0,70.0,255.0,255.0,255.0
2247,112.35000000000001,1.0868695670136355e-22,3.687256578796248,-6.000000000000012,9.124924695175896e-22,-0.7318627295467417,0.0,-2.5683480995098292e-20,-0.00830835677545494,0.0,0.0,70.0,255.0,255.0,255.0
2248,112.4,1.1973497201112317e-22,3.6506530167503763,-6.000000000000012,-2.4513262580635476e-22,-0.7322308156565782,0.0,-1.778564302365754e-20,-0.006395278756299305,0.0,0.0,70.0,255.0,255.0,255.0
2249,112.45,8.417369412072808e-23,3.61403349723059,-6.000000000000012,-8.660718328481646e-22,-0.7325022574223716,0.0,-6.729315856556418e-21,-0.004539720479979081,0.0,0.0,70.0,255.0,255.0,255.0
2250,112.5,3.3127788726306697e-23,3.577402791008139,-6.000000000000012,-9.180642114619967e-22,-0.7326847877045761,0.0,2.4356812282583028e-21,-0.002942766476987657,0.0,0.0,70.0,255.0,255.0,255.0
2251,112.55000000000001,-7.6327270254716e-24,3.5407650184601325,-6.000000000000012,-6.225037100223343e-22,-0.7327965340700704,0.0,6.735625911552774e-21,-0.001706834146553149,0.0,0.0,70.0,255.0,255.0,255.0
2252,112.60000000000001,-2.9122582275926734e-23,3.504123137601132,-6.000000000000012,-2.445016203067192e-22,-0.7328554711192314,0.0,6.881867991456675e-21,-0.0007215900748480664,0.0,0.0,70.0,255.0,255.0,255.0
2253,112.65,-3.2082889056143525e-23,3.4674794713482093,-6.000000000000012,6.568308912333323e-23,-0.7328686930775552,0.0,4.7656486850572724e-21,0.00022510209372050838,0.0,0.0,70.0,255.0,255.0,255.0
2254,112.7,-2.255427336359341e-23,3.4308362682933766,-6.000000000000012,2.320632481990081e-22,-0.7328329609098594,0.0,1.8031147493782416e-21,0.0013361478149676032,0.0,0.0,70.0,255.0,255.0,255.0
2255,112.75,-8.876564236242715e-24,3.3941961752572234,-6.000000000000012,2.459945640611574e-22,-0.7327350782960584,0.0,-6.526388181314591e-22,0.002814734396627827,0.0,0.0,70.0,255.0,255.0,255.0
2256,112.80000000000001,2.0451830425223314e-24,3.357562760463771,-6.000000000000012,1.6679936638586217e-22,-0.7325514874701966,0.0,-1.8048055235187113e-21,0.00475729615678766,0.0,0.0,70.0,255.0,255.0,255.0
2257,112.85000000000001,7.8033724023435e-24,3.3209410265102037,-6.000000000000012,6.551401170928629e-23,-0.7322593486803797,0.0,-1.8439909707284086e-21,0.0070302415485556935,0.0,0.0,70.0,255.0,255.0,255.0
2258,112.9,8.59658421345096e-24,3.284336825595733,-6.000000000000012,-1.7599730686978687e-23,-0.731848463315341,0.0,-1.2769517165715368e-21,0.00937850674533891,0.0,0.0,70.0,255.0,255.0,255.0
2259,112.95,6.0433993336456314e-24,3.2477561801786696,-6.000000000000012,-6.218115994786738e-23,-0.7313214980058458,0.0,-4.831431409565448e-22,0.011549068615801517,0.0,0.0,70.0,255.0,255.0,255.0
2260,113.0,2.3784682186642214e-24,3.2112046757951482,-6.000000000000012,-6.591404478263316e-23,-0.7306935564537609,0.0,1.748740442675266e-22,0.013299866188010157,0.0,0.0,70.0,255.0,255.0,255.0
2261,113.05000000000001,-5.480051446176847e-25,3.1746868245332935,-6.000000000000012,-4.4693755521114725e-23,-0.7299915113870448,0.0,4.835961825220678e-22,0.01451056327073097,0.0,0.0,70.0,255.0,255.0,255.0
2262,113.10000000000001,-2.090907333447251e-24,3.1382055246564438,-6.000000000000012,-1.7554426530426382e-23,-0.7292425001266878,0.0,4.940958914569591e-22,0.015287803365859887,0.0,0.0,70.0,255.0,255.0,255.0
2263,113.15,-2.3034477976603233e-24,3.1017625745206248,-6.000000000000012,4.715833624581188e-24,-0.7284627310504588,0.0,3.421581812288792e-22,0.01585453059878006,0.0,0.0,70.0,255.0,255.0,255.0
2264,113.2,-1.6193239709891322e-24,3.065359251551398,-6.000000000000012,1.6661391592461543e-23,-0.7276570470668098,0.0,1.2945781444794228e-22,0.01644035161625368,0.0,0.0,70.0,255.0,255.0,255.0
2265,113.25,-6.373086384141688e-25,3.028996869813944,-6.000000000000012,1.7661615069375418e-23,-0.7268186958888334,0.0,-4.685735893864819e-23,0.01726580085268381,0.0,0.0,70.0,255.0,255.0,255.0
2266,113.30000000000001,1.4683753594840977e-25,2.9926773819625145,-6.000000000000012,1.1975655698596724e-23,-0.7259304669815414,0.0,-1.2957920656956195e-22,0.018453224652104083,0.0,0.0,70.0,255.0,255.0,255.0
2267,113.35000000000001,5.602569314455036e-25,2.9564038231157896,-6.000000000000012,4.7036944124192235e-24,-0.724973373423623,0.0,-1.3239259509942789e-22,0.01997220465979055,0.0,0.0,70.0,255.0,255.0,255.0
2268,113.4,6.172069771903321e-25,2.9201800446201522,-6.000000000000012,-1.2636038113460654e-24,-0.7239332465155623,0.0,-9.16810083439799e-23,0.02173055034639937,0.0,0.0,70.0,255.0,255.0,255.0
2269,113.45,4.338965503108971e-25,2.8840104984642334,-6.000000000000012,-4.4644064219787675e-24,-0.7228003183889831,0.0,-3.468811683522426e-23,0.02363572538737202,0.0,0.0,70.0,255.0,255.0,255.0
2270,113.5,1.7076633499245528e-25,2.847900012781254,-6.000000000000012,-4.732415494868491e-24,-0.7215696739768251,0.0,1.2555391487066011e-23,0.025600939726633243,0.0,0.0,70.0,255.0,255.0,255.0
2271,113.55000000000001,-3.934499917595203e-26,2.811853531066551,-6.000000000000012,-3.2088672732721664e-24,-0.7202402244163197,0.0,3.4720643756179736e-23,0.027564277047176233,0.0,0.0,70.0,255.0,255.0,255.0
2272,113.60000000000001,-1.5012039233476137e-25,2.775875990339622,-6.000000000000012,-1.2603511192505177e-24,-0.7188132462721075,0.0,3.547448894075231e-23,0.02946524279523466,0.0,0.0,70.0,255.0,255.0,255.0
2273,113.65,-1.653801111010038e-25,2.73997220643934,-6.000000000000012,3.38581620803065e-25,-0.7172937001367963,0.0,2.4565852147040464e-23,0.0312197248918622,0.0,0.0,70.0,255.0,255.0,255.0
2274,113.7,-1.1626223025445488e-25,2.7041466203259423,-6.000000000000012,1.196234095453529e-24,-0.7156912737829213,0.0,9.294652892954793e-24,0.032737772477098304,0.0,0.0,70.0,255.0,255.0,255.0
2275,113.75,-4.57567015556509e-26,2.668403079061048,-6.000000000000012,1.2680469100985443e-24,-0.7140199228890864,0.0,-3.364207009615938e-24,0.0339304402422691,0.0,0.0,70.0,255.0,255.0,255.0
2276,113.80000000000001,1.0542460755399573e-26,2.6327446280370337,-6.000000000000012,8.598133944919352e-25,-0.7122982297586944,0.0,-9.30336845515707e-24,0.03476864151661374,0.0,0.0,70.0,255.0,255.0,255.0
2277,113.85000000000001,4.022463789354262e-26,2.5971732560851786,-6.000000000000012,3.3771006458283728e-25,-0.7105430587374251,0.0,-9.505360663581372e-24,0.03537036728094023,0.0,0.0,70.0,255.0,255.0,255.0
2278,113.9,4.4313467213683304e-26,2.561690322163291,-6.000000000000012,-9.072267186620212e-26,-0.7087611930306004,0.0,-6.582400244181848e-24,0.03594868528424833,0.0,0.0,70.0,255.0,255.0,255.0
2279,113.95,3.115237070692241e-26,2.5262971367821185,-6.000000000000012,-3.205299598353475e-25,-0.7069481902090002,0.0,-2.4904947365948317e-24,0.03672544577861814,0.0,0.0,70.0,255.0,255.0,255.0
2280,114.0,1.226047123014855e-26,2.490995503142391,-6.000000000000012,-3.397721455256853e-25,-0.7050886484527386,0.0,9.014365513977118e-25,0.03791328998183907,0.0,0.0,70.0,255.0,255.0,255.0
2281,114.05000000000001,-2.8248438456461252e-27,2.4557882719368447,-6.000000000000012,-2.3038630469557633e-25,-0.7031568612108163,0.0,2.492830064448518e-24,0.03961495641844337,0.0,0.0,70.0,255.0,255.0,255.0
2282,114.10000000000001,-1.0778159239409086e-26,2.4206798170213095,-6.000000000000012,-9.048913908083348e-26,-0.7011271528108942,0.0,2.5469537135731895e-24,0.04172610859183301,0.0,0.0,70.0,255.0,255.0,255.0
2283,114.15,-1.1873757753729475e-26,2.3856755566557553,-6.000000000000012,2.4309066661742635e-26,-0.698984250351633,0.0,1.7637488296869503e-24,0.04403187429762312,0.0,0.0,70.0,255.0,255.0,255.0
2284,114.2,-8.347252573234823e-27,2.350781391986146,-6.000000000000012,8.588574388786156e-26,-0.6967239653811319,0.0,6.673260534245465e-25,0.04630767051772011,0.0,0.0,70.0,255.0,255.0,255.0
2285,114.25,-3.2851833649433184e-27,2.316003160117642,-6.000000000000012,9.104167200419729e-26,-0.694353483299861,0.0,-2.415391959749129e-25,0.04833639983181648,0.0,0.0,70.0,255.0,255.0,255.0
2286,114.30000000000001,7.569146271849055e-28,2.28134604365616,-6.000000000000012,6.173182429037026e-26,-0.6918903253979503,0.0,-6.6795180263700395e-25,0.04999875891531502,0.0,0.0,70.0,255.0,255.0,255.0
2287,114.35000000000001,2.8879990640937078e-27,2.246814127577847,-6.000000000000012,2.4246491740496887e-26,-0.6893536074083295,0.0,-6.824541907113854e-25,0.051331538676180344,0.0,0.0,70.0,255.0,255.0,255.0
2288,114.4,3.1815638012345943e-27,2.212410682915327,-6.000000000000012,-6.513594780768272e-27,-0.6867571715303322,0.0,-4.725950745659563e-25,0.05243663803815579,0.0,0.0,70.0,255.0,255.0,255.0
2289,114.45,2.2366395860168807e-27,2.178138410424814,-6.000000000000012,-2.3013015716098746e-26,-0.6841099436045139,0.0,-1.788094771033553e-25,0.05341767168625111,0.0,0.0,70.0,255.0,255.0,255.0
2290,114.5,8.802622296247198e-28,2.1439996885548758,-6.000000000000012,-2.4394542491103804e-26,-0.6814154043617071,0.0,6.472023250194077e-26,0.054377101368086045,0.0,0.0,70.0,255.0,255.0,255.0
2291,114.55000000000001,-2.028146630935e-28,2.109996869988643,-6.000000000000012,-1.654099246590467e-26,-0.6786722334677053,0.0,1.789771460994978e-25,0.05538226899091114,0.0,0.0,70.0,255.0,255.0,255.0
2292,114.60000000000001,-7.738370169657472e-28,2.0761324652081052,-6.000000000000012,-6.496827881154024e-27,-0.675877177462616,0.0,1.8286304927235108e-25,0.05646587189991337,0.0,0.0,70.0,255.0,255.0,255.0
2293,114.65,-8.524974512089024e-28,2.0424091522423815,-6.000000000000012,1.7453124613304385e-27,-0.673025646277714,0.0,1.2663146857687415e-25,0.05766511667366636,0.0,0.0,70.0,255.0,255.0,255.0
2294,114.7,-5.993057708327034e-28,2.008829900580334,-6.000000000000012,6.166318976533392e-27,-0.6701106657952494,0.0,4.7911854988875314e-26,0.05902733038478658,0.0,0.0,70.0,255.0,255.0,255.0
2295,114.75,-2.3586555355556313e-28,1.9753980856628566,-6.000000000000012,6.53649796021797e-27,-0.6671229132392353,0.0,-1.7341734032849519e-26,0.0606072226686738,0.0,0.0,70.0,255.0,255.0,255.0
2296,114.80000000000001,5.434402518909361e-29,1.9421176092564103,-6.000000000000012,4.43214557324844e-27,-0.664049943528382,0.0,-4.795678176098747e-26,0.06241939122666462,0.0,0.0,70.0,255.0,255.0,255.0
2297,114.85000000000001,2.07349003769281e-28,1.9089930913100184,-6.000000000000012,1.7408197841192227e-27,-0.6608809741165689,0.0,-4.899800637801905e-26,0.06436320216121061,0.0,0.0,70.0,255.0,255.0,255.0
2298,114.9,2.284260036010159e-28,1.8760295118447534,-6.000000000000012,-4.676550645534646e-28,-0.6576136233122609,0.0,-3.3930799741540526e-26,0.06626382766841132,0.0,0.0,70.0,255.0,255.0,255.0
2299,114.95,1.6058349731393452e-28,1.8432317289787923,-6.000000000000012,-1.6522601900348295e-27,-0.6542545913497277,0.0,-1.283794285214622e-26,0.06794023288323459,0.0,0.0,70.0,255.0,255.0,255.0
2300,115.0,6.319998459753295e-29,1.8106040527097806,-6.000000000000012,-1.7514493497680866e-27,-0.6508196000239375,0.0,4.646703629457337e-27,0.06920202660622987,0.0,0.0,70.0,255.0,255.0,255.0
2301,115.05000000000001,-1.4561437662874164e-29,1.7781497689763985,-6.000000000000012,-1.1875898270890959e-27,-0.6473343886891048,0.0,1.2849980944452188e-26,0.06996636656735333,0.0,0.0,70.0,255.0,255.0,255.0
2302,115.10000000000001,-5.555899811137664e-29,1.7458706138408702,-6.000000000000012,-4.664512553228677e-28,-0.6438229633672021,0.0,1.3128976239725208e-26,0.07040579497838984,0.0,0.0,70.0,255.0,255.0,255.0
2303,115.15,-6.120656319516094e-29,1.7137674726396783,-6.000000000000012,1.2530779688342502e-28,-0.6402938091912658,0.0,9.091730389287937e-27,0.07083593628915974,0.0,0.0,70.0,255.0,255.0,255.0
2304,115.2,-4.3028218423034134e-29,1.6818412329217436,-6.000000000000012,4.427217836059259e-28,-0.6367393697382862,0.0,3.439916419709489e-27,0.07157108540312151,0.0,0.0,70.0,255.0,255.0,255.0
2305,115.25,-1.693438483456834e-29,1.6500935356658497,-6.000000000000012,4.69299438854374e-28,-0.6331367006509536,0.0,-1.2450804849798607e-27,0.07291660563941704,0.0,0.0,70.0,255.0,255.0,255.0
2306,115.30000000000001,3.90172546240327e-30,1.6185275628566482,-6.000000000000012,3.1821373510793984e-28,-0.6294477091743444,0.0,-3.4431420168212815e-27,0.0750160282835255,0.0,0.0,70.0,255.0,255.0,255.0
2307,115.35000000000001,1.4886988676225645e-29,1.5871487647484153,-6.000000000000012,1.2498523717224581e-28,-0.6256350978226011,0.0,-3.5178985808817674e-27,0.07768466687492204,0.0,0.0,70.0,255.0,255.0,255.0
2308,115.4,1.6400249179627853e-29,1.5559640530743881,-6.000000000000012,-3.3576122980236944e-29,-0.6216792424868522,0.0,-2.4361218156111994e-27,0.08055969990228284,0.0,0.0,70.0,255.0,255.0,255.0
2309,115.45,1.152937637820195e-29,1.52498084049973,-6.000000000000012,-1.186269443888741e-28,-0.6175791278323728,0.0,-9.217228266917159e-28,0.08326987772018235,0.0,0.0,70.0,255.0,255.0,255.0
2310,115.5,4.53755474074044e-30,1.4942061402911508,-6.000000000000012,-1.2574840564940854e-28,-0.613352254714834,0.0,3.336183104621041e-28,0.08545956948535771,0.0,0.0,70.0,255.0,255.0,255.0
2311,115.55000000000001,-1.0454641867389043e-30,1.4636456150282466,-6.000000000000012,-8.526511334266369e-29,-0.609033170883837,0.0,9.225871228329292e-28,0.08694294687081605,0.0,0.0,70.0,255.0,255.0,255.0
2312,115.60000000000001,-3.988956593525929e-30,1.4333028232027671,-6.000000000000012,-3.348969336611562e-29,-0.6046579600277524,0.0,9.42618083801862e-28,0.08782635337118982,0.0,0.0,70.0,255.0,255.0,255.0
2313,115.65,-4.3944335233504664e-30,1.4031798190254714,-6.000000000000012,8.996695037522523e-30,-0.600250535546718,0.0,6.527568731568614e-28,0.08835444825090466,0.0,0.0,70.0,255.0,255.0,255.0
2314,115.7,-3.089287089773677e-30,1.3732777696480953,-6.000000000000012,3.178599394957052e-29,-0.5958225152026619,0.0,2.4697488705737745e-28,0.0887826904309108,0.0,0.0,70.0,255.0,255.0,255.0
2315,115.75,-1.2158341283934139e-30,1.3435975675052052,-6.000000000000012,3.369418374326027e-29,-0.591372266503627,0.0,-8.939275686855633e-29,0.08936912574428746,0.0,0.0,70.0,255.0,255.0,255.0
2316,115.80000000000001,2.8013128455234957e-31,1.3141405429977326,-6.000000000000012,2.2846718262714888e-29,-0.5868856026282332,0.0,-2.4720647451043656e-28,0.09026393248385833,-8.881784197001252e-14,0.0,70.0,255.0,255.0,255.0
2317,115.85000000000001,1.0688376978780749e-30,1.2849090072423819,-6.000000000000012,8.97353629221661e-30,-0.5823458732552411,-8.881784197001252e-15,-2.5257375432568132e-28,0.09144441847344087,0.0,0.0,70.0,255.0,255.0,255.0
2318,115.9,1.1774849137740104e-30,1.2559059556722085,-6.000000000000013,-2.410657169853248e-30,-0.5777411607808891,0.0,-1.7490567701624585e-28,0.0928305257420936,1.7763568394002505e-13,0.0,70.0,255.0,255.0,255.0
2319,115.95,8.277719808927501e-31,1.227134891164293,-6.000000000000012,-8.517031409407974e-30,-0.5730628206810318,8.881784197001252e-15,-6.617672153779203e-29,0.09435124866943312,1.7763568394002505e-13,0.0,70.0,255.0,255.0,255.0
2320,116.0,3.2578177283321315e-31,1.1985996736041054,-6.000000000000012,-9.028329323632452e-30,-0.5683060359139458,1.7763568394002505e-14,2.3952717012121385e-29,0.0959239741586293,8.881784197001252e-14,0.0,70.0,255.0,255.0,255.0
2321,116.05000000000001,-7.50609514704951e-32,1.1703042875728984,-6.000000000000011,-6.121759708195835e-30,-0.5634704232651688,1.7763568394002505e-14,6.62387752088164e-29,0.09749577540703047,-1.7763568394002505e-13,0.0,70.0,255.0,255.0,255.0
2322,116.10000000000001,-2.863941979863704e-31,1.1422526312775885,-6.000000000000011,-2.4044518027508122e-30,-0.5585564583732427,0.0,6.767693350086309e-29,0.099075133572879,-3.552713678800501e-13,0.0,70.0,255.0,255.0,255.0
2323,116.15,-3.155061317455763e-31,1.1144486417355741,-6.000000000000011,6.459336418904728e-31,-0.5535629099078809,-1.7763568394002505e-14,4.686583490812185e-29,0.10068260962001752,-3.552713678800501e-13,0.0,70.0,255.0,255.0,255.0
2324,116.2,-2.218008337973231e-31,1.0868963402868004,-6.000000000000012,2.2821316880613734e-30,-0.548488197411241,-3.552713678800501e-14,1.7731999093790666e-29,0.10231991396039142,-3.552713678800501e-13,0.0,70.0,255.0,255.0,255.0
2325,116.25,-8.729296293943895e-32,1.05959982199445,-6.000000000000014,2.4191335512695394e-30,-0.5433309185118418,-5.3290705182007514e-14,-6.41811117992914e-30,0.10398691235413704,-1.7763568394002505e-13,0.0,70.0,255.0,255.0,255.0
2326,116.30000000000001,2.011252132963082e-32,1.0325632484356162,-6.000000000000018,1.6403205700684594e-30,-0.5380895061758273,-5.3290705182007514e-14,-1.774862632482902e-29,0.10568005213384968,3.552713678800501e-13,0.0,70.0,255.0,255.0,255.0
2327,116.35000000000001,7.673909406740701e-32,1.0057908713768673,-6.0000000000000195,6.4427091878663725e-31,-0.5327629132984568,-1.7763568394002505e-14,-1.8133979677771052e-29,0.10737597963462742,1.0658141036401503e-12,0.0,70.0,255.0,255.0,255.0
2328,116.4,8.453961320829455e-32,0.9792869571057705,-6.0000000000000195,-1.7307739770864595e-31,-0.5273519082123646,5.3290705182007514e-14,-1.2557662616241571e-29,0.10903726421618298,1.5987211554602254e-12,0.0,70.0,255.0,255.0,255.0
2329,116.45,5.943135429654241e-32,0.9530556805556308,-6.000000000000014,-6.114953428375198e-31,-0.5218591868768385,1.4210854715202004e-13,-4.751274837370613e-30,0.11062960831085267,1.5099033134902129e-12,0.0,70.0,255.0,255.0,255.0
2330,116.5,2.339007892454258e-32,0.9271010384180867,-6.000000000000005,-6.482048814457073e-31,-0.5162889473812793,2.042810365310288e-13,1.7197277075951717e-30,0.11212837642587958,5.329070518200751e-13,0.0,70.0,255.0,255.0,255.0
2331,116.55000000000001,-5.389133848028326e-33,0.9014267858175029,-5.999999999999994,-4.395225720780026e-31,-0.5106463492342506,1.9539925233402755e-13,4.755730090499705e-30,0.11352350323602378,-1.5099033134902129e-12,0.0,70.0,255.0,255.0,255.0
2332,116.60000000000001,-2.056217828325768e-32,0.8760364034946616,-5.999999999999986,-1.7263187239573678e-31,-0.5049365970576769,5.3290705182007514e-14,4.858985210221147e-30,0.11482271944900369,-4.085620730620576e-12,0.0,70.0,255.0,255.0,255.0
2333,116.65,-2.2652321087602004e-32,0.8509331261117352,-5.9999999999999885,4.637594894411208e-32,-0.4991640772893502,-2.1316282072803006e-13,3.364815556844427e-30,0.11604740111434975,-5.773159728050814e-12,0.0,70.0,255.0,255.0,255.0
2334,116.7,-1.592458338884647e-32,0.8261199957657266,-6.000000000000007,1.6384968328870593e-31,-0.49333185694624193,-5.240252676230739e-13,1.2731002556917677e-30,0.11722785326369056,-5.417888360170764e-12,0.0,70.0,255.0,255.0,255.0
2335,116.75,-6.26735275873141e-33,0.801599940417111,-6.000000000000041,1.7368597451328887e-31,-0.48744129196298114,-7.549516567451064e-13,-4.607996504515519e-31,0.11839561923925324,-1.9539925233402755e-12,0.0,70.0,255.0,255.0,255.0
2336,116.80000000000001,1.4440140624824158e-33,0.7773758665694285,-6.000000000000083,1.1776971824355074e-31,-0.4814922950223166,-7.194245199571014e-13,-1.2742940371697853e-30,0.11957213538722478,5.5067062021407764e-12,0.0,70.0,255.0,255.0,255.0
2337,116.85000000000001,5.509619065623664e-33,0.7534507109148794,-6.000000000000113,4.625657079631033e-32,-0.47548407842425866,-2.042810365310288e-13,-1.3019611631135252e-30,0.12077221016734141,1.4921397450962104e-11,0.0,70.0,255.0,255.0,255.0
2338,116.9,6.069671142113449e-33,0.7298274587270026,-6.000000000000103,-1.24263980678018e-32,-0.46941507400558247,7.72715225139109e-13,-9.01599611136143e-31,0.12201490288833439,2.1405099914773018e-11,0.0,70.0,255.0,255.0,255.0
2339,116.95,4.266979258843484e-33,0.7065092035143211,-6.0000000000000355,-4.390339031730397e-32,-0.4632825881354252,1.936228954946273e-12,-3.4112618539646496e-31,0.12331846581496997,2.0694557179012918e-11,0.0,70.0,255.0,255.0,255.0
2340,117.0,1.6793321103830513e-33,0.6834991999134601,-5.999999999999909,-4.65390166074483e-32,-0.45708322742408547,2.8421709430404007e-12,1.23470894211037e-31,0.12468914661787345,7.460698725481052e-12,0.0,70.0,255.0,255.0,255.0
2341,117.05000000000001,-3.869224019013468e-34,0.6608008807719126,-5.999999999999751,-3.155630089620027e-32,-0.4508136734736379,2.682298827494378e-12,3.4144605817943895e-31,0.12612846803471411,-2.078337502098293e-11,0.0,70.0,255.0,255.0,255.0
2342,117.10000000000001,-1.4762979792369758e-33,0.6384178325660963,-5.999999999999641,-1.2394410789504407e-32,-0.44447038062061406,7.638334409421077e-13,3.4885944223295417e-31,0.1276466683188815,-5.524469770534779e-11,0.0,70.0,255.0,255.0,255.0
2343,117.15,-1.6263634808517875e-33,0.6163538427098512,-5.999999999999675,3.329643327095145e-33,-0.4380490066417497,-2.8421709430404007e-12,2.4158288770014375e-31,0.12925391973330758,-7.975842208907125e-11,0.0,70.0,255.0,255.0,255.0
2344,117.2,-1.1433336465274613e-33,0.5946129319019213,-5.999999999999925,1.1763877980509968e-32,-0.4315449886472833,-7.212008767965017e-12,9.140448589409236e-32,0.13095208301128203,-7.780442956573097e-11,0.0,70.0,255.0,255.0,255.0
2345,117.25,-4.499756828007905e-34,0.5731993438451228,-6.000000000000396,1.2470091916504382e-32,-0.4249537983406215,-1.0622613899613498e-11,-3.308392639259598e-32,0.13275175699405395,-2.8244073746463982e-11,0.0,70.0,255.0,255.0,255.0
2346,117.30000000000001,1.0367554512297693e-34,0.5521175520678592,-6.000000000000988,8.45548534125037e-33,-0.4182698129478779,-1.0036416142611415e-11,-9.14901955479709e-32,0.13464779200688115,7.780442956573097e-11,0.0,70.0,255.0,255.0,255.0
2347,117.35000000000001,3.955728513242466e-34,0.531372362550335,-6.0000000000014,3.321072361707293e-33,-0.4114890191399334,-2.8421709430404007e-12,-9.347660581829198e-32,0.1365620489569841,2.0605739337042905e-10,0.0,70.0,255.0,255.0,255.0
2348,117.4,4.357827812937062e-34,0.5109686501538658,-6.000000000001272,-8.921752405788288e-34,-0.4046136080521795,1.056932319443149e-11,-6.473193966443205e-32,0.1383676466166328,2.9753977059954195e-10,0.0,70.0,255.0,255.0,255.0
2349,117.45,3.0635532726636372e-34,0.4909110017451171,-6.000000000000343,-3.152121604735912e-33,-0.39765225447827013,2.6911806116913795e-11,-2.4491758179903886e-32,0.13994042824816422,2.9123370381967106e-10,0.0,70.0,255.0,255.0,255.0
2350,117.5,1.2057062082011494e-34,0.4712034247060388,-5.999999999998581,-3.3413510585692175e-33,-0.3906195652273631,3.9692693576398597e-11,8.864811359346785e-33,0.14115585337878267,1.0533796057643485e-10,0.0,70.0,255.0,255.0,255.0
2351,117.55000000000001,-2.777977859055807e-35,0.4518490452223808,-5.999999999996374,-2.2656404688012337e-33,-0.38353666914039186,3.744560217455728e-11,2.451472401244426e-32,0.14196605158265374,-2.9096725029376103e-10,0.0,70.0,255.0,255.0,255.0
2352,117.60000000000001,-1.0599342606000843e-34,0.43284975779199963,-5.999999999994836,-8.898786573247913e-34,-0.3764229600690977,1.0595968547022494e-11,2.5046981040213724e-32,0.14250867897571684,-7.689848757763684e-10,0.0,70.0,255.0,255.0,255.0
2353,117.65,-1.167676443230372e-34,0.414206749215471,-5.999999999995314,2.390576352201392e-34,-0.3692858012428202,-3.945288540307956e-11,1.7344870957584738e-32,0.1430336289983014,-1.1103118424671266e-09,0.0,70.0,255.0,255.0,255.0
2354,117.7,-8.208766253799451e-35,0.3959211776677176,-5.999999999998781,8.446084384336826e-34,-0.36211959716926756,-1.0043521569969016e-10,6.5625468255236e-33,0.14379846506927807,-1.0867751143450732e-09,0.0,70.0,255.0,255.0,255.0
2355,117.75,-3.230680047966892e-35,0.37799478949854426,-6.0000000000053575,8.953123177724992e-34,-0.35490595473589237,-1.4813039683758689e-10,-2.375319044791217e-33,0.1450608201675807,-3.9310776855927543e-10,0.0,70.0,255.0,255.0,255.0
2356,117.80000000000001,7.443569239255412e-36,0.3604305821941284,-6.0000000000135945,6.070765339545609e-34,-0.3476135151525095,-1.397459925556177e-10,-6.568700501806295e-33,0.14694180119554923,1.0858869359253731e-09,0.0,70.0,255.0,255.0,255.0
2357,117.85000000000001,2.840085291578717e-35,0.3432334379832933,-6.000000000019332,2.3844226759186967e-34,-0.34021177461633745,-3.9541703245049575e-11,-6.711318342562911e-33,0.14927605565203672,2.8697044740511046e-09,0.0,70.0,255.0,255.0,255.0
2358,117.9,3.128779599844238e-35,0.32640940473249463,-6.000000000017549,-6.40553003017302e-35,-0.3326859095873058,1.4722445484949276e-10,-4.647544165906866e-33,0.1517441777165507,4.143885234952904e-09,0.0,70.0,255.0,255.0,255.0
2359,117.95,2.1995322885614148e-35,0.30996484702456273,-6.00000000000461,-2.2631214899881688e-34,-0.3250373568446824,3.7484682025024085e-10,-1.7584291221904763e-33,0.15401965086953573,4.056133207086532e-09,0.0,70.0,255.0,255.0,255.0
2360,118.0,8.65658109856069e-36,0.2939056690480264,-5.999999999980064,-2.3989821252077785e-34,-0.31728394450035224,5.52837775558146e-10,6.364648198180726e-34,0.15577289392356697,1.4667378422927868e-09,0.0,70.0,255.0,255.0,255.0
2361,118.05000000000001,-1.9944983664636385e-36,0.2782364525745275,-5.999999999949326,-1.6266566701700961e-34,-0.3094600674523257,5.215206044795195e-10,1.760077994780907e-33,0.15684017020790586,-4.052225222039851e-09,0.0,70.0,255.0,255.0,255.0
2362,118.10000000000001,-7.609985603140271e-36,0.26295966230279383,-5.999999999927912,-6.389041304268713e-35,-0.30159992747956166,1.4761525335416081e-10,1.7982923300379128e-33,0.1573952103034626,-1.071001065611199e-08,0.0,70.0,255.0,255.0,255.0
2363,118.15,-8.383539670732351e-36,0.24807645982657134,-5.999999999934564,1.7163565986781692e-35,-0.2937205464219794,-5.494804611316795e-10,1.2453057060427203e-33,0.15778154824741542,-1.546593964008025e-08,0.0,70.0,255.0,255.0,255.0
2364,118.2,-5.893629004462102e-36,0.2335876076605959,-5.99999999998286,6.064015756158491e-35,-0.2858217726548201,-1.3989787106538643e-09,4.711696632383057e-34,0.15834279159321896,-1.5137224806949234e-08,0.0,70.0,255.0,255.0,255.0
2365,118.25,-2.3195239145738594e-36,0.21949428256108933,-6.000000000074462,6.428053231061226e-35,-0.2778862672626575,-2.063202941826603e-09,-1.7054023448107273e-34,0.15942354819466487,-5.473843600611872e-09,0.0,70.0,255.0,255.0,255.0
2366,118.30000000000001,5.344242265991244e-37,0.20579898093433013,-6.00000000018918,4.358613411347764e-35,-0.26987941783535363,-1.9463630707150514e-09,-4.716114773173337e-34,0.16119737811208235,1.5123013952234032e-08,0.0,70.0,255.0,255.0,255.0
2367,118.35000000000001,2.0390894967739047e-36,0.19250634077755396,-6.0000000002690985,1.711938457887889e-35,-0.2617665294514493,-5.509015466031997e-10,-4.818509775887406e-34,0.16349499124532207,3.9970515786080796e-08,0.0,70.0,255.0,255.0,255.0
2368,118.4,2.2463626844870134e-36,0.1796223279891852,-6.00000000024427,-4.5989636453964215e-36,-0.2535299187108214,2.050688507893028e-09,-3.3367865826401595e-34,0.16597774118193576,5.771969568968416e-08,0.0,70.0,255.0,255.0,255.0
2369,118.45,1.5791931322342625e-36,0.16715334890647182,-6.00000000006403,-1.6248481247522708e-35,-0.24516875533325572,5.221068022365216e-09,-1.262495307627483e-34,0.16830932261841514,5.6492943656394345e-08,0.0,70.0,255.0,255.0,255.0
2370,118.5,6.215145597347422e-37,0.15510545245585963,-5.999999999722164,-1.7223916721671252e-35,-0.2366989864489799,7.699982873532463e-09,4.5696118106217666e-35,0.17015696924230772,2.042854774231273e-08,0.0,70.0,255.0,255.0,255.0
2371,118.55000000000001,-1.4319853993286252e-37,0.14348345026157383,-5.999999999294031,-1.1678869436900942e-35,-0.22815305840902494,7.263922796596489e-09,1.2636791448842835e-34,0.17135045720336334,-5.644000822258022e-08,0.0,70.0,255.0,255.0,255.0
2372,118.60000000000001,-5.46372383955352e-37,0.13229014661495714,-5.999999998995771,-4.5871252728284164e-36,-0.21956394072864358,2.055982051274441e-09,1.2911158031705001e-34,0.1720329366028034,-1.4917187485252725e-07,0.0,70.0,255.0,255.0,255.0
2373,118.65,-6.0191106721570415e-37,0.12152705618870947,-5.999999999088433,1.2322885948040597e-36,-0.2109497647487446,-7.653264688656236e-09,8.940892701334367e-35,0.17249937513676705,-2.1541257666513047e-07,0.0,70.0,255.0,255.0,255.0
2374,118.7,-4.231435244749461e-37,0.11119517014008268,-5.999999999761098,4.353767428505951e-36,-0.20231400321496687,-1.9485275615238606e-08,3.3828459812686644e-35,0.1730464913602514,-2.1083481627215406e-07,0.0,70.0,255.0,255.0,255.0
2375,118.75,-1.6653432436510899e-37,0.10129565586721279,-6.000000001036961,4.615134576072724e-36,-0.19364511561271947,-2.8736746315871642e-08,-1.2244237943798225e-35,0.17397654686448633,-7.624043618648102e-08,0.0,70.0,255.0,255.0,255.0
2376,118.80000000000001,3.8369933132326364e-38,0.09183065857881073,-6.000000002634772,3.1293436341261286e-36,-0.18491634852851824,-2.710931923388671e-08,-3.3860180636379564e-35,0.17544685368006963,2.1063737420945472e-07,0.0,70.0,255.0,255.0,255.0
2377,118.85000000000001,1.4640003904750393e-37,0.08280402101436096,-6.000000003747893,1.2291165124347678e-36,-0.1761004302447125,-7.67300889492617e-09,-3.4595343679459605e-35,0.17732692201666567,5.567166283526603e-07,0.0,70.0,255.0,255.0,255.0
2378,118.9,1.6128158437580315e-37,0.07422061555433948,-6.000000003402073,-3.3019073381983167e-37,-0.16718365632685167,2.8562343601379325e-08,-2.3957049789358633e-35,0.17935193775822728,8.039305221529958e-07,0.0,70.0,255.0,255.0,255.0
2379,118.95,1.1338096566552076e-37,0.0660856553816758,-6.000000000891658,-1.1665884665010955e-36,-0.15816523646888977,7.27200433203734e-08,-9.06430848799806e-36,0.18125091240722147,7.868468543392737e-07,0.0,70.0,255.0,255.0,255.0
2380,119.0,4.462273772569358e-38,0.0584040919074505,-5.999999996130069,-1.2366215826196377e-36,-0.14905856508612952,1.072470290353067e-07,3.2808336689752495e-36,0.18270085262408753,2.8453293055008544e-07,0.0,70.0,255.0,255.0,255.0
2381,119.05000000000001,-1.0281192596443021e-38,0.05117979887306284,-5.999999990166955,-8.385050996035705e-37,-0.13989515120648102,1.0117333637538195e-07,9.072808057089837e-36,0.18354986700373443,-7.861096662509226e-07,0.0,70.0,255.0,255.0,255.0
2382,119.10000000000001,-3.9227772234663483e-38,0.0444145767868024,-5.999999986012735,-3.293407769106539e-37,-0.13070357838575608,2.8636062410214436e-08,9.269794400788342e-36,0.184101240132018,-2.077694727375956e-06,0.0,70.0,255.0,255.0,255.0
2383,119.15,-4.3215270287508415e-38,0.03810944103448723,-5.999999987303349,8.847434047526362e-38,-0.12148502719327922,-1.0659613636221366e-07,6.419272144090842e-36,0.18488933070683042,-3.0003095119468526e-06,0.0,70.0,255.0,255.0,255.0
2384,119.2,-3.038033818713712e-38,0.032266074067474476,-5.999999996672349,3.1258643749843034e-37,-0.11221464531507304,-2.713948887844708e-07,2.4287741393056514e-36,0.18646417136553892,-2.936551979360047e-06,0.0,70.0,255.0,255.0,255.0
2385,119.25,-1.1956626537665376e-38,0.02688797650297993,-6.000000014442838,3.313517544058288e-37,-0.10283861005672533,-4.0025133429821835e-07,-8.790967321027557e-37,0.1895680146673892,-1.0618917301030706e-06,0.0,70.0,255.0,255.0,255.0
2386,119.30000000000001,2.754837253445756e-39,0.021982213061801942,-6.000000036697482,2.2467676428815477e-37,-0.09325784384833412,-3.775840617947779e-07,-2.431051591979806e-36,0.19448645219747762,2.933800935522868e-06,0.0,70.0,255.0,255.0,255.0
2387,119.35000000000001,1.0511049891150105e-38,0.017562192118146518,-6.000000052201244,8.824659520784818e-38,-0.08338996483697757,-1.0687124074593157e-07,-2.483833923693779e-36,0.20006988901674544,7.754062636422532e-06,0.0,70.0,255.0,255.0,255.0
2388,119.4,1.1579496774230575e-38,0.013643216578104186,-6.0000000473846065,-2.370662808122312e-38,-0.07325085494665957,3.978222018474753e-07,-1.7200387870047418e-36,0.20436980701356744,1.119730779208794e-05,0.0,70.0,255.0,255.0,255.0
2389,119.45,8.140387083027792e-39,0.01023710662348056,-6.000000012419024,-8.375728349262601e-38,-0.06295298413562082,1.0128595384628625e-06,-6.507880692245437e-37,0.20572112007960738,1.0959361240736598e-05,0.0,70.0,255.0,255.0,255.0
2390,119.5,3.2037684249679726e-39,0.007347918164542102,-5.999999946098653,-8.87854350036775e-38,-0.052678742938698835,1.4937583259211351e-06,2.3555325943577207e-37,0.20313263649207214,3.963033456955145e-06,0.0,70.0,255.0,255.0,255.0
2391,119.55000000000001,-7.381564173399585e-40,0.004969232329610676,-5.999999863043191,-6.020195754904881e-38,-0.04263972048641361,1.409162884158377e-06,6.5139831082938365e-37,0.19614534984717732,-1.0949094431111916e-05,0.0,70.0,255.0,255.0,255.0
2392,119.60000000000001,-2.816427329936908e-39,0.003083946115900741,-5.999999805182364,-2.364560392073913e-38,-0.0330642079539811,3.9884888280994346e-07,6.65541293986775e-37,0.18435393573554953,-2.893855572949633e-05,0.0,70.0,255.0,255.0,255.0
2393,119.65,-3.1027168094138715e-39,0.0016628115342125658,-5.999999823158303,6.352171849628697e-39,-0.024204326912858655,-1.484692688791256e-06,4.608830039281288e-37,0.16754286315036804,-4.178892130113354e-05,0.0,70.0,255.0,255.0,255.0
2394,119.7,-2.1812101449740382e-39,0.0006635134246148755,-5.999999953651633,2.2442696472073752e-38,-0.016309921638944295,-3.7800432473034107e-06,1.7437813759252625e-37,0.14604677955162296,-4.0900892539497136e-05,0.0,70.0,255.0,255.0,255.0
2395,119.75,-8.584471622064963e-40,3.1819370318136265e-05,-6.000000201162628,2.3789985608881323e-38,-0.009599648957696359,-5.5747819427409695e-06,-6.311630564033405e-38,0.12033612467908947,-1.479024209771751e-05,0.0,70.0,255.0,255.0,255.0
2396,119.80000000000001,1.9778841591409413e-40,-0.0002964514711547604,-6.000000511129827,1.6131065908040347e-38,-0.004276309171035348,-5.259067457075162e-06,-1.7454165133773099e-37,0.0910762975978325,4.086257590074638e-05,0.0,70.0,255.0,255.0,255.0
2397,119.85000000000001,7.546594285975386e-40,-0.00039581154678539857,-6.000000727069374,6.335820475108225e-39,-0.0004920191979131074,-1.4885243526663317e-06,-1.7833125225332076e-37,0.060224764311349537,0.00010800015983747357,0.0,70.0,255.0,255.0,255.0
2398,119.9,8.313704634249166e-40,-0.0003456533909460711,-6.000000659982263,-1.7020593172917298e-39,0.001746167260099606,5.540948526672196e-06,-1.2349322870777192e-37,0.03097295949920301,0.0001559583788335317,0.0,70.0,255.0,255.0,255.0
2399,119.95,5.844534968683656e-40,-0.00022119482077543795,-6.000000172974521,-6.013502395668966e-39,0.0026052767520071936,1.4107313530686838e-05,-4.6724481145560487e-38,0.0066191276813339275,0.0001526442092725233,0.0,70.0,255.0,255.0,255.0
2400,120.0,2.3002022385802004e-40,-8.512571574535172e-05,-5.9999992492509095,-6.374507431847779e-39,0.0024080800282329988,2.0805369453924527e-05,1.6911963125563367e-38,-0.010056808868081366,5.5197934045736474e-05,0.0,70.0,255.0,255.0,255.0
2401,120.05000000000001,-5.299724631641226e-41,1.961318204786196e-05,-5.9999980924375755,-4.322306083112629e-39,0.001599595865199057,1.9627106935260485e-05,4.676829452153955e-38,-0.01779804606608499,-0.00015250120952714497,0.0,70.0,255.0,255.0,255.0
2402,120.10000000000001,-2.0221038445324283e-40,7.483387077455398e-05,-5.999997286540216,-1.6976779796938238e-39,0.0006282754216244998,5.5552485012100306e-06,4.778371502650814e-38,-0.017683762211770412,-0.0004030620837092158,0.0,70.0,255.0,255.0,255.0
2403,120.15,-2.2276504428579465e-40,8.244072421031195e-05,-5.999997536912725,4.560654195381852e-40,-0.00016878035597798428,-2.0679101435661096e-05,3.3089910902959453e-38,-0.012245889958367364,-0.000582044593588904,0.0,70.0,255.0,255.0,255.0
2404,120.2,-1.566038424994243e-40,5.795583517675555e-05,-5.99999935445036,1.6113131106021215e-39,-0.0005963135742122365,-5.264921085768037e-05,1.2519786989716178e-38,-0.004633313586968631,-0.0005696759442841426,0.0,70.0,255.0,255.0,255.0
2405,120.25,-6.163373322558249e-41,2.2809366789088297e-05,-6.000002801833811,1.708044118509803e-39,-0.0006321117146748474,-7.764669586407535e-05,-4.531546861919638e-39,0.0016770315391598635,-0.00020600149444049976,0.0,70.0,255.0,255.0,255.0
2406,120.30000000000001,1.4200569351556e-41,-5.255336290729199e-06,-6.000007119119946,1.1581584244101577e-39,-0.0004286104202962501,-7.324936030173035e-05,-1.2531526748427433e-38,0.004637658228262394,0.0005691422616749264,0.0,70.0,255.0,255.0,255.0
2407,120.35000000000001,5.418210921543329e-41,-2.0051675240536718e-05,-6.000010126769841,4.5489144366705975e-40,-0.00016834589184860793,-2.073246969658271e-05,-1.2803607852711756e-38,0.004738349803787883,0.0015042481751770254,0.0,70.0,255.0,255.0,255.0
2408,120.4,5.968971371826198e-41,-2.208992547558999e-05,-6.000009192366916,-1.2220236086101804e-40,4.52245600825382e-05,7.717545721597219e-05,-8.866414904065784e-39,0.003281276324944931,0.0021722199959661737,0.0,70.0,255.0,255.0,255.0
2409,120.45,4.196187312933148e-41,-1.5529219232282898e-05,-6.00000240922412,-4.317500467395187e-40,0.00015978174064588515,0.00019648952990003465,-3.3546668133041244e-39,0.001241492633908394,0.0021260595681305006,0.0,70.0,255.0,255.0,255.0
2410,120.5,1.65147090443101e-41,-6.1117514110014735e-06,-5.999989543413926,-4.576690421914305e-40,0.0001693738234733776,0.00028978141402902224,1.2142243221151534e-39,-0.0004493592465994086,0.0007688080437162625,0.0,70.0,255.0,255.0,255.0
2411,120.55000000000001,-3.805031089811568e-42,1.408163115054865e-06,-5.999973431082717,-3.1032761452800335e-40,0.00011484581598594429,0.0002733703342716609,3.3578124721701426e-39,-0.0012426567770344604,-0.002124067837527832,0.0,70.0,255.0,255.0,255.0
2412,120.60000000000001,-1.4518052408490235e-41,5.372830187592955e-06,-5.9999622063804985,-1.2188779497441629e-40,4.5108145769931555e-05,7.737463027623903e-05,3.430716384338897e-39,-0.0012696370033811325,-0.005613930616643614,0.0,70.0,255.0,255.0,255.0
2413,120.65,-1.5993810587253197e-41,5.918977692048021e-06,-5.999965693619689,3.274402390588641e-41,-1.211788435216896e-05,-0.0002880227273927005,2.375748713303698e-39,-0.0008792153414123557,-0.008106835390364608,0.0,70.0,255.0,255.0,255.0
2414,120.7,-1.1243650017901593e-41,4.161041752376059e-06,-5.999991008653238,1.1568707635595352e-40,-4.2813388371304014e-05,-0.0007333089087602218,8.988802635003281e-40,-0.00033265694866494073,-0.007934562328593131,0.0,70.0,255.0,255.0,255.0
2415,120.75,-4.425102951657843e-42,1.637638854917619e-06,-6.000039024510565,1.2263205025591924e-40,-4.538357921866304e-05,-0.0010814789602520136,-3.253504265409834e-40,0.00012040544723776929,-0.0028692306804245504,0.0,70.0,255.0,255.0,255.0
2416,120.80000000000001,1.019555007690329e-42,-3.7731616949024543e-07,-6.000099156549263,8.315203370185518e-41,-3.0772843647527085e-05,-0.0010202319768026769,-8.997231402531416e-40,0.00033296887987544513,0.007927129088436402,0.0,70.0,255.0,255.0,255.0
2417,120.85000000000001,3.890100418527676e-42,-1.4396455098350895e-06,-6.0001410477082455,3.265973623060506e-41,-1.2086691231118523e-05,-0.0002887660514083734,-9.192576846438282e-40,0.0003401982097366449,0.02095147429184152,0.0,70.0,255.0,255.0,255.0
2418,120.9,4.285528630750835e-42,-1.5859852926020976e-06,-6.000128033154404,-8.773734762527656e-42,3.2469773261374045e-06,0.0010749154523814752,-6.365799491490043e-40,0.0002355850407044945,0.030255121565225807,0.0,70.0,255.0,255.0,255.0
2419,120.95,3.0127269422749103e-42,-1.114947777221349e-06,-6.000033556163007,-3.0998258684295375e-41,1.147181283933093e-05,0.0027367461051142072,-2.4085424069718736e-40,8.913516075137242e-05,0.02961218974641966,0.0,70.0,255.0,255.0,255.0
2420,121.0,1.1857027623212976e-42,-4.3880400866900475e-07,-5.999854358543892,-3.2859158832246394e-41,1.2160493401274648e-05,0.004036134427023441,8.717738404877779e-41,-3.2262542351668415e-05,0.010708114678603664,0.0,70.0,255.0,255.0,255.0
2421,121.05000000000001,-2.7318894094972966e-43,1.0110156290611575e-07,-5.999629942720305,-2.2280520279417595e-41,8.245558604164088e-06,0.0038075575729745736,2.4108008884242283e-40,-8.921874246732108e-05,-0.029584448516750683,0.0,70.0,255.0,255.0,255.0
2422,121.10000000000001,-1.0423492656204621e-42,3.857518517474042e-07,-5.999473602786595,-8.751149948004113e-42,3.2386191545425407e-06,0.0010776895753483728,2.463143542364173e-40,-9.115583556544769e-05,-0.07819196655116656,0.0,70.0,255.0,255.0,255.0
2423,121.15,-1.148303935750141e-42,4.2496347836036983e-07,-5.99952217376277,2.350915144224142e-42,-8.700249523806827e-07,-0.004011639082142082,1.7057108329232093e-40,-6.312482140562246e-05,-0.11291365087062744,0.0,70.0,255.0,255.0,255.0
2424,121.2,-8.07257751198048e-43,2.9874935650933594e-07,-5.999874766694809,8.305958381227981e-42,-3.073862986019706e-06,-0.01021367551171437,6.453669928842276e-41,-2.3883694340548577e-05,-0.11325993092237141,0.0,70.0,255.0,255.0,255.0
2425,121.25,-3.177080976273429e-43,1.1757717975839919e-07,-6.000543541313942,8.804585073066418e-42,-3.2583943864355407e-06,-0.015337632174379223,-2.3359109654127845e-41,8.644722168904425e-06,-0.0612426685931311,0.0,70.0,255.0,255.0,255.0
2426,121.30000000000001,7.320075610859389e-44,-2.709008213421811e-08,-6.001408529912247,5.970047415815196e-42,-2.2093907691292634e-06,-0.01633794237102748,-6.459721511655056e-41,2.390608999383901e-05,0.05061467430174105,0.0,70.0,255.0,255.0,255.0
2427,121.35000000000001,2.792966439541768e-43,-1.0336189715452718e-07,-6.002177335551044,2.3448635614113615e-42,-8.677853870516396e-07,-0.010276164744205118,-6.599973230184152e-41,2.442513252514593e-05,0.20929182314812778,0.0,70.0,255.0,255.0,255.0
2428,121.4,3.0768711224973002e-43,-1.1386862083938207e-07,-6.002436146386668,-6.299258143689569e-43,2.3312248338533013e-07,0.004591239943785297,-4.5704384020279135e-41,1.6914244917995394e-05,0.3890608338993573,0.0,70.0,255.0,255.0,255.0
2429,121.45,2.163040625172811e-43,-8.004964881599417e-08,-6.001718211556666,-2.2255748406165517e-42,8.236391047478999e-07,0.028629918645730612,-1.7292556456503067e-41,6.399616610821763e-06,0.5620192355745957,0.0,70.0,255.0,255.0,255.0
2430,121.5,8.512962818807483e-44,-3.150471036459207e-08,-5.9995731545220945,-2.3591814600192638e-42,8.730841444675064e-07,0.06079316350124486,6.259054567733585e-42,-2.316346323949365e-06,0.7018079209988315,0.0,70.0,255.0,255.0,255.0
2431,121.55000000000001,-1.9614083484645295e-44,7.258765630756481e-09,-5.995638895206541,-1.599669383843193e-42,5.920044723529634e-07,0.09881071074561376,1.730877162377923e-41,-6.405617508034899e-06,0.7939595042232739,0.0,70.0,255.0,255.0,255.0
2432,121.60000000000001,-7.483731019624449e-44,2.7695736870704283e-08,-5.989692083447533,-6.283042976413408e-43,2.325223936640164e-07,0.14018911392357225,1.7684574970948724e-41,-6.544694535136e-06,0.8413916669665511,0.0,70.0,255.0,255.0,255.0
2433,121.65,-8.244451324877938e-44,3.0511004997158124e-08,-5.981619983814184,1.6878811325167934e-43,-6.246498116063652e-08,0.18294987744226887,1.2246452788795705e-41,-4.532158266359091e-06,0.8543385670228609,0.0,70.0,255.0,255.0,255.0
2434,121.7,-5.795849887107656e-44,2.144923875464063e-08,-5.971397095703306,5.963409812382298e-43,-2.2069343297189265e-07,0.22562297062585834,4.633526537589594e-42,-1.7147721027384968e-06,0.8446903079699197,0.0,70.0,255.0,255.0,255.0
2435,121.75,-2.28104151249564e-44,8.441661699968858e-09,-5.959057686751598,6.321407670106388e-43,-2.339421914344862e-07,0.26741890823926084,-1.677108616806545e-42,6.206631268930325e-07,0.8268111710767911,0.0,70.0,255.0,255.0,255.0
2436,121.80000000000001,5.2555778299873206e-45,-1.9449803888079905e-09,-5.94465520487938,4.286301195575753e-43,-1.586271202825894e-07,0.30830408773353746,-4.6378713785663766e-42,1.7163800383006145e-06,0.8099489871275622,0.0,70.0,255.0,255.0,255.0
2437,121.85000000000001,2.0052596830801134e-44,-7.421050328290082e-09,-5.928227277978245,1.6835362915400114e-43,-6.230418760442475e-08,0.34841380695201707,-4.738567581953356e-42,1.7536456153980729e-06,0.7935965206416817,0.0,70.0,255.0,255.0,255.0
2438,121.9,2.2090940745387434e-44,-8.175399149250466e-09,-5.909813824184178,-4.522663863776033e-44,1.67374412572179e-08,0.38766373979770563,-3.281427134903681e-42,1.2143881474409548e-06,0.7755925436977229,0.0,70.0,255.0,255.0,255.0
2439,121.95,1.55299329670251e-44,-5.747306202568292e-09,-5.889460903998474,-1.5978908433636698e-43,5.9134627139670734e-08,0.42597306132178936,-1.2415496938553081e-42,4.594718001321973e-07,0.7569000919851909,0.0,70.0,255.0,255.0,255.0
2440,122.0,6.112032311750734e-45,-2.2619364352833926e-09,-5.8672165180519995,-1.6938160802329116e-43,6.268462127043763e-08,0.4633537489962247,4.49379899492591e-43,-1.6630618362276351e-07,0.7393774180032509,0.0,70.0,255.0,255.0,255.0
2441,122.05000000000001,-1.408227835304016e-45,5.211559244754726e-10,-5.8431255290988515,-1.1485109438710788e-43,4.250400877739438e-08,0.49991080312211444,1.2427138904862784e-42,-4.599026451675486e-07,0.7240851067074061,0.0,70.0,255.0,255.0,255.0
2442,122.10000000000001,-5.373077126960054e-45,1.9884644424560456e-09,-5.817225437739788,-4.51102189746633e-44,1.669435675368277e-08,0.5357622596669653,1.2696953568646996e-42,-4.698879264562928e-07,0.710637168882311,0.0,70.0,255.0,255.0,255.0
2443,122.15,-5.919249732770347e-45,2.19059159984375e-09,-5.789549303132155,1.2118441299362094e-44,-4.484783868234899e-09,0.5709745200103455,8.792557508190139e-43,-3.25394323404731e-07,0.6981171789335328,0.0,70.0,255.0,255.0,255.0
2444,122.2,-4.161232997023845e-45,1.5399860556325556e-09,-5.7601279857387535,4.2815356107238095e-44,-1.5845075586790328e-08,0.6055739775603186,3.3267223783163733e-43,-1.2311509779029644e-07,0.6857423310812294,0.0,70.0,255.0,255.0,255.0
2445,122.25,-1.6377141220465376e-45,6.060840411647171e-10,-5.728991905376123,4.538566508252583e-44,-1.6796293647264542e-08,0.6395487531184685,-1.2041098116381895e-43,4.456160759802151e-08,0.6727512315004347,0.0,70.0,255.0,255.0,255.0
2446,122.30000000000001,3.773335112287385e-46,-1.3964330909389869e-10,-5.696173110426907,3.07742579908562e-44,-1.1388914826988177e-08,0.6728491007103621,-3.329841833787369e-43,1.2323054236958184e-07,0.6587179520106012,0.0,70.0,255.0,255.0,255.0
2447,122.35000000000001,1.4397116770390826e-45,-5.328074415341007e-10,-5.661706995305087,1.208724674465214e-44,-4.473239410306355e-09,0.7054205483195286,-3.4021384550544227e-43,1.2590609042709847e-07,0.643823848119407,0.0,70.0,255.0,255.0,255.0
2448,122.4,1.5860581856939525e-45,-5.869672501245343e-10,-5.625631055594954,-3.2471265596880304e-45,1.201694215721671e-09,0.7372314855223028,-2.3559586837237514e-43,8.71891461779692e-08,0.6284888571195246,0.0,70.0,255.0,255.0,255.0
2449,122.45,1.1149990210702796e-45,-4.1263801996193357e-10,-5.587983846752857,-1.147234009258538e-44,4.245675207490565e-09,0.7682694340314811,-8.913925747124169e-44,3.298859102898858e-08,0.6130909566490317,0.0,70.0,255.0,255.0,255.0
2450,122.5,4.388241764354145e-46,-1.6239972937547772e-10,-5.548804112191806,-1.21610523068122e-44,4.5005533186205295e-09,0.798540581187206,3.2264025162684375e-44,-1.1940246769322416e-08,0.5979936000489516,0.0,70.0,255.0,255.0,255.0
2451,122.55000000000001,-1.0110620961094067e-46,3.741731190011944e-11,-5.508129788634136,-8.245937576316941e-45,3.0516505305583233e-09,0.8280687940363762,8.922284302866942e-44,-3.301952431077868e-08,0.5834024325705123,0.0,70.0,255.0,255.0,255.0
2452,122.60000000000001,-3.8576958119627965e-46,1.4276532368035464e-10,-5.465997232788168,-3.2387680039452576e-45,1.1986008875426617e-09,0.8568808244442572,9.116002515706999e-44,-3.373643525210094e-08,0.5692610983154545,0.0,70.0,255.0,255.0,255.0
2453,122.65,-4.249830100054664e-46,1.5727740065438563e-10,-5.42244170618971,8.700649393900585e-46,-3.219929946517709e-10,0.8849949038679217,6.312772267048702e-44,-2.3362261307145977e-08,0.5554145720761738,0.0,70.0,255.0,255.0,255.0
2454,122.7,-2.987630872572738e-46,1.1056602421517755e-10,-5.377497742401376,3.074004263103445e-45,-1.1376252431719364e-09,0.9124222816518746,2.3884792053329125e-44,-8.8392663256581e-09,0.5417200427870306,0.0,70.0,255.0,255.0,255.0
2455,122.75,-1.175825836951219e-46,4.351487633719198e-11,-5.331199478024523,3.258544144722971e-45,-1.2059196272175808e-09,0.9391669081466247,-8.645119486918705e-45,3.199379479268273e-09,0.5280383776256059,0.0,70.0,255.0,255.0,255.0
2456,122.80000000000001,2.7091327215023304e-47,-1.0025938506580556e-11,-5.283581051586713,2.209492314411574e-45,-8.176872952451091e-10,0.9652261194144351,-2.3907188735940796e-44,8.847554873532986e-09,0.5142800566368066,0.0,70.0,255.0,255.0,255.0
2457,122.85000000000001,1.0336664774603554e-46,-3.825385318731893e-11,-5.234676866083079,8.678252711288911e-46,-3.2116413986428225e-10,0.9905949138103054,-2.442625512283774e-44,9.039650581305306e-09,0.5004136234227019,0.0,70.0,255.0,255.0,255.0
2458,122.9,1.1387385432791243e-46,-4.214235249300878e-11,-5.184521560205683,-2.3313319787220015e-46,8.627776288542165e-11,1.0152674817567053,-1.6915022309572877e-44,6.259899050614621e-09,0.486409311452185,0.0,70.0,255.0,255.0,255.0
2459,122.95,8.005332795881552e-47,-2.962607689877677e-11,-5.133150117907409,-8.236769598283966e-46,3.0482576519717993e-10,1.039235844955524,-6.399910742074832e-45,2.3684742736436938e-09,0.4722298978424355,0.0,70.0,255.0,255.0,255.0
2460,123.0,3.1506158345072766e-47,-1.1659775973290784e-11,-5.0805979757101305,-8.731242720796834e-46,3.2312519024979105e-10,1.0624904715409489,2.316452784990433e-45,-8.572711477506386e-10,0.4578528894466416,0.0,70.0,255.0,255.0,255.0
2461,123.05000000000001,-7.259099249152824e-48,2.6864421262023365e-12,-5.026901070753314,-5.920316813293533e-46,2.1909865042211606e-10,1.085021133900188,6.405911915093773e-45,-2.3706951833532026e-09,0.4432763152422581,0.0,70.0,255.0,255.0,255.0
2462,123.10000000000001,-2.769700978786257e-47,1.0250089068920824e-11,-4.972095862320112,-2.3253308057030613e-46,8.605567191447075e-11,1.1068181030651747,6.544995334280946e-45,-2.422167073120285e-09,0.42852795111958386,0.0,70.0,255.0,255.0,255.0
2463,123.15,-3.051240730618344e-47,1.1292009317649411e-11,-4.9162192604467965,6.24678520987413e-47,-2.3118056889912438e-11,1.1278739290121464,4.5323665678044705e-45,-1.6773348953125415e-09,0.4136663173137656,0.0,70.0,255.0,255.0,255.0
2464,123.2,-2.1450224577988441e-47,7.93828337992958e-12,-4.859308469418897,2.2070357621014097e-46,-8.16778176167834e-11,1.1481847347965513,1.7148509149702167e-45,-6.346307689167203e-10,0.398766053486721,0.0,70.0,255.0,255.0,255.0
2465,123.25,-8.442049685169338e-48,3.124227555971072e-12,-4.801400786967141,2.3395294359576296e-46,-8.658113378158447e-11,1.1677505343608185,-6.206916530430091e-46,2.297051117342854e-10,0.3838901112055204,0.0,70.0,255.0,255.0,255.0
2466,123.30000000000001,1.945069781587858e-48,-7.198299982288655e-13,-4.742533415982815,1.5863441090584006e-46,-5.870730644335486e-11,1.1865737459171033,-1.7164589244342813e-45,6.352258598798439e-10,0.3690808828618941,0.0,70.0,255.0,255.0,255.0
2467,123.35000000000001,7.421391405414669e-48,-2.746503088364414e-12,-4.682743412375431,6.230705115233481e-47,-2.305854779360007e-11,1.204658622647008,-1.7537262142860453e-45,6.490177111758366e-10,0.35439093573765845,0.0,70.0,255.0,255.0,255.0
2468,123.4,8.17577489682134e-48,-3.0256847775888726e-12,-4.622067553718114,-1.673821052276447e-47,6.194464674228799e-12,1.2220128394908691,-1.2144439616450283e-45,4.49440530635537e-10,0.3398898948179685,0.0,70.0,255.0,255.0,255.0
2469,123.45,5.747570353138222e-48,-2.127056620941534e-12,-4.560542128426344,-5.913734501216803e-47,2.1885505269953635e-11,1.2386476121288048,-4.5949291780604225e-46,1.7004880202317751e-10,0.3256386621010243,0.0,70.0,255.0,255.0,255.0
2470,123.5,2.2620403956045358e-48,-8.371342505935089e-13,-4.498202792505234,-6.26875023033687e-47,2.3199344876546552e-11,1.2545767057009716,1.663138271816133e-46,-6.154929918650253e-11,0.3116906284327925,0.0,70.0,255.0,255.0,255.0
2471,123.55000000000001,-5.211798771986477e-49,1.9287786671312107e-13,-4.435084457856247,-4.2505962294006703e-47,1.5730575351303383e-11,1.269816674972084,4.5992378264335955e-46,-1.7020825616616968e-10,0.29805497848736096,0.0,70.0,255.0,255.0,255.0
2472,123.60000000000001,-1.988555833796135e-48,7.359232845368294e-13,-4.3712211250080255,-1.6695124039032748e-47,6.178519259929586e-12,1.2843822035497077,4.699095228632356e-46,-1.7390377158306108e-10,0.2846256952096837,0.0,70.0,255.0,255.0,255.0
2473,123.65,-2.1906922811019225e-48,8.107297927060797e-13,-4.306646237501276,4.4849899923168636e-48,-1.6598018070027272e-12,1.2982792444930524,3.2540927877563853e-46,-1.2042722722960745e-10,0.27121419665423474,0.0,70.0,255.0,255.0,255.0
2474,123.7,-1.5400568345644487e-48,5.699431038365566e-13,-4.24139320055872,1.5845803838531104e-47,-5.864203463031159e-12,1.3115036232151311,1.2312075625394922e-46,-4.556443917599025e-11,0.2576208365680621,0.0,70.0,255.0,255.0,255.0
2475,123.75,-6.061118972488119e-49,2.2430944640296377e-13,-4.175495875179763,1.6797065617711787e-47,-6.216245724601752e-12,1.3240413281498586,-4.456365568344256e-47,1.6492085011724928e-11,0.24365935641323944,0.0,70.0,255.0,255.0,255.0
2476,123.80000000000001,1.396497272067301e-49,-5.168146862361858e-14,-4.108989067743734,1.1389438270186848e-47,-4.214994961858666e-12,1.335869558856455,-1.2323620613915542e-46,4.5607164784834816e-11,0.22923869037074773,0.0,70.0,255.0,255.0,255.0
2477,123.85000000000001,5.3283192976987296e-49,-1.9719004978290282e-13,-4.0419089192941176,4.473445003796245e-48,-1.6555292461182699e-12,1.3469651971869334,-1.2591187716689825e-46,4.659737515640765e-11,0.21443346291327714,0.0,70.0,255.0,255.0,255.0
2478,123.9,5.869942275863546e-49,-2.1723439323544558e-13,-3.974292548025041,-1.2017494465029774e-48,4.4474255378209916e-13,1.3573129051477828,-8.71931534575264e-47,3.226837828289262e-11,0.1994069782380592,0.0,70.0,255.0,255.0,255.0
2479,123.95,4.126569851195752e-49,-1.527157944046929e-13,-3.9061776287793393,-4.245870341956395e-48,1.571308582170992e-12,1.3669058950107393,-3.2990107209754705e-47,1.2208954680783594e-11,0.18433747880344242,0.0,70.0,255.0,255.0,255.0
2480,124.0,1.6240719339071514e-49,-6.010353501834639e-14,-3.837601958523967,-4.500760167478448e-48,1.6656380218604586e-12,1.375746653028127,1.1940795552157035e-47,-4.419040860397115e-12,0.16940397388434114,0.0,70.0,255.0,255.0,255.0
2481,124.05000000000001,-3.741903162826965e-50,1.384800778135297e-14,-3.7686029634765266,-3.051790786740691e-48,1.1294044961312805e-12,1.3838462923991734,3.3021041913262004e-47,-1.2220402973169624e-11,0.1547092343913814,0.0,70.0,255.0,255.0,255.0
2482,124.10000000000001,-1.42771885283354e-49,5.2836914594781665e-14,-3.69921732928405,-1.1986559761522473e-48,4.4359772454349616e-13,1.3912175764672652,3.373798580435711e-47,-1.2485729042569488e-11,0.1402358843753504,0.0,70.0,255.0,255.0,255.0
2483,124.15,-1.5728462924349439e-49,5.820778023570258e-14,-3.6294812058298,3.2200779369501985e-49,-1.191684081256684e-13,1.3978698808367085,2.3363335054467185e-47,-8.64628590196306e-12,0.12592413747949394,0.0,70.0,255.0,255.0,255.0
2484,124.2,-1.1057110591385202e-49,4.0920073782214825e-14,-3.559430341200379,1.1376775292944714e-48,-4.210308656528098e-13,1.4038099902152146,8.839672585069953e-48,-3.271379547144142e-12,0.11171493586124015,0.0,70.0,255.0,255.0,255.0
2485,124.25,-4.351687631404724e-50,1.6104693670421606e-14,-3.4891002068082786,1.2059750522020153e-48,-4.463063628400826e-13,1.4090413744228325,-3.199526525185629e-48,1.1840784298635413e-12,0.09753276669486333,0.0,70.0,255.0,255.0,255.0
2486,124.30000000000001,1.0026399306349526e-50,-3.7105625017934426e-15,-3.4185262037580957,8.177248767759085e-49,-3.0262302266645564e-13,1.413563266884701,-8.847961513892821e-48,3.274447107843693e-12,0.08333211099365023,0.0,70.0,255.0,255.0,255.0
2487,124.35000000000001,3.825561136354361e-50,-1.4157608596223959e-14,-3.3477438801198085,3.211789008127331e-49,-1.1886165205571334e-13,1.4173745855221975,-9.040066050530166e-48,3.34554101387031e-12,0.06914216042774868,0.0,70.0,255.0,255.0,255.0
2488,124.4,4.214428938762284e-50,-1.5596727707364777e-14,-3.276788745205876,-8.628172827710827e-50,3.1931078720575374e-14,1.4204774829274758,-6.260186760342214e-48,2.316765324959602e-12,0.05501563268337506,0.0,70.0,255.0,255.0,255.0
2489,124.45,2.9627438535832784e-50,-1.0964500724166421e-14,-3.205696131827061,-3.048397752214883e-49,1.1281488044024688e-13,1.422876148790535,-2.368583130525028e-48,8.765635077929636e-13,0.04099037681593032,0.0,70.0,255.0,255.0,255.0
2490,124.5,1.1660311865474012e-50,-4.315239663340089e-15,-3.1345011303268224,-3.2314004132961106e-49,1.1958742949987175e-13,1.4245765206090688,8.573105485854432e-49,-3.1727285905704746e-13,0.02711689406527107,0.0,70.0,255.0,255.0,255.0
2491,124.55000000000001,-2.686565597128322e-51,9.942422258207541e-16,-3.063238479766154,-2.19108720362944e-49,8.108759453454214e-14,1.4255878381970621,2.3708041423092354e-48,-8.773854582051423e-13,0.01340940788354672,0.0,70.0,255.0,255.0,255.0
2492,124.60000000000001,-1.025056017082039e-50,3.7935197901141255e-15,-2.991942346507116,-8.605962709868754e-50,3.184888367935752e-14,1.4259174613974235,2.422278397763567e-48,-8.964350129117484e-13,-0.00024359368184789787,0.0,70.0,255.0,255.0,255.0
2493,124.65,-1.1292528306997077e-50,4.179130593756506e-15,-2.9206467336264117,2.3119119413412724e-50,-8.555906756632715e-15,1.4255634788288774,1.677411986901703e-48,-6.207753978753532e-13,-0.014028439774405044,0.0,70.0,255.0,255.0,255.0
2494,124.7,-7.938648229479117e-51,2.937929114450854e-15,-2.8493859986242285,8.168157159148279e-50,-3.0228656108177805e-14,1.424514617419983,6.346599370301614e-49,-2.348744840277176e-13,-0.02812250373454006,0.0,70.0,255.0,255.0,255.0
2495,124.75,-3.124371147848799e-51,1.1562649829387257e-15,-2.7781952718844134,8.658511311642887e-50,-3.2043355159404476e-14,1.4227512284554233,-2.2971566915615233e-49,8.501300636464922e-14,-0.04269628701485395,0.0,70.0,255.0,255.0,255.0
2496,124.80000000000001,7.198630821637717e-52,-2.6640640148959365e-16,-2.707110875778686,5.871000467586755e-50,-2.1727355471712883e-14,1.4202449887184976,-6.3525505534411974e-49,2.350947249768787e-13,-0.05781785441336673,0.0,70.0,255.0,255.0,255.0
2497,124.85000000000001,2.746629319737956e-51,-1.0164705642325626e-15,-2.6361707730125636,2.3059607582016895e-50,-8.533882661716605e-15,1.4169694430140867,-6.4904754052410185e-49,2.4019903777668614e-13,-0.07332247101152767,0.0,70.0,255.0,255.0,255.0
2498,124.9,3.0258238403654616e-51,-1.1197946676612542e-15,-2.5654139314772775,-6.19474937654264e-51,2.2925483059557346e-15,1.4129127416173448,-4.494611872645964e-49,1.6633626654180972e-13,-0.08890467078841446,0.0,70.0,255.0,255.0,255.0
2499,124.95,2.127154382083692e-51,-7.872157336369891e-16,-2.494879498850829,-2.1886511144442752e-50,8.099743992464369e-15,1.4080789759352452,-1.700566175956189e-49,6.293442831790336e-14,-0.10424861362969828,0.0,70.0,255.0,255.0,255.0
2500,125.0,8.371727259211864e-52,-3.098202684148172e-16,-2.424606033883753,-2.320041113610453e-50,8.585991137746072e-15,1.402487880254375,6.155212803916603e-50,-2.277916640154968e-14,-0.1190517460086582,0.0,70.0,255.0,255.0,255.0
2501,125.05000000000001,-1.9288673152676102e-52,7.138338013761814e-17,-2.3546307108253917,-1.573129834052615e-50,5.8218273523094004e-15,1.3961738013343794,1.7021607906724507e-49,-6.299344170237149e-14,-0.13316419069329122,0.0,70.0,255.0,255.0,255.0
2502,125.10000000000001,-7.359571081314288e-52,2.723624668161228e-16,-2.284988653750315,-6.178803229380023e-51,2.2866469675089228e-15,1.3891714611850459,1.7391176433283944e-49,-6.436113819499578e-14,-0.14671640571850553,0.0,70.0,255.0,255.0,255.0
2503,125.15,-8.107670544647633e-52,3.0004807688851044e-16,-2.215713564706887,1.6598780927577966e-51,-6.142864671901779e-16,1.3815021607625289,1.2043276215668222e-49,-4.456966829188588e-14,-0.15998383278295059,0.0,70.0,255.0,255.0,255.0
2504,125.2,-5.699692988556491e-52,2.10933820097105e-16,-2.146838437674062,5.8644729862882e-51,-2.170319861679665e-15,1.3731730779067508,4.556653335231439e-50,-1.686322924389658e-14,-0.17325581564282544,0.0,70.0,255.0,255.0,255.0
2505,125.25,-2.2431975583594323e-52,8.301609072054393e-17,-2.078396256916212,6.216531427989236e-51,-2.300609391579836e-15,1.3641765791982463,-1.6492843000511593e-50,6.1036592415493966e-15,-0.1868207382773157,0.0,70.0,255.0,255.0,255.0
2506,125.30000000000001,5.168384394327453e-53,-1.9127119060878666e-17,-2.0104207797542375,4.215188686237041e-51,-1.5599539375247252e-15,1.3544910040790192,-4.560926092486046e-50,1.6879041832607447e-14,-0.20083764388312275,0.0,70.0,255.0,255.0,255.0
2507,125.35000000000001,1.9719911278776084e-52,-7.29793030319286e-17,-1.94294715650831,1.6556053355031893e-51,-6.127052083190913e-16,1.344092814809934,-4.659951680725605e-50,1.724551500329701e-14,-0.21524463338380428,0.0,70.0,255.0,255.0,255.0
2508,125.4,2.1724437749359348e-52,-8.039763989278779e-17,-1.876011498273244,-4.447629944885648e-52,1.6459756280497592e-16,1.3329665407406388,-3.226986136213247e-50,1.1942406625733832e-14,-0.22988894912865376,0.0,70.0,255.0,255.0,255.0
2509,125.45,1.5272281333890436e-52,-5.6519546751431e-17,-1.8096505024342462,-1.5713808007100583e-51,5.815354542542921e-16,1.3211039198970687,-1.2209515813638443e-50,4.518488657682976e-15,-0.24462052473486207,0.0,70.0,255.0,255.0,255.0
2510,125.5,6.010629742258765e-53,-2.224409446735858e-17,-1.7439011062835372,-1.6657145758524092e-51,6.164464285732735e-16,1.3085044882671526,4.419243962880381e-51,-1.6354705646479178e-15,-0.2592813381808057,0.0,70.0,255.0,255.0,255.0
2511,125.55000000000001,-1.3848644246336552e-53,5.12509610589636e-18,-1.678800053607531,-1.1294564044220202e-51,4.1798839778950027e-16,1.295175786078988,1.2220964632196714e-50,-4.5227256280583e-15,-0.27377968598587543,0.0,70.0,255.0,255.0,255.0
2512,125.60000000000001,-5.2839343019614375e-53,1.9554745311591446e-17,-1.6143835276756384,-4.436181126327377e-52,1.6417386576744344e-16,1.281126519668565,1.2486302896184786e-50,-4.6209218181922446e-15,-0.28814692554504084,0.0,70.0,255.0,255.0,255.0
2513,125.65,-5.821045550961033e-53,2.1542482682640704e-17,-1.5506874016406744,1.1917388519645862e-52,-4.410378402972415e-17,1.266361093524484,8.646683291847687e-51,-3.1999582110494705e-15,-0.30245682757910064,0.0,70.0,255.0,255.0,255.0
2514,125.7,-4.0921954499968513e-53,1.514436690861903e-17,-1.48774741832319,4.2105021655203095e-52,-1.5582195533750364e-16,1.250880836910655,3.271529902239444e-51,-1.2107253868353432e-15,-0.3167696844883938,0.0,70.0,255.0,255.0,255.0
2515,125.75,-1.6105433854407229e-53,5.96028714889034e-18,-1.425599317949609,4.4632687542040305e-52,-1.6517632271325846e-16,1.2346841250756446,-1.1841328510099119e-51,4.3822301704228175e-16,-0.3311498530577328,0.0,70.0,255.0,255.0,255.0
2516,125.80000000000001,3.710733042071793e-54,-1.3732653627068173e-18,-1.3642790058156256,3.0263693145103976e-52,-1.1199965363327547e-16,1.2177658516048817,-3.274597603926422e-51,1.2118606796257642e-15,-0.34563018559732317,0.0,70.0,255.0,255.0,255.0
2517,125.85000000000001,1.4158259290696748e-53,-5.2396782144372076e-18,-1.3038227327891208,1.188671150277608e-52,-4.399025475068205e-17,1.2001211065159123,-3.345694777483101e-51,1.2381722694719666e-15,-0.36016766443314197,0.0,70.0,255.0,255.0,255.0
2518,125.9,1.5597444544847874e-53,-5.772290837775022e-18,-1.2442668951640343,-3.1932546297270405e-53,1.1817573313921204e-17,1.1817490851615675,-2.3168718052582677e-51,8.574262184640464e-16,-0.3746837405552039,0.0,70.0,255.0,255.0,255.0
2519,125.95,1.0965004660969708e-53,-4.057920883045087e-18,-1.185647824272964,-1.1282006549806599e-52,4.1752367095722584e-17,1.162652732460392,-8.766037953193291e-52,3.244128896583892e-16,-0.3891074506010783,0.0,70.0,255.0,255.0,255.0
2520,126.0,4.315437995041275e-54,-1.5970541282027637e-18,-1.1280016219179951,-1.1959292582920331e-52,4.425886227976013e-17,1.1428383401014597,3.1728744115926885e-52,-1.1742150352120972e-16,-0.403371277562492,0.0,70.0,255.0,255.0,255.0
2521,126.05000000000001,-9.942879219506237e-55,3.67965344930926e-19,-1.071363990262818,-8.10913213821391e-53,3.001021674360161e-17,1.1223156047041427,8.774257835089744e-52,-3.2471709044475525e-16,-0.41744577208870925,0.0,70.0,255.0,255.0,255.0
2522,126.10000000000001,-3.7936941431726356e-54,1.4039675461573976e-18,-1.0157700614475809,-3.185034747830586e-53,1.1787153235284601e-17,1.1010937628925888,8.964762137476215e-52,-3.3176725969562395e-16,-0.4313841882814695,0.0,70.0,255.0,255.0,255.0
2523,126.15,-4.1793226697812094e-54,1.5466806684593862e-18,-0.9612546139735592,8.556299992623058e-54,-3.1665092259607864e-18,1.0791771858759958,6.208039291853901e-52,-2.2974666280671247e-16,-0.4452872777994221,0.0,70.0,255.0,255.0,255.0
2524,126.2,-2.93806414391033e-54,1.087316623561319e-18,-0.9078523428599813,3.0230045440233155e-53,-1.1187513045386648e-17,1.0565650351126465,2.3488527903787125e-52,-8.692617179821212e-17,-0.4592600002894409,0.0,70.0,255.0,255.0,255.0
2525,126.25,-1.1563181257578939e-54,4.2792936392072136e-19,-0.8555981104622945,3.204482789641018e-53,-1.1859126405781999e-17,1.0332511858470517,-8.50169136271634e-53,3.14629970425564e-17,-0.4734090460183249,0.0,70.0,255.0,255.0,255.0
2526,126.30000000000001,2.6641864573068846e-55,-9.859601701688107e-20,-0.8045272242752761,2.1728354077516816e-53,-8.041213341131008e-18,1.009224130510814,-2.3510553010947474e-52,8.700768215325595e-17,-0.4877867260457802,0.0,70.0,255.0,255.0,255.0
2527,126.35000000000001,1.0165172819937878e-54,-3.761919701923796e-19,-0.7546756974112131,8.534274885462705e-54,-3.158358190456403e-18,0.9844725132424736,-2.402100775073858e-52,8.8896769310529e-17,-0.5023328784757863,0.0,70.0,255.0,255.0,255.0
2528,126.4,1.119846134276959e-54,-4.144318360625214e-19,-0.7060799729510288,-2.292653673221766e-54,8.484635899218921e-19,0.9589908426632354,-1.663439114832932e-52,6.156043276280404e-17,-0.5169298522098575,0.0,70.0,255.0,255.0,255.0
2529,126.45,7.872519146716112e-55,-2.9134561120019037e-19,-0.6587766131448896,-8.100116262866616e-54,2.997685085824001e-18,0.9327795280214879,-6.293732083215658e-53,2.3291797534459963e-17,-0.5314525482436383,0.0,70.0,255.0,255.0,255.0
2530,126.5,3.0983450799029724e-55,-1.1466332748012125e-19,-0.61280202014888,-8.586385756437424e-54,3.1776433433678885e-18,0.9058455878388716,2.278021334938491e-53,-8.430484649015775e-18,-0.5457485290421005,0.0,70.0,255.0,255.0,255.0
2531,126.55000000000001,-7.138666097213116e-56,2.6418723136598516e-20,-0.5681920543610024,-5.822094927928125e-54,2.1546366209224235e-18,0.8782046751172778,6.2996336928924775e-53,-2.331363816826873e-17,-0.5597478365467201,0.0,70.0,255.0,255.0,255.0
2532,126.60000000000001,-2.7237498480251526e-55,1.0080033461212111e-19,-0.5249815526371522,-2.2867520635449463e-54,8.462795265410155e-19,0.8498708041841996,6.436409628192144e-53,-2.3819817546492057e-17,-0.573605230214036,0.0,70.0,255.0,255.0,255.0
2533,126.65,-3.000618673266258e-55,1.1104667579070008e-19,-0.48320497394258244,6.143147002640196e-55,-2.273451337267824e-19,0.8208441520958742,4.4571716747782605e-53,-1.6495068244503775e-17,-0.5875915417994371,0.0,70.0,255.0,255.0,255.0
2534,126.7,-2.109435147761133e-55,7.806582123944287e-20,-0.44289713742756476,2.1704196112333142e-54,-8.032272979093621e-19,0.7911116500042559,1.6864004290754818e-53,-6.2410183396277615e-18,-0.6019836062720552,0.0,70.0,255.0,255.0,255.0
2535,126.75,-8.301990620329438e-56,3.072394599976386e-20,-0.40409380894215685,2.3007151293395015e-54,-8.514469676895586e-19,0.7606457914686687,-6.10393977037638e-54,2.2589415535067555e-18,-0.6171448098429344,0.0,70.0,255.0,255.0,255.0
2536,126.80000000000001,1.912799815783688e-56,-7.07887552951299e-21,-0.3668325582806979,1.560025634195676e-54,-5.773331425586866e-19,0.7293971690199624,-1.6879817606224295e-53,6.246870519819006e-18,-0.6332152144789049,0.0,70.0,255.0,255.0,255.0
2537,126.85000000000001,7.298265721627325e-56,-2.7009368256104797e-20,-0.3311540920401606,6.1273336871707175e-55,-2.267599157076579e-19,0.6973242700207782,-1.724630762029987e-53,6.382500875439234e-18,-0.649646200666143,0.0,70.0,255.0,255.0,255.0
2538,126.9,8.040133502954406e-56,-2.975486710027878e-20,-0.29710013127862006,-1.646051278343111e-55,6.091694498523684e-20,0.6644325489533481,-1.1942955507837097e-53,4.419840215211042e-18,-0.6655039805924912,0.0,70.0,255.0,255.0,255.0
2539,126.95,5.652214443284214e-56,-2.0917673757581112e-20,-0.2647108371448258,-5.81562182066638e-55,2.1522410581344631e-19,0.6307738719615291,-4.518696330862744e-54,1.6722758240510862e-18,-0.679819739956733,0.0,70.0,255.0,255.0,255.0
2540,127.0,2.224511682288026e-56,-8.23245651893415e-21,-0.23402274408246715,-6.1647476092058554e-55,2.2814452739034548e-19,0.5964505749576748,1.635545732120566e-54,-6.052815650112404e-19,-0.6913242595595648,0.0,70.0,255.0,255.0,255.0
2541,127.05000000000001,-5.125331659216414e-57,1.8967789814534384e-21,-0.2050657796490583,-4.180076088545814e-55,1.5469594931232227e-19,0.5616414460055726,4.52293349597245e-54,-1.6738439110072907e-18,-0.6995375060024178,0.0,70.0,255.0,255.0,255.0
2542,127.10000000000001,-1.9555644062577879e-56,7.237138412298078e-21,-0.17785859948190988,-1.6418141132334054e-55,6.07601362896164e-20,0.5264968243574331,4.621134199278068e-54,-1.7101859552648758e-18,-0.7064117386816332,0.0,70.0,255.0,255.0,255.0
2543,127.15,-2.154347279155047e-56,7.972792610415078e-21,-0.152416097213315,4.410581107322545e-56,-1.6322646214165325e-20,0.4910002721374093,3.2001052835657766e-54,-1.1842926163403983e-18,-0.7152716034298123,0.0,70.0,255.0,255.0,255.0
2544,127.2,-1.5145062955255333e-56,5.604873790881545e-21,-0.12875857226816895,1.5582911703323715e-55,-5.766912534442343e-20,0.4549696640144518,1.2107810326961482e-54,-4.480849565765789e-19,-0.7295969210819653,0.0,70.0,255.0,255.0,255.0
2545,127.25,-5.960561088226757e-57,2.205880075972735e-21,-0.10691913081186982,1.6518391434284027e-55,-6.113114187182322e-20,0.4180405800292128,-4.3824315810587395e-55,1.6218470653820799e-19,-0.7540021612438458,0.0,70.0,255.0,255.0,255.0
2546,127.30000000000001,1.3733284790286974e-57,-5.082403963007777e-22,-0.08695451426524767,1.1200480122264976e-55,-4.145065469060263e-20,0.37956944789006725,-1.2119163776654913e-54,4.485051242101556e-19,-0.7902347615102906,0.0,70.0,255.0,255.0,255.0
2547,127.35000000000001,5.239919034038218e-57,-1.939185393087528e-21,-0.0689621860228631,4.399227657629113e-56,-1.628062945080766e-20,0.33901710387818373,-1.2382291768124012e-54,4.582429456202717e-19,-0.8311441406434805,0.0,70.0,255.0,255.0,255.0
2548,127.4,5.77255613665781e-57,-2.1363033413815435e-21,-0.05305280387742929,-1.1818116458590376e-56,4.373639871424534e-21,0.2964550338257192,-8.574656264260192e-55,3.173302501505511e-19,-0.8645723096511476,0.0,70.0,255.0,255.0,255.0
2549,127.45,4.05810738817918e-57,-1.5018214059450746e-21,-0.03931668264029117,-4.175428606631078e-56,1.5452395564247454e-20,0.252559872913069,-3.244277999218545e-55,1.200640022552288e-19,-0.8797394288633178,0.0,70.0,255.0,255.0,255.0
2550,127.5,1.5971275300267315e-57,-5.91063784956798e-22,-0.027796816586122392,-4.426089645077583e-56,1.6380040096947415e-20,0.2084810909393874,1.1742690030293366e-55,-4.34572611415915e-20,-0.8689111980298309,0.0,70.0,255.0,255.0,255.0
2551,127.55000000000001,-3.679822568984029e-58,1.3618260374966718e-22,-0.01846857354635243,-3.0011596036017413e-56,1.1106669450088304e-20,0.1656687531100859,3.2473201468952035e-55,-1.201765858333315e-19,-0.8286620959742838,0.0,70.0,255.0,255.0,255.0
2552,127.60000000000001,-1.4040320735750097e-57,5.196031600520325e-22,-0.011229941275113803,-1.1787694981823794e-56,4.362381513614264e-21,0.12561488134195903,3.317825079715368e-55,-1.2278582721621068e-19,-0.7602463840584193,0.0,70.0,255.0,255.0,255.0
2553,127.65,-1.5467517550807822e-57,5.724207551110936e-22,-0.005907085412156526,3.1666547611362647e-57,-1.1719132715327642e-21,0.08964411470424395,2.2975722213829847e-55,-8.502838426180631e-20,-0.6683669901336131,0.0,70.0,255.0,255.0,255.0
2554,127.7,-1.0873665974613833e-57,4.0241183289875607e-22,-0.0022655298046894085,1.1188027232006056e-56,-4.140456912566367e-21,0.05877818232859771,8.693016699126658e-56,-3.217105244433704e-20,-0.5602986967987346,0.0,70.0,255.0,255.0,255.0
2555,127.75,-4.2794903188017646e-58,1.5837506385445685e-22,-2.926717929675472e-05,1.1859671460262923e-56,-4.389018515966469e-21,0.03361424502437049,-3.1464443105861057e-56,1.164433802815784e-20,-0.44371267367678247,0.0,70.0,255.0,255.0,255.0
2556,127.80000000000001,9.860054856490893e-59,-3.649001869789084e-23,0.001095894697747641,8.04158292141995e-57,-2.9760231097505832e-21,0.014406914960919464,-8.70116810925884e-56,3.220121912317067e-20,-0.32429429048948666,0.0,70.0,255.0,255.0,255.0
2557,127.85000000000001,3.762092602618186e-58,-1.3922724712060149e-22,0.0014114243167951917,3.158503351004083e-57,-1.1688966036494012e-21,0.0011848159754218254,-8.890085507374595e-56,3.290036324457108e-20,-0.2080530737051735,0.0,70.0,255.0,255.0,255.0
2558,127.9,4.144508836653172e-58,-1.5337967906283097e-22,0.0012143762952898235,-8.48502585954647e-58,3.1401321470652485e-22,-0.006398392409597887,-6.156326212717512e-56,2.2783286896674183e-20,-0.10364551070026674,0.0,70.0,255.0,255.0,255.0
2559,127.95,2.9135900166635392e-58,-1.07825925649949e-22,0.000771585075835403,-2.9978228617134294e-57,1.1094320860180173e-21,-0.00917973509460485,-2.3292868043212064e-56,8.620207522119235e-21,-0.020003779279998992,0.0,70.0,255.0,255.0,255.0
2560,128.0,1.1466859749397427e-58,-4.243647046102925e-23,0.0002964027858293384,-3.177789390275854e-57,1.1760339669184484e-21,-0.008398770337597786,8.430872120510683e-57,-3.1200909710399897e-21,0.03610035427533619,0.0,70.0,255.0,255.0,255.0
2561,128.05,-2.641993736123149e-59,9.777471041895856e-24,-6.829195792437559e-05,-2.154735649662361e-57,7.974229889140183e-22,-0.00556969966707123,2.3314709680833303e-56,-8.628290659351152e-21,0.062111519004774046,0.0,70.0,255.0,255.0,255.0
2562,128.1,-1.0080496747226182e-58,3.730582843037259e-23,-0.00026056718087778466,-8.463184221925233e-58,3.1320490098333323e-22,-0.0021876184371203812,2.3820912323446367e-56,-8.815625762073353e-21,0.061573830394471785,0.0,70.0,255.0,255.0,255.0
2563,128.15,-1.1105177958048383e-58,4.109796114022918e-23,-0.0002870538016364137,2.2735558268227554e-58,-8.413958729331704e-23,0.0005876833723759492,1.6495826370401958e-56,-6.104763324890372e-21,0.042639475825115396,0.0,70.0,255.0,255.0,255.0
2564,128.20000000000002,-7.806940920403427e-59,2.889186970104089e-23,-0.00020179884364018974,8.032642148476726e-58,-2.97271431505704e-22,0.0020763291453911588,6.241305181583235e-57,-2.3097776441404884e-21,0.01613292813779786,0.0,70.0,255.0,255.0,255.0
2565,128.25,-3.072535809571657e-59,1.137081798965878e-23,-7.942088709729785e-05,8.51486100840599e-58,-3.1511735170736587e-22,0.0022009761861557352,-2.259045376181059e-57,8.3602585600185545e-22,-0.00583932617515564,0.0,70.0,255.0,255.0,255.0
2566,128.3,7.07920088002563e-60,-2.6198654696957052e-24,1.8298774975383796e-05,5.773596772295667e-58,-2.1366884590551845e-22,0.0014923965278755948,-6.247157630745547e-57,2.3119435142342088e-21,-0.01614805592581956,0.0,70.0,255.0,255.0,255.0
2567,128.35,2.70106096272401e-59,-9.996066600893068e-24,6.981876569026163e-05,2.2677033776604417e-58,-8.392300028394498e-23,0.0005861705935737789,-6.38279422004024e-57,2.362139803722633e-21,-0.016498658129090165,0.0,70.0,255.0,255.0,255.0
2568,128.4,2.975623465663005e-59,-1.1012165498090204e-23,7.69158343327617e-05,-6.091974477445744e-59,2.2545134466744872e-23,-0.00015746928503342187,-4.4200433544330153e-57,1.6357664028874352e-21,-0.011425213113025528,0.0,70.0,255.0,255.0,255.0
2569,128.45000000000002,2.0918635149794355e-59,-7.74155315421858e-24,5.4071837186919444e-05,-2.152339976772574e-58,7.965364000479855e-23,-0.0005563507177287738,-1.6723526831209175e-57,6.189030544427243e-22,-0.004322805066071019,0.0,70.0,255.0,255.0,255.0
2570,128.5,8.232834888904309e-60,-3.0468014976103487e-24,2.1280762559884317e-05,-2.281550130865492e-58,8.443543991101731e-23,-0.0005897497916405238,6.053093842130134e-58,-2.2401245296724905e-22,0.001564642732974967,0.0,70.0,255.0,255.0,255.0
2571,128.55,-1.8968661588605664e-60,7.0199083688315085e-25,-4.90314197713294e-06,-1.5470305925595605e-58,5.725239470807365e-23,-0.0003998864444312771,1.6739208421480473e-57,-6.19483397585374e-22,0.004326858544655581,0.0,70.0,255.0,255.0,255.0
2572,128.6,-7.237471036691298e-60,2.678437973197016e-24,-1.870788188324339e-05,-6.076292887174445e-59,2.248710015247991e-23,-0.00015706393717496573,1.7102645567138203e-57,-6.329334528168902e-22,0.004420802121886889,0.0,70.0,255.0,255.0,255.0
2573,128.65,-7.973159046035012e-60,2.950700852131142e-24,-2.0609535694629516e-05,1.6323396415426003e-59,-6.04095057361538e-24,4.219376775741186e-05,1.184347047330877e-57,-4.383022866596505e-22,0.003061376626988661,0.0,70.0,255.0,255.0,255.0
2574,128.70000000000002,-5.605131395148698e-60,2.074342915835478e-24,-1.4488505107502205e-05,5.767177586134326e-59,-2.1343128513485142e-23,0.0001490737255239004,4.481055509022707e-58,-1.6583457363108285e-22,0.0011582921264908924,0.0,70.0,255.0,255.0,255.0
2575,128.75,-2.2059814599006853e-60,8.163880007826278e-25,-5.7021631422394746e-06,6.113395150565308e-59,-2.2624407936723666e-23,0.0001580229804065011,-1.621921606708569e-58,6.002395586708925e-23,-0.00041924475674386705,0.0,70.0,255.0,255.0,255.0
2576,128.8,5.082637554166111e-61,-1.8809787783688867e-25,1.3137929331479069e-06,4.145255979425757e-59,-1.5340732926776217e-23,0.00010714924984951369,-4.4852573784719376e-58,1.6599007610748897e-22,-0.001159378252804164,0.0,70.0,255.0,255.0,255.0
2577,128.85,1.9392745195250718e-60,-7.176852918949939e-25,5.012761842711896e-06,1.6281377720933701e-59,-6.025400325974767e-24,4.2085155126084695e-05,-4.582640068150402e-58,1.6959400754492785e-22,-0.0011845503584573852,0.0,70.0,255.0,255.0,255.0
2578,128.9,2.1364015275099814e-60,-7.906379104343654e-25,5.522308445756376e-06,-4.3738408872464543e-60,1.6186678277165695e-24,-1.1305785996224843e-05,-3.173448348904934e-58,1.1744274375116777e-22,-0.0008202933949291266,0.0,70.0,255.0,255.0,255.0
2579,128.95000000000002,1.5018904308004264e-60,-5.558185091233369e-25,3.882183243089411e-06,-1.545310576811564e-59,5.718874049142012e-24,-3.994418436682797e-05,-1.2006952048816719e-58,4.44352400816082e-23,-0.00031036343989256245,0.0,70.0,255.0,255.0,255.0
2580,129.0,5.9109095069841734e-61,-2.1875050552016418e-25,1.5278900090735795e-06,-1.6380792936063174e-59,6.06219183587739e-24,-4.2342129985481094e-05,4.345925847041498e-59,-1.6083370501107902e-23,0.00011233629400050184,0.0,70.0,255.0,255.0,255.0
2581,129.05,-1.3618886280589116e-61,5.040067446440208e-26,-3.5202975545869864e-07,-1.1107179921074142e-59,4.110536999031222e-24,-2.871055496677779e-05,1.2018210924072918e-58,-4.447690684458225e-23,0.00031065446656108176,0.0,70.0,255.0,255.0,255.0
2582,129.1,-5.1962704140899684e-61,1.9230319438295804e-25,-1.3431654876041996e-06,-4.362582011990256e-60,1.6145011514191645e-24,-1.1276683329372912e-05,1.2279147054634058e-58,-4.5442577362821154e-23,0.00031739931194265335,0.0,70.0,255.0,255.0,255.0
2583,129.15,-5.7244706400491675e-61,2.118507896063185e-25,-1.4796980883959899e-06,1.1719671335599165e-60,-4.337207372508938e-25,3.0293762274875446e-06,8.503229223109566e-59,-3.146868834502072e-23,0.0002197969527278434,0.0,70.0,255.0,255.0,255.0
2584,129.20000000000002,-4.024303280530052e-61,1.4893112065786866e-25,-1.0402278648554451e-06,4.140647211119311e-60,-1.5323676830829076e-24,1.070301194341143e-05,3.217253105039649e-59,-1.1906386695349977e-23,8.31616330793574e-05,0.0,70.0,255.0,255.0,255.0
2585,129.25,-1.583823428929856e-61,5.861402129802775e-26,-4.0939689405484677e-07,4.389220238599566e-60,-1.6243594067858917e-24,1.1345539535423285e-05,-1.1644873210803132e-59,4.309526137342416e-24,-3.010041925813961e-05,0.0,70.0,255.0,255.0,255.0
2586,129.3,3.649169580695138e-62,-1.3504820020720514e-26,9.432608868688354e-08,2.976159890038998e-60,-1.101415069348666e-24,7.692970017597469e-06,-3.2202699115722333e-59,1.1917551270840096e-23,-8.323961344016307e-05,0.0,70.0,255.0,255.0,255.0
2587,129.35,1.3923364611091418e-61,-5.152748563683886e-26,3.599001077049002e-07,1.1689503270273323e-60,-4.326042797018821e-25,3.021578191406978e-06,-3.290187537032194e-59,1.2176301906356745e-23,-8.504688931322793e-05,0.0,70.0,255.0,255.0,255.0
2588,129.4,1.5338672850968462e-61,-5.676524799090873e-26,3.9648390782758136e-07,-3.140276469931963e-61,1.162151212870086e-25,-8.117189137253256e-07,-2.278433403388932e-59,8.432009628914974e-24,-5.889441598224731e-05,0.0,70.0,255.0,255.0,255.0
2589,129.45000000000002,1.0783088141159455e-61,-3.9905973508138e-26,2.787282163323676e-07,-1.1094830763616e-60,4.105966831896155e-25,-2.8678634068177533e-06,-8.620603713418973e-60,3.1903066997916852e-24,-2.22830924248672e-05,0.0,70.0,255.0,255.0,255.0
2590,129.5,4.243842087352463e-62,-1.5705579671947177e-26,1.0969756714580603e-07,-1.1760880183350937e-60,4.352457912661771e-25,-3.040028156212046e-06,3.120234372797519e-60,-1.1547340482617131e-24,8.065383032056718e-06,0.0,70.0,255.0,255.0,255.0
2591,129.55,-9.77792042191483e-63,3.618605618479707e-27,-2.527459928883697e-08,-7.97459639081848e-61,2.9512327836344416e-25,-2.0613251036120814e-06,8.628687222160234e-60,-3.1932982387781015e-24,2.2303987199570547e-05,0.0,70.0,255.0,255.0,255.0
2592,129.6,-3.730754303466019e-62,1.3806748164397237e-26,-9.643494321540214e-08,-3.1321929611907035e-61,1.1591596738836695e-25,-8.096294362549911e-07,8.816030934947207e-60,-3.2626302626058293e-24,2.2788245310258515e-05,0.0,70.0,255.0,255.0,255.0
2593,129.65,-4.109985003382187e-62,1.5210202357316403e-26,-1.0623754291433609e-07,8.41434544128728e-62,-3.113974789713881e-26,2.174994274137703e-07,6.105043904461588e-60,-2.2593501706392193e-24,1.5780711201145764e-05,0.0,70.0,255.0,255.0,255.0
2594,129.70000000000002,-2.889319759337291e-62,1.0692773374683355e-26,-7.468500047402511e-08,2.9728509432708838e-61,-1.10019049675555e-25,7.684416838595853e-07,2.309883803279348e-60,-8.548401038167834e-25,5.970736620111218e-06,0.0,70.0,255.0,255.0,255.0
2595,129.75,-1.137134060111303e-62,4.2082973897609014e-27,-2.9393374528377565e-08,3.151318347408076e-61,-1.1662375827881716e-25,8.145730894248921e-07,-8.360642803869252e-61,3.0941005570444754e-25,-2.1611128700872794e-06,0.0,70.0,255.0,255.0,255.0
2596,129.8,2.619985880707857e-63,-9.696024531983618e-28,6.772308468464102e-09,2.1367866628839585e-61,-7.907804410511025e-26,5.523303968508573e-07,-2.31204977291858e-60,8.556416842723189e-25,-5.976335358119022e-06,0.0,70.0,255.0,255.0,255.0
2597,129.85,9.996526027726555e-63,-3.699507020750125e-27,2.583966515670817e-08,8.39268574489496e-62,-3.1059589851585255e-26,2.1693955361298986e-07,-2.362248369466901e-60,8.742191440665736e-25,-6.106091927806085e-06,0.0,70.0,255.0,255.0,255.0
2598,129.9,1.1012671625602818e-62,-4.0755614383568875e-27,2.846626382976309e-08,-2.2546170658294247e-62,8.343870301547112e-27,-5.8278795929751246e-08,-1.6358415839570303e-60,6.053910536418979e-25,-4.228428822335777e-06,0.0,70.0,255.0,255.0,255.0
2599,129.95000000000002,7.74190896189713e-63,-2.8651199905954137e-27,2.0011785563733046e-08,-7.965730094675344e-62,2.9479515512604535e-26,-2.0590332862058789e-07,-6.189314996984318e-61,2.2905371547544397e-25,-1.599854055577733e-06,0.0,70.0,255.0,255.0,255.0
2600,130.0,3.046941530927474e-63,-1.1276098870964339e-27,7.875930967704298e-09,-8.443932062813743e-62,3.124924184909151e-26,-2.1826420148752455e-07,2.2402274875018425e-61,-8.290617455607541e-26,5.790684482923917e-07,0.0,70.0,255.0,255.0,255.0
2601,130.05,-7.020231009166137e-64,2.5980419431373743e-28,-1.8146345850194104e-09,-5.725502607173501e-62,2.1188898056996994e-26,-1.479964837913487e-07,6.1951186951409435e-61,-2.2926849831117353e-25,1.6013542329055564e-06,0.0,70.0,255.0,255.0,255.0
2602,130.1,-2.6785610762460277e-63,9.912799186032655e-28,-6.923717411430575e-09,-2.2488133676727995e-62,8.322392017974158e-27,-5.8128778196968895e-08,6.329625429203922e-61,-2.342463136604658e-25,1.6361224009658378e-06,0.0,70.0,255.0,255.0,255.0
2603,130.15,-2.950836468589413e-63,1.0920433961111532e-27,-7.6275124047163e-09,6.041228220304213e-63,-2.2357333090495852e-27,1.5615756305235086e-08,4.383224313665348e-61,-1.6221404392837298e-25,1.133004088197355e-06,0.0,70.0,255.0,255.0,255.0
2604,130.20000000000002,-2.0744382542156063e-63,7.67706587698307e-28,-5.362141780907067e-09,2.134410945992549e-62,-7.89901237486314e-27,5.517163062276663e-08,1.6584219551437847e-61,-6.137475808499325e-26,4.2867960219970944e-07,0.0,70.0,255.0,255.0,255.0
2605,130.25,-8.16425522596864e-64,3.0214215862483926e-28,-2.1103493424396375e-09,2.2625447771742064e-62,-8.373209117548911e-27,5.848371652520603e-08,-6.002671461381222e-62,2.2214642519854085e-26,-1.5516092308228997e-07,0.0,70.0,255.0,255.0,255.0
2606,130.3,1.8810652295860008e-64,-6.96143240565841e-29,4.862298716135369e-10,1.5341437998544266e-62,-5.677548122877731e-27,3.965553831453763e-08,-1.6599770513779676e-61,6.14323089723751e-26,-4.290815735032036e-07,0.0,70.0,255.0,255.0,255.0
2607,130.35,7.177182772575626e-64,-2.6561265366293383e-28,1.8552044890141263e-09,6.025677257962388e-63,-2.2299782203114005e-27,1.5575559174885673e-08,-1.6960180221466896e-61,6.276611057528925e-26,-4.383976760572658e-07,0.0,70.0,255.0,255.0,255.0
2608,130.4,7.906742487548389e-64,-2.9261214608772417e-28,2.0437857891021042e-09,-1.6187422229226326e-63,5.990629346511945e-28,-4.184229291188947e-09,-1.1744814150910905e-61,4.346512207159423e-26,-3.035875304536419e-07,0.0,70.0,255.0,255.0,255.0
2609,130.45000000000002,5.558440549652993e-64,-2.057063601978144e-28,1.4367815598952316e-09,-5.719136892948518e-63,2.1165339868480227e-27,-1.4783193870478518e-08,-4.443728235908193e-62,1.6445316864529512e-26,-1.1486435322110722e-07,0.0,70.0,255.0,255.0,255.0
2610,130.5,2.18760559459987e-64,-8.095874740292187e-29,5.654664020542523e-10,-6.062470458830826e-63,2.2435946211041456e-27,-1.567066461329967e-08,1.6084109705064433e-62,-5.952395523340981e-27,4.1575244036767105e-08,0.0,70.0,255.0,255.0,255.0
2611,130.55,-5.040299091778337e-65,1.8653101912600192e-29,-1.3028490143473518e-10,-4.110725922442075e-63,1.5212944345139246e-27,-1.0625669466801807e-08,4.447895103709222e-62,-1.6460737578327137e-26,1.1497206110725887e-07,0.0,70.0,255.0,255.0,255.0
2612,130.6,-1.9231203278422052e-64,7.117069604847059e-29,-4.971005446259285e-10,-1.614575355121604e-63,5.97520863271432e-28,-4.173458502573782e-09,4.5444665938283545e-62,-1.6818128640691302e-26,1.1746830326322531e-07,0.0,70.0,255.0,255.0,255.0
2613,130.65,-2.1186052642994377e-64,7.84051882397434e-29,-5.476307516921134e-10,4.337406713862802e-64,-1.6051842955520594e-28,1.1211608595207237e-09,3.1470134669902003e-62,-1.1646444358003841e-26,8.13460336172122e-08,0.0,70.0,255.0,255.0,255.0
2614,130.70000000000002,-1.489379656455925e-64,5.511885309295e-29,-3.849844586738561e-10,1.5324381118685966e-63,-5.671235725289523e-28,3.961144859147439e-09,1.1906933921949776e-62,-4.4065093731246064e-27,3.077781068471894e-08,0.0,70.0,255.0,255.0,255.0
2615,130.75,-5.86167152430841e-65,2.169283098684816e-29,-1.515162657773694e-10,1.624434063581258e-63,-6.011693668676666e-28,4.198941927992618e-09,-4.3097242064456063e-63,1.594939573509847e-27,-1.1140053064778578e-08,0.0,70.0,255.0,255.0,255.0
2616,130.8,1.3505440712533282e-65,-4.998083593816652e-30,3.490973412540569e-11,1.1014656912240359e-63,-4.076296151779676e-28,2.8471395526695815e-09,-1.191809901057231e-62,4.410641340933391e-27,-3.08066709258317e-08,0.0,70.0,255.0,255.0,255.0
2617,130.85,5.15298538793195e-65,-1.9070130530948598e-29,1.3319768948958879e-10,4.326241625240269e-64,-1.6010523277432747e-28,1.1182748354094474e-09,-1.2176861538465225e-62,4.506403987475971e-27,-3.147553699563543e-08,0.0,70.0,255.0,255.0,255.0
2618,130.9,5.676785696493598e-65,-2.10086068712494e-29,1.4673721766635046e-10,-1.1622046262248657e-64,4.301078356962959e-29,-3.0041414689396165e-10,-8.432397170498916e-63,3.1206553604211344e-27,-2.1796604015206974e-08,0.0,70.0,255.0,255.0,255.0
2619,130.95000000000002,3.990780761707084e-65,-1.476905217398564e-29,1.0315627480019262e-10,-4.106155545258647e-64,1.51960303267786e-28,-1.06138556611125e-09,-3.190453328717185e-63,1.1807206279689095e-27,-8.246889517768412e-09,0.0,70.0,255.0,255.0,255.0
2620,131.0,1.5706301512349499e-65,-5.812576544470798e-30,4.059866105522545e-11,-4.352657954942051e-64,1.6108284636652054e-28,-1.125103098670803e-09,1.154787120717957e-63,-4.273627706984028e-28,2.9849682223472782e-09,0.0,70.0,255.0,255.0,255.0
2621,131.05,-3.618771932349673e-66,1.3392324626664175e-30,-9.354035066887687e-12,-2.95136842454069e-64,1.0922402619794572e-28,-7.628887438765221e-10,3.19344500519701e-63,-1.1818277854064259e-27,8.254622596067951e-09,0.0,70.0,255.0,255.0,255.0
2622,131.1,-1.38073827330574e-65,5.109826075323775e-30,-3.5690213332426765e-11,-1.1592129497450406e-64,4.290006782587793e-29,-2.996408390640078e-10,3.2627802155773556e-63,-1.2074873092125776e-27,8.433844719316439e-09,0.0,70.0,255.0,255.0,255.0
2623,131.15,-1.5210901429800078e-65,5.629239245254211e-30,-3.931811897328847e-11,3.114117910366658e-65,-1.1524704723312063e-29,8.049572805512185e-11,2.259454012093672e-63,-8.361770836806967e-28,5.840382443615672e-09,0.0,70.0,255.0,255.0,255.0
2624,131.20000000000002,-1.0693264822690742e-65,3.9573556029925685e-30,-2.764064052691458e-11,1.1002410623486313e-64,-4.0717640542191744e-29,2.843974052975594e-10,8.548793929189594e-64,-3.163731387510372e-28,2.2097473863547353e-09,0.0,70.0,255.0,255.0,255.0
2625,131.25,-4.208490806313764e-66,1.5574751910350364e-30,-1.0878378443532528e-11,1.1662911839556253e-64,-4.3162018598415784e-29,3.014704666905954e-10,-3.09424276426239e-64,1.14511509283764e-28,-7.998198246105166e-10,0.0,70.0,255.0,255.0,255.0
2626,131.3,9.69647016865512e-67,-3.588462568490099e-31,2.506406142144963e-12,7.908167859223923e-65,-2.9266489613815344e-29,2.0441542283650773e-10,-8.556810102157425e-64,3.1666980069231396e-28,-2.2118194584401053e-09,0.0,70.0,255.0,255.0,255.0
2627,131.35,3.69967705291016e-66,-1.3691737703464983e-30,9.563163840118245e-12,3.106101737398827e-65,-1.1495038529184385e-29,8.028852084658486e-11,-8.742593238441967e-64,3.235452493743395e-28,-2.259841881630329e-09,0.0,70.0,255.0,255.0,255.0
2628,131.4,4.075748754264339e-66,-1.5083501097674485e-30,1.053525822680345e-11,-8.344253792180452e-66,3.0880353236186077e-30,-2.1568765326525205e-11,-6.054188778757589e-64,2.24052974301654e-28,-1.5649257592557259e-09,0.0,70.0,255.0,255.0,255.0
2629,131.45000000000002,2.8652516736921146e-66,-1.0603702379846375e-30,7.406287307465724e-12,-2.948087041358762e-65,1.0910258900981018e-29,-7.620405507898774e-11,-2.2906424295864304e-64,8.477192703524001e-29,-5.92100027650535e-10,0.0,70.0,255.0,255.0,255.0
2630,131.5,1.1276617129055769e-66,-4.173242196693466e-31,2.9148527189046767e-12,-3.125067808804476e-65,1.156522802714261e-29,-8.077876809157871e-11,8.290998498699521e-65,-3.068326643665358e-29,2.1431107609478994e-10,0.0,70.0,255.0,255.0,255.0
2631,131.55,-2.598161351123615e-67,9.615256472962334e-32,-6.715895016921471e-13,-2.11898719148881e-65,7.84193225731566e-30,-5.477294746950874e-11,2.2927903566595536e-64,-8.485141736283012e-29,5.92655237692469e-10,0.0,70.0,255.0,255.0,255.0
2632,131.6,-9.913254785832333e-67,3.6686900606221952e-31,-2.562442028046197e-12,-8.322774521449224e-66,3.0800862908595967e-30,-2.1513244322331793e-11,2.3425707979943185e-64,-8.669368828478044e-29,6.055228072048755e-10,0.0,70.0,255.0,255.0,255.0
2633,131.65,-1.0920935872572838e-66,4.04161193815583e-31,-2.8229139339253264e-12,2.2358360650550865e-66,-8.274365711623843e-31,5.779333250978816e-12,1.6222149940936602e-64,-6.003481352591928e-29,4.1932059340723356e-10,0.0,70.0,255.0,255.0,255.0
2634,131.70000000000002,-7.677418720777246e-67,2.841253489459811e-31,-1.9845087029483153e-12,7.89937541948738e-66,-2.9233950617323317e-30,2.0418815018391563e-11,6.137757891561488e-65,-2.2714569389922652e-29,1.5865272424740642e-10,0.0,70.0,255.0,255.0,255.0
2635,131.75,-3.0215604530854575e-67,1.1182168764234985e-31,-7.810324320861702e-13,8.373593956616574e-66,-3.0988935101546495e-30,2.164460567571946e-11,-2.221566352174186e-65,8.22155646285029e-30,-5.742447976864394e-11,0.0,70.0,255.0,255.0,255.0
2636,131.8,6.961752358393279e-68,-2.5764002069483865e-32,1.7995186462363095e-13,5.677809067313194e-66,-2.1012394154473026e-30,1.467636704152717e-11,-6.14351324480793e-65,2.273586875900649e-29,-1.5880149232977222e-10,0.0,70.0,255.0,255.0,255.0
2637,131.85,2.6562486142277366e-67,-9.830225390238042e-32,6.866042720665467e-13,2.2300807118086434e-66,-8.253066342540005e-31,5.764456442742237e-12,-6.276899535353083e-65,2.3229503764782413e-29,-1.622493471891728e-10,0.0,70.0,255.0,255.0,255.0
2638,131.9,2.9262559476479713e-67,-1.0829466549488393e-31,7.563975088978547e-13,-5.9909046803989e-67,2.2171096103093892e-31,-1.5485676773901107e-12,-4.3467119761705484e-65,1.608627980202311e-29,-1.1235661437320736e-10,0.0,70.0,255.0,255.0,255.0
2639,131.95000000000002,2.0571581461878466e-67,-7.613115779928652e-32,5.317475043275356e-13,-2.116631264361905e-66,7.833213459483105e-31,-5.471204994578498e-12,-1.6446072703816506e-65,6.0863505244504615e-30,-4.251086933909012e-11,0.0,70.0,255.0,255.0,255.0
2640,132.0,8.096246832860663e-68,-2.996253090005288e-32,2.0927700944000485e-13,-2.2436977384215405e-66,8.30346013475985e-31,-5.799654611299123e-12,5.95266909997228e-66,-2.2029594147476155e-30,1.5386842979785484e-11,0.0,70.0,255.0,255.0,255.0
2641,132.05,-1.8653959223369403e-68,6.903443548311985e-33,-4.821795680237674e-14,-1.521364354364677e-66,5.630254044735489e-31,-3.93252069659995e-12,1.646149412636191e-65,-6.092057673195776e-30,4.2550731626619583e-11,0.0,70.0,255.0,255.0,255.0
2642,132.1,-7.117396710786107e-68,2.6340009547302016e-32,-1.8397506021999015e-13,-5.975483257853496e-67,2.2114024615640737e-31,-1.5445814486371643e-12,1.6818901614691484e-65,-6.2243267743491716e-30,4.34745815518157e-11,0.0,70.0,255.0,255.0,255.0
2643,132.15,-7.840879180190437e-68,2.9017468163952724e-32,-2.0267610166609319e-13,1.605258071044716e-67,-5.940727296136821e-32,4.149374585816203e-13,1.1646979637455882e-65,-4.310305682173173e-30,3.010586408559598e-11,0.0,70.0,255.0,255.0,255.0
2644,132.20000000000002,-5.512138639741391e-68,2.0399282251165195e-32,-1.4248131436182812e-13,5.6714963796023875e-67,-2.098903220609099e-31,1.4660049599224338e-12,4.406711899651167e-66,-1.6308327078792414e-30,1.1390753108954163e-11,0.0,70.0,255.0,255.0,255.0
2645,132.25,-2.1693828005880496e-68,8.028435957861733e-33,-5.607560567384981e-14,6.011969970695883e-67,-2.2249054374929235e-31,1.5540127694770368e-12,-1.5950128781472716e-66,5.902811961401622e-31,-4.122892150498008e-12,0.0,70.0,255.0,255.0,255.0
2646,132.3,4.99831330954492e-69,-1.84977212376404e-33,1.2919962585875572e-14,4.076483501455116e-67,-1.508622024468937e-31,1.053715744872633e-12,-4.4108440573683437e-66,1.632361933776633e-30,-1.1401434176706146e-11,0.0,70.0,255.0,255.0,255.0
2647,132.35,1.9071007008670667e-68,-7.057784286827638e-33,4.9295968813413496e-14,1.601125913327539e-67,-5.925435037162905e-32,4.1386935180642206e-13,-4.5066111052350896e-66,1.6678033326142757e-30,-1.164897901809e-11,0.0,70.0,255.0,255.0,255.0
2648,132.4,2.100957244282031e-68,-7.775207160926945e-33,5.4306897766517784e-14,-4.301276037799741e-68,1.591813081453389e-32,-1.1118215693636717e-13,-3.120798788118034e-66,1.154942926669581e-30,-8.066841969176585e-12,0.0,70.0,255.0,255.0,255.0
2649,132.45000000000002,1.4769730970870926e-68,-5.465971205374249e-33,3.817775311977678e-14,-1.5196728747904956e-67,5.623994229532907e-32,-3.928148451112365e-13,-1.1807748947881478e-66,4.369803070665036e-31,-3.0521430967265742e-12,0.0,70.0,255.0,255.0,255.0
2650,132.5,5.812843694915351e-69,-2.151212931394038e-33,1.5025413255394134e-14,-1.610902498568122e-67,5.961616152118426e-32,-4.163964666090246e-13,4.273824126168022e-67,-1.5816536981303356e-31,1.1047256222065563e-12,0.0,70.0,255.0,255.0,255.0
2651,132.55,-1.3392940148102935e-69,4.956449467441769e-34,-3.4618935411256794e-15,-1.0922904621736934e-67,4.042340531402571e-32,-2.8234228289058086e-13,1.1818821031114642e-66,-4.3739006191075455e-31,3.0550050802050157e-12,0.0,70.0,255.0,255.0,255.0
2652,132.6,-5.110060926821585e-69,1.8911276000085328e-33,-1.3208815033663954e-14,-4.290203954566576e-68,1.5877155330108803e-32,-1.10895958588523e-13,1.207542806248871e-66,-4.468865561079302e-31,3.121334520544307e-12,0.0,70.0,255.0,255.0,255.0
2653,132.65,-5.62949796937687e-69,2.0833604797550575e-33,-1.455148939997798e-14,1.1525234407517762e-68,-4.265250296767316e-33,2.9791169163849865e-14,8.362155150162534e-67,-3.0946602450515166e-31,2.161503791110353e-12,0.0,70.0,255.0,255.0,255.0
2654,132.70000000000002,-3.957537486069808e-69,1.4646025703318011e-33,-1.0229698117278968e-14,4.0719511955959584e-68,-1.5069447120406363e-32,1.0525442052251234e-13,3.1638767950142854e-67,-1.170885203867738e-31,8.178192779521124e-13,0.0,70.0,255.0,255.0,255.0
2655,132.75,-1.557546773780912e-69,5.764157677144211e-34,-4.026047347726746e-15,4.316400235766062e-68,-1.5974102335444696e-32,1.1157309695906111e-13,-1.1451677231993694e-67,4.2380283111972184e-32,-2.960103383282159e-13,0.0,70.0,255.0,255.0,255.0
2656,132.8,3.588627496962537e-70,-1.3280766321266862e-34,9.27611578627144e-16,2.926783472396589e-68,-1.0831418809209145e-32,7.565338668969075e-14,-3.1668435507751384e-67,1.1719831386638545e-31,-8.185861441139112e-13,0.0,70.0,255.0,255.0,255.0
2657,132.85,1.3692366986156774e-69,-5.0672611320649335e-34,3.539291321242329e-15,1.1495566849909231e-68,-4.254270948806152e-33,2.9714482547669985e-14,-3.235601197603966e-67,1.1974289181744553e-31,-8.363590640872328e-13,0.0,70.0,255.0,255.0,255.0
2658,132.9,1.508419434687177e-69,-5.582347580932838e-34,3.8990598333941426e-15,-3.0881772520737727e-69,1.1428703725354078e-33,-7.982519719032543e-15,-2.2406327194698044e-67,8.292117135102543e-32,-5.791731952648297e-13,0.0,70.0,255.0,255.0,255.0
2659,132.95000000000002,1.0604189734083001e-69,-3.924390759529526e-34,2.7410393493390748e-15,-1.0910760344788814e-68,4.0378461862963913e-33,-2.8202836978812982e-14,-8.477582321756465e-68,3.137377448059109e-32,-2.191340150818723e-13,0.0,70.0,255.0,255.0,255.0
2660,133.0,4.173434002082955e-70,-1.5445013946364457e-34,1.0787761355128446e-15,-1.1565759573830238e-68,4.2802478205945174e-33,-2.989592122721977e-14,3.068467666294585e-68,-1.1355762634855296e-32,7.931573110630895e-14,0.0,70.0,255.0,255.0,255.0
2661,133.05,-9.615698397472363e-71,3.5585706106499194e-35,-2.485527733829024e-16,-7.842292678494229e-69,2.9022699228108616e-33,-2.0271263868182085e-14,8.485531719859075e-68,-3.1403193554787234e-32,2.1933949625062915e-13,0.0,70.0,255.0,255.0,255.0
2662,133.1,-3.6688586764112744e-70,1.3577685281744161e-34,-9.483502513053637e-16,-3.0802278539711615e-69,1.1399284651157937e-33,-7.961971602156856e-15,8.66976727927156e-68,-3.208501116185182e-32,2.2410173580462368e-13,0.0,70.0,255.0,255.0,255.0
2663,133.15,-4.041797693718398e-70,1.4957855261807856e-34,-1.044749933598588e-15,8.27474600777331e-70,-3.062311933743202e-34,2.1389097122802856e-15,6.003757277166841e-68,-2.2218660898950008e-32,1.5518898994896394e-13,0.0,70.0,255.0,255.0,255.0
2664,133.20000000000002,-2.8413840756339434e-70,1.051537334800096e-34,-7.344592800773351e-16,2.92352942319568e-69,-1.0819376247792071e-33,7.55692739273954e-15,2.2715613368830073e-68,-8.406577535590532e-33,5.871678237537709e-14,0.0,70.0,255.0,255.0,255.0
2665,133.25,-1.1182682705227176e-70,4.1384790140157836e-35,-2.890571943246341e-16,3.0990359376603383e-69,-1.1468889469333734e-33,8.010587949817996e-15,-8.221934331846438e-69,3.042767427448998e-33,-2.1252586097019544e-14,0.0,70.0,255.0,255.0,255.0
2666,133.3,2.5765186202639506e-71,-9.535161213327747e-36,6.659951490446458e-17,2.101335990011036e-69,-7.776608820343073e-34,5.431668783037585e-15,-2.273691371684914e-68,8.414460352763474e-33,-5.877184088860534e-14,0.0,70.0,255.0,255.0,255.0
2667,133.35,9.830677194883184e-71,-3.63812980632729e-35,2.541096839791244e-16,8.253445659754238e-70,-3.0544291165702603e-34,2.1334038609574618e-15,-2.323057141046587e-68,8.597152829961752e-33,-6.004787913126171e-14,0.0,70.0,255.0,255.0,255.0
2668,133.4,1.082996428001819e-70,-4.007945237903035e-35,2.799399010002108e-16,-2.2172115103555152e-70,8.205440096186794e-35,-5.731191300885866e-16,-1.6087019139693325e-68,5.953472244774616e-33,-4.158276453102651e-14,0.0,70.0,255.0,255.0,255.0
2669,133.45000000000002,7.613465684527669e-71,-2.817585796708611e-35,1.9679777097026575e-16,-7.833573479939088e-70,2.899043128204356e-34,-2.0248725921451893e-15,-6.08663025775563e-69,2.252535661771104e-33,-1.5733114419636285e-14,0.0,70.0,255.0,255.0,255.0
2670,133.5,2.9963908000791012e-71,-1.1089021096986797e-35,7.745264178569184e-17,-8.303841768111146e-70,3.073079671389783e-34,-2.1464305720522153e-15,2.2030606644399807e-69,-8.153070749406826e-34,5.694613281769293e-15,0.0,70.0,255.0,255.0,255.0
2671,133.55,-6.903760835834785e-72,2.5549387468117214e-36,-1.7845286234955783e-17,-5.630512815499107e-70,2.083736053263673e-34,-1.45541126396826e-15,6.092337668805845e-69,-2.2546478562666734e-33,1.574786730379224e-14,0.0,70.0,255.0,255.0,255.0
2672,133.6,-2.634122015420006e-71,9.748339435649934e-36,-6.808848461113417e-17,-2.2115040993053008e-70,8.184318151231097e-35,-5.716438416729913e-16,6.224612849147859e-69,-2.3036001579951925e-33,1.6089780720423242e-14,0.0,70.0,255.0,255.0,255.0
2673,133.65,-2.901880182888779e-71,1.0739256898042819e-35,-7.500967040225491e-17,5.941000336487522e-71,-2.1986410473151958e-35,1.5356680807406437e-16,4.310503787104838e-69,-1.5952280801484623e-33,1.1142068175142089e-14,0.0,70.0,255.0,255.0,255.0
2674,133.70000000000002,-2.0400219817712536e-71,7.549698388334738e-36,-5.2731803803727736e-17,2.0989996877995375e-70,-7.767962650253526e-35,5.425629758412176e-16,1.630907662192455e-69,-6.035651114938726e-34,4.2156753031679936e-15,0.0,70.0,255.0,255.0,255.0
2675,133.75,-8.028804950892416e-72,2.9712942477892937e-36,-2.0753372818133146e-17,2.2250076958412072e-70,-8.234292162253922e-35,5.751343383908637e-16,-5.903083259134646e-70,2.1846087231373674e-34,-1.5258670300576287e-15,0.0,70.0,255.0,255.0,255.0
2676,133.8,1.8498571406995362e-72,-6.845937739191847e-37,4.781630035358642e-18,1.508691361886073e-70,-5.583353927116158e-35,3.899762728354548e-16,-1.6324369583742339e-69,6.04131072303217e-34,-4.219628326563612e-15,0.0,70.0,255.0,255.0,255.0
2677,133.85,7.058108667968312e-72,-2.6120596793268648e-36,1.8244254465412334e-17,5.925707374669732e-71,-2.1929814392217516e-35,1.5317150573450248e-16,-1.6678799861255582e-69,6.172478020190181e-34,-4.311243750431256e-15,0.0,70.0,255.0,255.0,255.0
2678,133.9,7.775564515369269e-72,-2.8775752131409363e-36,2.009878060880889e-17,-1.5918862423948542e-71,5.891240930740235e-36,-4.114810220767088e-17,-1.1549960087260379e-69,4.274400758192307e-34,-2.9855081695418345e-15,0.0,70.0,255.0,255.0,255.0
2679,133.95000000000002,5.466222425573458e-72,-2.0229355862528413e-36,1.4129444244645246e-17,-5.624252712590648e-71,2.081419318970556e-35,-1.45379311219681e-16,-4.370003910141991e-70,1.6172478420438393e-34,-1.1295867930356907e-15,0.0,70.0,255.0,255.0,255.0
2680,134.0,2.1513118027786201e-72,-7.961558941703803e-37,5.560849486840788e-18,-5.961890152536845e-71,2.2063719351178627e-35,-1.5410678151123996e-16,1.5817263921388117e-70,-5.853641431426441e-35,4.088548384612175e-16,0.0,70.0,255.0,255.0,255.0
2681,134.05,-4.956677269633881e-73,1.834363488650213e-37,-1.2812339064787493e-18,-4.0425263204518365e-71,1.496055175827912e-35,-1.0449382737355925e-16,4.374101646910944e-70,-1.6187643294619537e-34,1.1306460024622095e-15,0.0,70.0,255.0,255.0,255.0
2682,134.1,-1.8912145176732167e-72,6.998992816575317e-37,-4.888533250515139e-18,-1.587788505625901e-71,5.876076056559088e-36,-4.1042181265019005e-17,4.469070953543753e-70,-1.6539105008088153e-34,1.1551942813017796e-15,0.0,70.0,255.0,255.0,255.0
2683,134.15,-2.0834562325892892e-72,7.710439545209301e-37,-5.3854520329806504e-18,4.2654463309191596e-72,-1.5785532498090336e-36,1.102560075661872e-17,3.094802477993116e-70,-1.1453222312846068e-34,7.999645030252538e-16,0.0,70.0,255.0,255.0,255.0
2684,134.20000000000002,-1.4646698845813007e-72,5.420439566766283e-37,-3.785973174853267e-18,1.5070139723672151e-71,-5.5771462562869794e-36,3.895426903750638e-17,1.1709390186433947e-70,-4.333402532366208e-35,3.0267186897477483e-16,0.0,70.0,255.0,255.0,255.0
2685,134.25,-5.76442260222074e-73,2.133293288922321e-37,-1.4900251292300116e-18,1.5974836517353107e-71,-5.911955782175241e-36,4.1292787654096205e-17,-4.238223094205873e-71,1.5684784943320762e-35,-1.0955232378724042e-16,0.0,70.0,255.0,255.0,255.0
2686,134.3,1.3281376715401011e-73,-4.915162154089588e-38,3.4330559055635363e-19,1.0831916629466278e-71,-4.008667761954903e-36,2.799903665878234e-17,-1.1720370039014311e-70,4.337465948156375e-35,-3.0295568328522607e-16,0.0,70.0,255.0,255.0,255.0
2687,134.35,5.0674940272455384e-73,-1.875374473032583e-37,1.309878536648223e-18,4.2544664783387946e-72,-1.5744898340188656e-36,1.0997219325573593e-17,-1.1974839529194363e-70,4.431639830450756e-35,-3.095333747758631e-16,0.0,70.0,255.0,255.0,255.0
2688,134.4,5.582604149878896e-73,-2.0660060494278245e-37,1.4430275231137131e-18,-1.1429228997280857e-72,4.229720684958528e-37,-2.9543008188039676e-18,-8.29249824712093e-71,3.068881669461221e-35,-2.1434984255918113e-16,0.0,70.0,255.0,255.0,255.0
2689,134.45000000000002,3.9245711275174526e-73,-1.45240240453673e-37,1.0144484547678262e-18,-4.0380317687821367e-72,1.4943918354423558e-36,-1.0437764930344522e-17,-3.1375216443158882e-71,1.1611317090265102e-35,-8.110068286340939e-17,0.0,70.0,255.0,255.0,255.0
2690,134.5,1.544572381096759e-73,-5.716142139854687e-38,3.9925103007926083e-19,-4.2804445440439737e-72,1.584103777522363e-36,-1.1064369105144907e-17,1.1356284554353984e-71,-4.202725459018638e-36,2.9354456687743924e-17,0.0,70.0,255.0,255.0,255.0
2691,134.55,-3.55873416526521e-74,1.3170137298563307e-38,-9.198845574666466e-20,-2.9024033133467383e-72,1.074119289540492e-36,-7.50231926157013e-18,3.14046368694781e-71,-1.1622204980059964e-35,8.117673067869526e-17,0.0,70.0,255.0,255.0,255.0
2692,134.6,-1.3578309322499794e-73,5.025050755550234e-38,-3.509808960777522e-19,-1.1399808570961635e-72,4.218832795163666e-37,-2.9466960372753806e-18,3.208648581339915e-71,-1.1874543137148779e-35,8.293921780167257e-17,0.0,70.0,255.0,255.0,255.0
2693,134.65,-1.4958542736226846e-73,5.535846525019997e-38,-3.8665805947420275e-19,3.0624526799317666e-73,-1.1333502417438588e-37,7.91602518597127e-19,2.221968208552555e-71,-8.223043649988088e-36,5.743486721147088e-17,0.0,70.0,255.0,255.0,255.0
2694,134.70000000000002,-1.0515856642568028e-73,3.891700513806375e-38,-2.718206442180395e-19,1.0819873514563916e-72,-4.004210854824422e-37,2.796790683871708e-18,8.406963908296116e-72,-3.111243037398219e-36,2.1730862478863156e-17,0.0,70.0,255.0,255.0,255.0
2695,134.75,-4.138669221662931e-74,1.5316356701955746e-38,-1.0697899108703194e-19,1.1469416588227883e-72,-4.244593279142078e-37,2.9646887664834426e-18,-3.0429072753571804e-72,1.1261168927537604e-36,-7.865502963735343e-18,0.0,70.0,255.0,255.0,255.0
2696,134.8,9.535599456598569e-75,-3.5289276533570296e-39,2.464823243030479e-20,7.776966239206735e-73,-2.8780939620706617e-37,2.0102403874981737e-18,-8.41484708776932e-72,3.114160438676036e-36,-2.175123942955514e-17,0.0,70.0,255.0,255.0,255.0
2697,134.85,3.6382970175438034e-74,-1.346458291875087e-38,9.404504766278545e-20,3.054569500458562e-73,-1.1304328404660419e-37,7.895648235279285e-19,-8.597547961652979e-72,3.181774244087545e-36,-2.2223496430827155e-17,0.0,70.0,255.0,255.0,255.0
2698,134.9,4.008129446118419e-74,-1.4833256058017448e-38,1.0360471478309764e-19,-8.205817224462433e-74,3.036802820168839e-38,-2.1210925558454197e-19,-5.953745870892855e-72,2.2033579053401816e-36,-1.53896262867024e-17,0.0,70.0,255.0,255.0,255.0
2699,134.95000000000002,2.81771529509756e-74,-1.0427780098582031e-38,7.283412210433125e-20,-2.899176370434294e-73,1.0729250648741397e-37,-7.493978051423114e-19,-2.2526391900255407e-72,8.336550593278067e-37,-5.822767052043181e-18,0.0,70.0,255.0,255.0,255.0
2700,135.0,1.1089530756841248e-74,-4.10400540927605e-39,2.8664934268866486e-20,-3.073220912471784e-73,1.1373353413446908e-37,-7.943859607888601e-19,8.153445470747442e-73,-3.0174211199641603e-37,2.1075551671974868e-18,0.0,70.0,255.0,255.0,255.0
2701,135.05,-2.5550561737422434e-75,9.455733148648777e-40,-6.6044739745547674e-21,-2.0838318233595498e-73,7.711829528777237e-38,-5.386422884225627e-19,2.2547514815991748e-72,-8.344367746441952e-37,5.828227039525298e-18,0.0,70.0,255.0,255.0,255.0
2702,135.1,-9.748787476754248e-75,3.607824119501188e-39,-2.519929457338979e-20,-8.184694308726093e-74,3.0289856670049563e-38,-2.1156325683633028e-19,2.3037060332127605e-72,-8.525538392014036e-37,5.954767921636072e-18,0.0,70.0,255.0,255.0,255.0
2703,135.15,-1.0739750482468337e-74,3.974558981869834e-39,-2.77607996581878e-20,2.1987420985321093e-74,-8.137088632367993e-39,5.68345037410445e-20,1.5953013980458718e-72,-5.903879713726312e-37,4.123637935338684e-18,0.0,70.0,255.0,255.0,255.0
2704,135.20000000000002,-7.550045378222138e-75,2.7941152562643884e-39,-1.951584419928534e-20,7.768319671732625e-74,-2.874894046721356e-38,2.0080053669753816e-19,6.035928518060415e-73,-2.2337719991300515e-37,1.5602057293095215e-18,0.0,70.0,255.0,255.0,255.0
2705,135.25,-2.9714308107357117e-75,1.0996649351484779e-39,-7.68074598843398e-21,8.234670616592525e-74,-3.047480862366851e-38,2.1285507667199666e-19,-2.1847091294179717e-73,8.085155523190091e-38,-5.647177050546061e-19,0.0,70.0,255.0,255.0,255.0
2706,135.3,6.846252383703876e-76,-2.5336560610246306e-40,1.769663467914325e-21,5.583610542314653e-74,-2.066378494402347e-38,1.4432876619207755e-19,-6.041588386273762e-73,2.235866599007426e-37,-1.5616687285460379e-18,0.0,70.0,255.0,255.0,255.0
2707,135.35,2.612179731578942e-75,-9.667135592538693e-40,6.752130630773773e-21,2.1930822303187626e-74,-8.11614263359425e-39,5.668820381739287e-20,-6.172761711980643e-73,2.2844111271806933e-37,-1.5955752557171413e-18,0.0,70.0,255.0,255.0,255.0
2708,135.4,2.8777074686891504e-75,-1.064979869461888e-39,7.438483849653612e-21,-5.8915116966599e-75,2.1803263277834627e-39,-1.5228759379636588e-20,-4.2745972129063234e-73,1.581939801503455e-37,-1.1049254546523427e-18,0.0,70.0,255.0,255.0,255.0
2709,135.45000000000002,2.023028561912952e-75,-7.48680926475523e-40,5.229254692810114e-21,-2.081514982587561e-74,7.703255381440302e-39,-5.3804341647841414e-20,-1.617322171986272e-73,5.985374032421536e-38,-4.1805586519489583e-19,0.0,70.0,255.0,255.0,255.0
2710,135.5,7.961924861015896e-76,-2.9465433131785785e-40,2.058049684869471e-21,-2.206473341652262e-74,8.165700360204998e-39,-5.703434589912617e-20,5.853910469244471e-74,-2.1664108931188183e-38,1.513156530209391e-19,0.0,70.0,255.0,255.0,255.0
2711,135.55,-1.834447797393104e-76,6.788910954497671e-41,-4.741798971025029e-22,-1.4961239356631138e-74,5.536844488321483e-39,-3.86727763457475e-20,1.6188387291033045e-73,-5.990986495877611e-38,4.184478746588486e-19,0.0,70.0,255.0,255.0,255.0
2712,135.6,-6.999314495615244e-76,2.5903011751429054e-40,-1.8092279497052797e-21,-5.876346125489576e-75,2.174713864327387e-39,-1.518955843324131e-20,1.6539865157949673e-73,-6.121061167087376e-38,4.2753310123249004e-19,0.0,70.0,255.0,255.0,255.0
2713,135.65,-7.71079392288268e-76,2.853604959777154e-40,-1.993135740426634e-21,1.5786258013185375e-75,-5.842166787658935e-40,4.080533777501501e-21,1.145374871166577e-73,-4.2387949228750154e-38,2.9606388327068627e-19,0.0,70.0,255.0,255.0,255.0
2714,135.70000000000002,-5.420688694296707e-76,2.006084496377012e-40,-1.4011745719551296e-21,5.5774025861761935e-75,-2.064081058547629e-39,1.441682989382732e-20,4.333601698846703e-74,-1.6037761383855635e-38,1.1201773147006673e-19,0.0,70.0,255.0,255.0,255.0
2715,135.75,-2.133391336706487e-76,7.895239012295249e-41,-5.514527510439018e-22,5.912227500165241e-75,-2.1879928171514574e-39,1.5282306924508176e-20,-1.5685505827981516e-74,5.8048804928517467e-39,-4.0544907029148506e-20,0.0,70.0,255.0,255.0,255.0
2716,135.8,4.9153880586853384e-77,-1.8190832077444524e-41,1.2705612049568818e-22,4.008852003378042e-75,-1.4835930092624543e-39,1.036233919091247e-20,-4.3376653013945525e-74,1.605279993436168e-38,-1.1212277008935814e-19,0.0,70.0,255.0,255.0,255.0
2717,135.85,1.8754606666715548e-76,-6.940691080329295e-41,4.847811680473453e-22,1.574562198770688e-75,-5.827128237152893e-40,4.070029915572362e-21,-4.4318435119922766e-74,1.640133396542568e-38,-1.1455714921281913e-19,0.0,70.0,255.0,255.0,255.0
2718,135.9,2.066101004639222e-76,-7.646211444897346e-41,5.340591120529244e-22,-4.229915086142351e-76,1.5654038728011352e-40,-1.0933757303694424e-21,-3.069022717599853e-74,1.1357816764655031e-38,-7.933007843040262e-20,0.0,70.0,255.0,255.0,255.0
2719,135.95000000000002,1.4524691580573197e-76,-5.37528720752816e-41,3.7544359501040103e-22,-1.4944605188291654e-75,5.5306885275021386e-40,-3.8629779274679e-21,-1.1611850755241168e-74,4.297305211207167e-39,-3.0015060685370785e-20,0.0,70.0,255.0,255.0,255.0
2720,136.0,5.716404858100564e-77,-2.1155229173952072e-41,1.4776131930613438e-22,-1.584176584138352e-75,5.862709084008302e-40,-4.094881798906521e-21,4.202918619481307e-75,-1.5554130402188007e-39,1.0863975095655304e-20,0.0,70.0,255.0,255.0,255.0
2721,136.05,-1.3170742608103239e-77,4.874218764801419e-42,-3.404458488025109e-23,-1.0741686568810346e-75,3.975275487283338e-40,-2.7765804179023697e-21,1.1622739145451732e-74,-4.301334778670592e-39,3.004320569858396e-20,0.0,70.0,255.0,255.0,255.0
2722,136.1,-5.025281710709784e-77,1.8597525698881309e-41,-1.298967224841026e-22,-4.2190266959317876e-76,1.5613743053377095e-40,-1.090561229048125e-21,1.1875088900194415e-74,-4.3947241908289536e-39,3.069549561878651e-20,0.0,70.0,255.0,255.0,255.0
2723,136.15,-5.536100956742112e-77,2.0487961818178516e-41,-1.4310070778506358e-22,1.1334023313840682e-76,-4.1944870354561607e-41,2.929691439762814e-22,8.223421587336505e-75,-3.0433178298699825e-39,2.1256430450924006e-20,0.0,70.0,255.0,255.0,255.0
2724,136.20000000000002,-3.8918793793257155e-77,1.4403038663425148e-41,-1.0059980808647446e-22,4.004394891404718e-76,-1.481943524532273e-40,1.0350818160442758e-21,3.1113860324975903e-75,-1.151459460973015e-39,8.042511271416238e-21,0.0,70.0,255.0,255.0,255.0
2725,136.25,-1.5317060653373944e-77,5.6685265728557847e-42,-3.9592526180635995e-23,4.2447883638816585e-76,-1.5709081645186311e-40,1.0972202711179053e-21,-1.1261686499437466e-75,4.167716680234652e-40,-2.9109933534726645e-21,0.0,70.0,255.0,255.0,255.0
2726,136.3,3.5290898455594296e-78,-1.3060429817611626e-42,9.122219025316071e-24,2.878226241460971e-76,-1.0651718565088078e-40,7.439824806970094e-22,-3.114303567861386e-75,1.1525391803206867e-39,-8.050052704977674e-21,0.0,70.0,255.0,255.0,255.0
2727,136.35,1.346520176123577e-77,-4.983191992232295e-42,3.480572188906494e-23,1.1304847960202719e-76,-4.183689841979443e-41,2.9221500062013782e-22,-3.1819204808548825e-75,1.1775627978901371e-39,-8.224833262326912e-21,0.0,70.0,255.0,255.0,255.0
2728,136.4,1.4833937805762148e-77,-5.489732823740606e-42,3.834371908732985e-23,-3.0369423939391202e-77,1.1239094138132916e-41,-7.850084553568183e-23,-2.2034591733474788e-75,8.154545548248984e-40,-5.695643373293414e-21,0.0,70.0,255.0,255.0,255.0
2729,136.45000000000002,1.042825936729665e-77,-3.859282578419003e-42,2.695563733549676e-23,-1.0729743773272071e-76,3.9708557062695416e-41,-2.7734933670920356e-22,-8.336933747492053e-76,3.0853263268489522e-40,-2.1549844002941843e-21,0.0,70.0,255.0,255.0,255.0
2730,136.5,4.1041940324900757e-78,-1.518877117471064e-42,1.060878541640949e-23,-1.1373876141431172e-76,4.2092357406622443e-41,-2.9399928556510027e-22,3.017559802936744e-76,-1.1167363187505956e-40,7.799983182353662e-22,0.0,70.0,255.0,255.0,255.0
2731,136.55,-9.456167741345213e-79,3.4995316224324132e-43,-2.4442912210132708e-24,-7.712183970335327e-77,2.854119387518946e-41,-1.9934950488566693e-22,8.344751259938227e-76,-3.088219426121563e-40,2.1570051213267442e-21,0.0,70.0,255.0,255.0,255.0
2732,136.6,-3.607989937845253e-78,1.3352422700478821e-42,-9.326165072157203e-24,-3.0291248814929442e-77,1.1210163145406815e-41,-7.829877343242582e-23,8.525930232251153e-76,-3.1552700073159552e-40,2.2038374305211327e-21,0.0,70.0,255.0,255.0,255.0
2733,136.65,-3.9747416556274657e-78,1.470969476783923e-42,-1.0274168564255854e-23,8.137462619158265e-78,-3.0115061979700937e-42,2.103423816644635e-23,5.904151060534063e-76,-2.1850038942961207e-40,1.5261430422496444e-21,0.0,70.0,255.0,255.0,255.0
2734,136.70000000000002,-2.7942436759294263e-78,1.0340916502508728e-42,-7.222741255512568e-24,2.8750261790411198e-77,-1.0639875797554392e-41,7.431553079253862e-23,2.2338746649922698e-76,-8.267106976656572e-41,5.774263297604923e-22,0.0,70.0,255.0,255.0,255.0
2735,136.75,-1.0997154765863462e-78,4.069818970284837e-43,-2.8426154850019904e-24,3.0476209269080966e-77,-1.1278613174626665e-41,7.877687114249559e-23,-8.085527123095205e-77,2.9922859476772643e-41,-2.089999194688006e-22,0.0,70.0,255.0,255.0,255.0
2736,136.8,2.5337725097867032e-79,-9.376966721179382e-44,6.549458587369913e-25,2.066473466731599e-77,-7.647589849877127e-42,5.341553884565856e-23,-2.2359693611390436e-76,8.274859012793769e-41,-5.779677803292966e-22,0.0,70.0,255.0,255.0,255.0
2737,136.85,9.667579901452531e-79,-3.5777708795922892e-43,2.4989383995638662e-24,8.1165156576905325e-78,-3.0037541618328953e-42,2.0980093109565925e-23,-2.2845161204557912e-76,8.454520503624531e-41,-5.905164597576176e-22,0.0,70.0,255.0,255.0,255.0
2738,136.9,1.0650288167477236e-78,-3.941450833950834e-43,2.7529551696935838e-24,-2.1804265372419193e-78,8.069306537474042e-43,-5.636107130103209e-24,-1.5820125086614573e-76,5.854700289355042e-41,-4.0892879570516888e-22,0.0,70.0,255.0,255.0,255.0
2739,136.95000000000002,7.487153364210612e-79,-2.770840225844885e-43,1.9353276865535453e-24,-7.703609428924044e-78,2.850946127522148e-42,-1.991278646095096e-23,-5.9856491247702146e-77,2.2151646381368325e-41,-1.5472091874779092e-22,0.0,70.0,255.0,255.0,255.0
2740,137.0,2.946678738553192e-79,-1.090504706428686e-43,7.61676523598488e-25,-8.166075662012135e-78,3.022095291884237e-42,-2.11081990048823e-23,2.1665104630132955e-77,-8.017806032031209e-42,5.600135963983477e-23,0.0,70.0,255.0,255.0,255.0
2741,137.05,-6.789222978015223e-80,2.512550660393523e-44,-1.7549221393468482e-25,-5.537098965910748e-78,2.049165524319027e-42,-1.4312650496967482e-23,5.991261846179392e-77,-2.2172417899594888e-41,1.5486599999044344e-22,0.0,70.0,255.0,255.0,255.0
2742,137.1,-2.5904202273575567e-79,9.586608178903411e-44,-6.695885260982602e-25,-2.174813815832742e-78,8.048535019247479e-43,-5.621599005837956e-24,6.121342495720107e-77,-2.265381941338562e-41,1.5822840850933925e-22,0.0,70.0,255.0,255.0,255.0
2743,137.15,-2.853736113634265e-79,1.0561085679641003e-43,-7.376521145184805e-25,5.842435298093594e-79,-2.1621641701953505e-43,1.5101903539664435e-24,4.2389897411177205e-77,-1.5687622144589437e-41,1.0957214057103158e-22,0.0,70.0,255.0,255.0,255.0
2744,137.20000000000002,-2.0061766975481972e-79,7.424444008708061e-44,-5.185694907016159e-25,2.064175925284979e-78,-7.639087125341959e-43,5.335615051265204e-24,1.6038498491582387e-77,-5.935515758907441e-42,4.145734523067199e-23,0.0,70.0,255.0,255.0,255.0
2745,137.25,-7.895601883492858e-80,2.921998554299044e-44,-2.0409060939196008e-25,2.188093378967598e-78,-8.097679929102792e-43,5.655924877033643e-24,-5.8051472895799e-78,2.1483646513521487e-42,-1.5005519090538583e-23,0.0,70.0,255.0,255.0,255.0
2746,137.3,1.819166814194011e-80,-6.732359203947323e-45,4.702299700174842e-26,1.483661196326989e-78,-5.49072247398981e-43,3.8350631422113454e-24,-1.6053537733271674e-77,5.941081470441824e-42,-4.149621963247758e-23,0.0,70.0,255.0,255.0,255.0
2747,137.35,6.94101007977703e-80,-2.5687239196907665e-44,1.7941570482917451e-25,5.827396056404309e-79,-2.1565984586609683e-43,1.5063029137858842e-24,-1.6402087783225159e-77,6.070072617297167e-42,-4.239717427973924e-23,0.0,70.0,255.0,255.0,255.0
2748,137.4,7.64656287059832e-80,-2.8298343790557006e-44,1.9765328838033684e-25,-1.5654758199552714e-79,5.793501433073563e-44,-4.0465428576257853e-25,-1.1358338778563065e-77,4.203485684807332e-42,-2.935976657895738e-23,0.0,70.0,255.0,255.0,255.0
2749,137.45000000000002,5.375534259821759e-80,-1.9893737763834103e-44,1.3895027625291666e-25,-5.530942722158757e-79,2.046887226146364e-43,-1.4296737441098543e-24,-4.297502718627269e-78,1.5904166542614464e-42,-1.110846217489684e-23,0.0,70.0,255.0,255.0,255.0
2750,137.5,2.1156201484395636e-80,-7.829471529093364e-45,5.468591396935141e-26,-5.862978538582541e-79,2.1697667975688027e-43,-1.5155005032522624e-24,1.5554845281866557e-78,-5.756525733773783e-43,4.020716722319605e-24,0.0,70.0,255.0,255.0,255.0
2751,137.55,-4.874442787607828e-81,1.8039302118539242e-45,-1.259977407230959e-26,-3.975458193972101e-79,1.4712346527689856e-43,-1.0276020718778937e-24,4.3015324712926956e-78,-1.591907982172392e-42,1.1118878539466876e-23,0.0,70.0,255.0,255.0,255.0
2752,137.6,-1.8598380455325378e-80,6.882874998596492e-45,-4.807429321843797e-26,-1.5614460672898445e-79,5.778588153964105e-44,-4.0361264930557473e-25,4.394926175699564e-78,-1.6264710558030465e-42,1.1360288609617694e-23,0.0,70.0,255.0,255.0,255.0
2753,137.65,-2.0488903460506273e-80,7.58251836581803e-45,-5.296103900286706e-26,4.1946798172746326e-80,-1.5523640303406114e-44,1.084267890838757e-25,3.0434577030750784e-78,-1.1263205946399096e-42,7.866925744797898e-24,0.0,70.0,255.0,255.0,255.0
2754,137.70000000000002,-1.4403700638050745e-80,5.330510968255881e-45,-3.72316143100504e-26,1.4820116357852337e-79,-5.484617792434991e-44,3.830799251742151e-25,1.1515123829267335e-78,-4.261508581383629e-43,2.9765034689152794e-24,0.0,70.0,255.0,255.0,255.0
2755,137.75,-5.668787102653936e-81,2.0979005733830387e-45,-1.4653046485445546e-26,1.570980364654197e-79,-5.813872611724241e-44,4.0607713597540365e-25,-4.167908231667194e-79,1.5424564215736589e-43,-1.0773477987398511e-24,0.0,70.0,255.0,255.0,255.0
2756,137.8,1.3061030084912232e-81,-4.833616434683603e-46,3.3760992874899636e-27,1.0652208126185143e-79,-3.9421613708613324e-44,2.7534514530023e-25,-1.15259215189913e-78,4.265504582477503e-43,-2.9792945253898907e-24,0.0,70.0,255.0,255.0,255.0
2757,137.85,4.983421023531208e-81,-1.8442607974782937e-45,1.2881468044577457e-26,4.1838821275506665e-80,-1.548368029246737e-44,1.0814768343641455e-25,-1.177616919573101e-78,4.35811605915022e-43,-3.0439801587315425e-24,0.0,70.0,255.0,255.0,255.0
2758,137.9,5.48998513604189e-81,-2.0317296727150974e-45,1.419086763113142e-26,-1.1239610695458663e-80,4.159546882888876e-45,-2.9052870572924257e-26,-8.15492033737247e-79,3.01796693752306e-43,-2.107936400234204e-24,0.0,70.0,255.0,255.0,255.0
2759,137.95000000000002,3.859459953985341e-81,-1.428306109189406e-45,9.976180987285031e-27,-3.9710382098218054e-80,1.4695989082763232e-44,-1.0264595658700585e-25,-3.0854681307965586e-79,1.141867782920046e-43,-7.97551700764283e-25,0.0,70.0,255.0,255.0,255.0
2760,138.0,1.5189469262200835e-81,-5.621307644387742e-46,3.926271972430834e-27,-4.2094292003424254e-80,1.5578224712089335e-44,-1.0880804064935256e-25,1.1167876448022551e-79,-4.1329995252086205e-44,2.8867447263979084e-25,0.0,70.0,255.0,255.0,255.0
2761,138.05,-3.499692463570848e-82,1.295163620195275e-46,-9.04623077650225e-28,-2.8542505650195503e-80,1.0562989557554611e-44,-7.377850932302677e-26,3.0883613630382177e-79,-1.1429385081861018e-43,7.982995620926858e-25,0.0,70.0,255.0,255.0,255.0
2762,138.1,-1.335303638799467e-81,4.941681913166869e-46,-3.451578959871843e-27,-1.1210678373042075e-80,4.1488396302283176e-45,-2.897808444008398e-26,3.155415025928387e-79,-1.167753678570408e-43,8.156320253084775e-25,0.0,70.0,255.0,255.0,255.0
2763,138.15,-1.4710370836612925e-81,5.4440032504235925e-46,-3.802431521658623e-27,3.011644609088365e-81,-1.114547228149469e-45,7.78469320782098e-27,2.1851043187390916e-79,-8.086618036931319e-44,5.648198561389227e-25,0.0,70.0,255.0,255.0,255.0
2764,138.20000000000002,-1.0341391778906305e-81,3.8271346850174e-46,-2.673109639089745e-27,1.0640364814348842e-80,-3.937778406703002e-45,2.7503901173808284e-26,8.267486939189031e-80,-3.059625502965425e-44,2.1370333414185805e-25,0.0,70.0,255.0,255.0,255.0
2765,138.25,-4.070006022264082e-82,1.5062248437205908e-46,-1.0520414042777945e-27,1.1279131548277396e-80,-4.174172731114894e-45,2.9155026622006784e-26,-2.9924234754181945e-80,1.1074338850978628e-44,-7.735009181931199e-26,0.0,70.0,255.0,255.0,255.0
2766,138.3,9.377397693710905e-83,-3.4703804609749407e-47,2.423930231109335e-28,7.647941338930647e-81,-2.830344521605139e-45,1.9768891991877085e-26,-8.275239331615715e-80,3.06249450266898e-44,-2.139037229808539e-25,0.0,70.0,255.0,255.0,255.0
2767,138.35,3.5779353166665655e-82,-1.3241196778845486e-46,9.248477949099142e-28,3.0038922166616804e-81,-1.1116782284459143e-45,7.764654323921394e-27,-8.454909079825415e-80,3.128986551314136e-44,-2.1854794250236755e-25,0.0,70.0,255.0,255.0,255.0
2768,138.4,3.941631986032771e-82,-1.4587162745434084e-46,1.018858455503073e-27,-8.069677408947681e-82,2.986420297089972e-46,-2.085902258359672e-27,-5.854969375838986e-80,2.166802772494696e-44,-1.5134302432148733e-25,0.0,70.0,255.0,255.0,255.0
2769,138.45000000000002,2.7709675757717974e-82,-1.0254776481755513e-46,7.16257569073947e-28,-2.851077159177305e-81,1.0551245440487821e-45,-7.36964810822734e-27,-2.215266448790559e-80,8.198241826612523e-45,-5.726163580314932e-26,0.0,70.0,255.0,255.0,255.0
2770,138.5,1.0905548268554666e-82,-4.035917304946264e-47,2.818936446803389e-28,-3.0222341896853274e-81,1.1184662123702495e-45,-7.812065838674604e-27,8.018174536502393e-81,-2.967360151828327e-45,2.072589463745787e-26,0.0,70.0,255.0,255.0,255.0
2771,138.55,-2.5126661391353042e-83,9.298856419469817e-48,-6.494901479351346e-29,-2.0492597055270654e-81,7.583885288659494e-46,-5.297058644481553e-27,2.2173436960806947e-80,-8.205929288149052e-45,5.731532983073043e-26,0.0,70.0,255.0,255.0,255.0
2772,138.6,-9.587048786715988e-83,3.5479679837132304e-47,-2.478122197678164e-28,-8.048904936046324e-82,2.978732835553442e-46,-2.08053285560156e-27,2.2654860600177854e-80,-8.384094195524663e-45,5.855974470099285e-26,0.0,70.0,255.0,255.0,255.0
2773,138.65,-1.056157107518163e-82,3.9086184775004236e-47,-2.730023003536695e-28,2.1622635449072024e-82,-8.002089068651699e-47,5.589158256177324e-28,1.5688343159650103e-80,-5.805930530474721e-45,4.0552241147026275e-26,0.0,70.0,255.0,255.0,255.0
2774,138.70000000000002,-7.424785241808786e-83,2.7477590768480605e-47,-1.9192063720604315e-28,7.639438223603781e-82,-2.8271976949212787e-46,1.9746912591010674e-27,5.935788559731917e-81,-2.1967122767958802e-45,1.534320907073888e-26,0.0,70.0,255.0,255.0,255.0
2775,138.75,-2.9221328515778473e-83,1.0814207825791448e-47,-7.553317444356275e-29,8.09805210463912e-82,-2.9969211836610502e-46,2.0932367326916204e-27,-2.1484633918276093e-81,7.951017563346955e-46,-5.553486730519377e-27,0.0,70.0,255.0,255.0,255.0
2776,138.8,6.732668628303348e-84,-2.4916210681298993e-48,1.7403036063118902e-29,5.490974831776172e-82,-2.0320959385865832e-46,1.4193425860491297e-27,-5.941354527070634e-81,2.1987721259064375e-45,-1.5357596342067643e-26,0.0,70.0,255.0,255.0,255.0
2777,138.85,2.5688419801983245e-83,-9.506751560074389e-48,6.640108416135023e-29,2.156697577568486e-82,-7.981490577546127e-47,5.574770984848559e-28,-6.070351602457315e-81,2.2465112689572968e-45,-1.5691036301603748e-26,0.0,70.0,255.0,255.0,255.0
2778,138.9,2.829964440398821e-83,-1.0473111645676027e-47,7.315074591160449e-29,-5.793767706811435e-83,2.144153303707137e-47,-1.49761044111245e-28,-4.203678880210568e-81,1.5556943969519006e-45,-1.0865940266617836e-26,0.0,70.0,255.0,255.0,255.0
2779,138.95000000000002,1.989465209517181e-83,-7.362598256367252e-48,5.142497975022573e-29,-2.0469813026420827e-82,7.57545339197288e-47,-5.2911692817692775e-28,-1.5904897510220608e-81,5.886072805709892e-46,-4.111200479806366e-27,0.0,70.0,255.0,255.0,255.0
2780,139.0,7.82983137756738e-84,-2.897658253703146e-48,2.023905309391172e-29,-2.1698665217032043e-82,8.030226109417029e-47,-5.6088109209188165e-28,5.756790308080376e-82,-2.130468735104485e-46,1.488052284619623e-27,0.0,70.0,255.0,255.0,255.0
2781,139.05,-1.8040131218602368e-84,6.676278530497777e-49,-4.663129458962438e-30,-1.471302271834045e-82,5.444984656868395e-47,-3.8031169971496545e-28,1.5919811474755698e-81,-5.891592154766928e-46,4.115055537540191e-27,0.0,70.0,255.0,255.0,255.0
2782,139.1,-6.883191340773073e-84,2.547326403165249e-48,-1.7792116877584827e-29,-5.7788537422763445e-83,2.1386339546501008e-47,-1.4937553833786245e-28,1.6265458096514095e-81,-6.019508803045246e-46,4.204400505422154e-27,0.0,70.0,255.0,255.0,255.0
2783,139.15,-7.582866864136582e-84,2.8062618076998785e-48,-1.9600683292748684e-29,1.552435378173644e-83,-5.745241461768516e-48,4.0128350827250015e-29,1.126372361192188e-81,-4.1684705733288435e-46,2.9115199194450657e-27,0.0,70.0,255.0,255.0,255.0
2784,139.20000000000002,-5.330755962599429e-84,1.9728022569883974e-48,-1.3779281794859826e-29,5.484869869645537e-83,-2.029836618678743e-47,1.4177645360664412e-28,4.2617044435633827e-82,-1.5771684548807578e-46,1.101592848486558e-27,0.0,70.0,255.0,255.0,255.0
2785,139.25,-2.0979969944910446e-84,7.764251890211355e-49,-5.423037932084271e-30,5.814139821737027e-83,-2.1516926010576094e-47,1.502876356759058e-28,-1.5425273140454518e-82,5.708573770710032e-47,-3.9872240795911423e-28,0.0,70.0,255.0,255.0,255.0
2786,139.3,4.833838591375986e-85,-1.788903440692119e-49,1.2494817727307556e-30,3.9423425556000855e-83,-1.4589792416077398e-47,1.019042128107327e-28,-4.265700628316509e-82,1.5786473600033365e-46,-1.1026258080931127e-27,0.0,70.0,255.0,255.0,255.0
2787,139.35,1.8443455611090411e-84,-6.825540525866046e-49,4.7673833489889985e-30,1.5484391934205187e-83,-5.73045241054273e-48,4.002505486659452e-29,-4.3583163614832176e-82,1.6129225226080072e-46,-1.1265657200848704e-27,0.0,70.0,255.0,255.0,255.0
2788,139.4,2.0318230525581174e-84,-7.519355851234849e-49,5.251987259390208e-30,-4.159738058831318e-84,1.5394328100026744e-48,-1.0752359197754356e-29,-3.018105645581838e-82,1.1169383237963629e-46,-7.801394111624334e-28,0.0,70.0,255.0,255.0,255.0
2789,139.45000000000002,1.4283717552259093e-84,-5.2861077158633715e-49,3.692147429213563e-30,-1.4696664521613196e-83,5.438930827420899e-48,-3.798888624964883e-29,-1.1419202640329366e-82,4.2260101381314074e-47,-2.9517091413987414e-28,0.0,70.0,255.0,255.0,255.0
2790,139.5,5.621566003967978e-85,-2.080425023813949e-49,1.4530986344253249e-30,-1.5578940699160686e-83,5.765442948134082e-48,-4.026945061174177e-29,4.133189481014283e-83,-1.529607731795241e-47,1.0683734721683748e-28,0.0,70.0,255.0,255.0,255.0
2791,139.55,-1.2952231469015934e-85,4.793352322707112e-50,-3.3479763196061433e-31,-1.0563475040598913e-83,3.909323095625658e-48,-2.730515152796508e-29,1.1429910385103418e-82,-4.2299728524641775e-47,2.95447694832264e-28,0.0,70.0,255.0,255.0,255.0
2792,139.6,-4.9419090366309355e-85,1.8288980718117084e-49,-1.2774165183711836e-30,-4.1490303140572675e-84,1.5354700956699044e-48,-1.0724681128515373e-29,1.167807349418777e-82,-4.321812873867848e-47,3.018623749173272e-28,0.0,70.0,255.0,255.0,255.0
2793,139.65,-5.444253460958861e-85,2.0148053279406156e-49,-1.4072657448121518e-30,1.1145984535888585e-84,-4.124897782421905e-49,2.881085963767636e-30,8.086989704054654e-83,-2.992827218566072e-47,2.0903772520466555e-28,0.0,70.0,255.0,255.0,255.0
2794,139.70000000000002,-3.827310583042077e-85,1.4164082935695179e-49,-9.8930792199442e-31,3.937959389997387e-84,-1.4573571228961678e-48,1.0179091391951183e-29,3.0597661256835974e-83,-1.1323560037180482e-47,7.909080807293552e-29,0.0,70.0,255.0,255.0,255.0
2795,139.75,-1.506294070961474e-85,5.574482050444477e-50,-3.8935660561703328e-31,4.174364579272456e-84,-1.5448457819602387e-48,1.0790166771061187e-29,-1.1074847836025867e-83,4.098571564709355e-48,-2.8626980908235006e-29,0.0,70.0,255.0,255.0,255.0
2796,139.8,3.470539962303789e-86,-1.2843748839072098e-50,8.970875511169866e-32,2.8304746063948e-84,-1.0474999664252323e-48,7.316393301127683e-30,-3.062635257248563e-83,1.1334178098233485e-47,-7.916497123594188e-29,0.0,70.0,255.0,255.0,255.0
2797,139.85,1.3241805354333267e-85,-4.900517613807844e-50,3.42282724495735e-31,1.1117293220238928e-84,-4.114279721368902e-49,2.8736696474669983e-30,-3.1291303619189124e-83,1.1580262693913194e-47,-8.088377958443863e-29,0.0,70.0,255.0,255.0,255.0
2798,139.9,1.4587833182542718e-85,-5.398654605276112e-50,3.7707571985839848e-31,-2.986557555241125e-85,1.1052630296608737e-49,-7.7198465731618025e-31,-2.166902360400249e-83,8.019256363006627e-48,-5.601148965622911e-29,0.0,70.0,255.0,255.0,255.0
2799,139.95000000000002,1.0255247799092142e-85,-3.795254584146971e-50,2.6508425876411696e-31,-1.0551730383763564e-84,3.904976641637725e-49,-2.727479318155913e-30,-8.198618624050255e-84,3.0341387674078506e-48,-2.1192318151867995e-29,0.0,70.0,255.0,255.0,255.0
2800,140.0,4.036102798779152e-86,-1.4936779636383864e-50,1.0432778804280715e-31,-1.118517617929138e-84,4.1394017970687245e-49,-2.89121647250298e-30,2.967496533960697e-84,-1.0982089408850345e-48,7.670576416102752e-30,0.0,70.0,255.0,255.0,255.0
2801,140.05,-9.299283801992392e-87,3.4414721292175414e-51,-2.403738848618103e-32,-7.584233849802868e-85,2.8067677007526907e-49,-1.9604216765456377e-30,8.206306438908362e-84,-3.0369838682921827e-48,2.1212190111503693e-29,0.0,70.0,255.0,255.0,255.0
2802,140.1,-3.548131051023715e-86,1.3130897371143043e-50,-9.171437961175664e-32,-2.9788697403830175e-85,1.1024179287765415e-49,-7.699974613526106e-31,8.384479534878794e-84,-3.1029220369742985e-48,2.1672743420427252e-29,0.0,70.0,255.0,255.0,255.0
2803,140.15,-3.9087981205822566e-86,1.4465651416982957e-50,-1.010371346214421e-31,8.002456850759262e-86,-2.961543362216078e-50,2.068526654970878e-31,5.806197375463405e-84,-2.1487532663657676e-48,1.5008233420250767e-29,0.0,70.0,255.0,255.0,255.0
2804,140.20000000000002,-2.747885365947789e-86,1.0169354008926965e-50,-7.102911306204786e-32,2.8273276350803873e-85,-1.0463353375892262e-49,7.308258806724661e-31,2.1968132393650295e-84,-8.129950324508944e-49,5.678464534536446e-30,0.0,70.0,255.0,255.0,255.0
2805,140.25,-1.0814704855018689e-86,4.0022980410906935e-51,-2.795454655419549e-32,2.997058924440956e-85,-1.1091493686725022e-49,7.746991189507324e-31,-7.951382998169242e-85,2.94264198830784e-49,-2.0553247561759506e-30,0.0,70.0,255.0,255.0,255.0
2806,140.3,2.4917355849316694e-87,-9.221396777980572e-52,6.440798833025387e-33,2.032189335263463e-85,-7.520711387584422e-50,5.25293405054871e-31,-2.1988731831478173e-84,8.137573749352372e-49,-5.683789210072859e-30,0.0,70.0,255.0,255.0,255.0
2807,140.35,9.507188497615944e-87,-3.518413346493729e-51,2.457479395129162e-32,7.981857412931385e-86,-2.953919937372649e-50,2.0632019794344645e-31,-2.246614520326047e-84,8.314254539839972e-49,-5.8071940972704084e-30,0.0,70.0,255.0,255.0,255.0
2808,140.4,1.0473592997863055e-86,-3.876059615170706e-51,2.7072818627370034e-32,-2.144251850625841e-86,7.935431522555499e-51,-5.542600467216983e-32,-1.5557658978511243e-84,5.757567024564441e-49,-4.0214440247739766e-30,0.0,70.0,255.0,255.0,255.0
2809,140.45000000000002,7.362936646990103e-87,-2.724870194238179e-51,1.9032193484074637e-32,-7.575801565579858e-86,2.8036470871917917e-50,-1.9582420453395124e-31,-5.886343334098597e-85,2.1784136239573156e-49,-1.521539986277812e-30,0.0,70.0,255.0,255.0,255.0
2810,140.5,2.8977914322831965e-87,-1.0724125279789142e-51,7.490398173974911e-33,-8.030595184724439e-86,2.9719567762128657e-50,-2.07580003299951e-31,2.1305666530700084e-85,-7.88478544380998e-50,5.507226086010388e-31,0.0,70.0,255.0,255.0,255.0
2811,140.55,-6.676585377343358e-88,2.4708658197468644e-52,-1.7258068459204647e-33,-5.44523491250985e-86,2.0151685428107937e-50,-1.4075194367384736e-31,5.891862936829106e-85,-2.1804563144876727e-49,1.5229667287877507e-30,0.0,70.0,255.0,255.0,255.0
2812,140.6,-2.5474434802266534e-87,9.427560148318795e-52,-6.584796193409826e-33,-2.1387322478953318e-86,7.915004617251929e-51,-5.528333042117594e-32,6.019785464253988e-85,-2.2277977896169166e-49,1.5560329686543885e-30,0.0,70.0,255.0,255.0,255.0
2813,140.65,-2.806390785629668e-87,1.0385870436998794e-51,-7.254139888038059e-33,5.745505517441387e-87,-2.1262924680612305e-51,1.48513531915915e-32,4.16866215941089e-85,-1.5427354346001032e-49,1.0775426788451518e-30,0.0,70.0,255.0,255.0,255.0
2814,140.70000000000002,-1.9728929284825147e-87,7.301267680257564e-52,-5.099660874250676e-33,2.0299299115155587e-86,-7.512349728749102e-51,5.247093746333925e-32,1.5772409427440349e-85,-5.8370417132031665e-50,4.076954105748016e-31,0.0,70.0,255.0,255.0,255.0
2815,140.75,-7.764608741141091e-88,2.8735207082496916e-52,-2.007046141704134e-33,2.1517914944881736e-86,-7.963334181264397e-51,5.562089424907167e-32,-5.7088361411078946e-86,2.1127218921615554e-50,-1.475656782282097e-31,0.0,70.0,255.0,255.0,255.0
2816,140.8,1.7889856600565912e-88,-6.620665010068336e-53,4.6242855065649136e-34,1.4590462974047693e-86,-5.399627836587546e-51,3.771436964051828e-32,-1.5787199158382192e-85,5.842515085983131e-50,-4.080777050781466e-31,0.0,70.0,255.0,255.0,255.0
2817,140.85,6.825854232906604e-88,-2.5261071283378555e-52,1.7643908223476936e-33,5.730715786499542e-87,-2.1208190952812653e-51,1.4813123741257003e-32,-1.6129966537554667e-85,5.969366186276929e-50,-4.16937777347146e-31,0.0,70.0,255.0,255.0,255.0
2818,140.9,7.519701446556133e-88,-2.782885596288099e-52,1.9437409247821916e-33,-1.539503563506977e-87,5.697383496893835e-52,-3.9794080941963305e-33,-1.1169896591323284e-85,4.1337471383597513e-50,-2.8872669060662688e-31,0.0,70.0,255.0,255.0,255.0
2819,140.95000000000002,5.286350669399627e-88,-1.956368778648472e-52,1.3664500129280606e-33,-5.439180804823741e-87,2.0129280430784863e-51,-1.405954531940569e-32,-4.2262043687756714e-86,1.5640306132395685e-50,-1.0924165602139293e-31,0.0,70.0,255.0,255.0,255.0
2820,141.0,2.0805206417323915e-88,-7.699575532096127e-53,5.377863928416225e-34,-5.765707932282649e-87,2.133768962928952e-51,-1.4903573696335624e-32,1.5296780337314656e-86,-5.66102124836243e-51,3.9540104311799714e-32,0.0,70.0,255.0,255.0,255.0
2821,141.05,-4.793572628830227e-89,1.7740018428048003e-53,-1.2390735670550198e-34,-3.9095027710922756e-87,1.4468259182422432e-51,-1.0105534888225718e-32,4.230167265237811e-86,-1.5654971990558326e-50,1.0934409152483525e-31,0.0,70.0,255.0,255.0,255.0
2822,141.1,-1.828982129359884e-88,6.768683650326305e-53,-4.727670959809493e-34,-1.5355406670448377e-87,5.682717638731192e-52,-3.969164543852098e-33,4.322011507678805e-86,-1.5994868489385536e-50,1.11718140734195e-31,0.0,70.0,255.0,255.0,255.0
2823,141.15,-2.0148979299278606e-88,7.456719481535993e-53,-5.2082381109071185e-34,4.125087365865297e-88,-1.5266093069631055e-52,1.066279185193783e-33,2.9929647711842227e-86,-1.1076342074379596e-50,7.736408358135623e-32,0.0,70.0,255.0,255.0,255.0
2824,141.20000000000002,-1.4164733927733544e-88,5.2420743433632e-53,-3.6613917746157097e-34,1.4574241041393854e-87,-5.393624435648404e-52,3.7672438142835245e-33,1.1324080476623241e-86,-4.1908073975509626e-51,2.927121351077069e-32,0.0,70.0,255.0,255.0,255.0
2825,141.25,-5.5747382578847505e-89,2.0630950458875894e-53,-1.4409942966235935e-34,1.5449167842488538e-87,-5.717416704514068e-52,3.993400536270852e-33,-4.09875993817974e-87,1.5168660718341382e-51,-1.0594739018989073e-32,0.0,70.0,255.0,255.0,255.0
2826,141.3,1.284433914754996e-89,-4.7534236115086875e-54,3.320087616551426e-35,1.0475481103214114e-87,-3.876758363814266e-52,2.707769912384617e-33,-1.1334699025690423e-86,4.194737102401948e-51,-2.9298661021194356e-32,0.0,70.0,255.0,255.0,255.0
2827,141.35,4.900742845329364e-89,-1.8136633179266766e-53,1.266775615761024e-34,4.114468816798115e-88,-1.5226796021121197e-52,1.0635344341514165e-33,-1.1580794931605549e-86,4.285812094772866e-51,-2.9934785589634054e-32,0.0,70.0,255.0,255.0,255.0
2828,141.4,5.398902731553111e-89,-1.9980219632629886e-53,1.395543195806559e-34,-1.1053138283914376e-88,4.0905373095860028e-53,-2.8570864657878847e-34,-8.019624934136123e-87,2.9678969139208796e-51,-2.0729643718798293e-32,0.0,70.0,255.0,255.0,255.0
2829,141.45000000000002,3.795429016937926e-89,-1.4046095869680763e-53,9.810669691822356e-35,-3.905156117338008e-88,1.44521731180876e-52,-1.009429937728413e-33,-3.034278218736235e-87,1.122923457808155e-51,-7.843198021689993e-33,0.0,70.0,255.0,255.0,255.0
2830,141.5,1.4937466142151028e-89,-5.528046514542287e-54,3.861132580781459e-35,-4.139592047127673e-88,1.5319771887667553e-52,-1.070028448747788e-33,1.098259415404299e-87,-4.064430389741273e-52,2.8388517641566252e-33,0.0,70.0,255.0,255.0,255.0
2831,141.55,-3.4416303018974702e-90,1.2736760179867913e-54,-8.896147956555248e-36,-2.806896701933709e-88,1.0387742728346327e-52,-7.255447613127505e-34,3.037123450383581e-87,-1.1239764190494704e-51,7.850552559942246e-33,0.0,70.0,255.0,255.0,255.0
2832,141.6,-1.3131500877186059e-89,4.85969621380404e-54,-3.3943150323460466e-35,-1.1024685967440917e-88,4.0800076971728497e-53,-2.849731927535632e-34,3.103064649634147e-87,-1.1483798897059278e-51,8.021001624341259e-33,0.0,70.0,255.0,255.0,255.0
2833,141.65,-1.4466316269338388e-89,5.353683715159641e-54,-3.739346723191157e-35,2.9616794770043833e-89,-1.0960561687129522e-53,7.655540112137537e-35,2.1488520247022694e-87,-7.952455813039199e-52,5.5544912938369e-33,0.0,70.0,255.0,255.0,255.0
2834,141.70000000000002,-1.0169821400181676e-89,3.763640045091088e-54,-2.628761021132293e-35,1.046383427958178e-88,-3.8724481158663504e-53,2.7047593663012677e-34,8.130323983217196e-88,-3.0088643368165827e-52,2.1015785759892142e-33,0.0,70.0,255.0,255.0,255.0
2835,141.75,-4.002481989756609e-90,1.48123559929329e-54,-1.0345873568898894e-35,1.1092003460221581e-88,-4.104920505529535e-53,2.867132587202968e-34,-2.94277723437459e-88,1.0890608406236839e-52,-7.606680376374359e-34,0.0,70.0,255.0,255.0,255.0
2836,141.8,9.221820600399052e-91,-3.412804604384474e-55,2.3837156607067505e-36,7.52105704520719e-89,-2.7833872752426664e-53,1.9440913286638318e-34,-8.137947758439053e-88,3.011685737959304e-52,-2.103549218574608e-33,0.0,70.0,255.0,255.0,255.0
2837,141.85,3.5185750554505816e-90,-1.3021516759493766e-54,9.095039717739424e-36,2.9540557017825272e-89,-1.093234767570231e-53,7.635833686283601e-35,-8.314636669310339e-88,3.077074640508451e-52,-2.1492209077309628e-33,0.0,70.0,255.0,255.0,255.0
2838,141.9,3.8762377618224328e-90,-1.4345152280086786e-54,1.0019549346990351e-35,-7.935796241031501e-90,2.936873652657848e-54,-2.0512957906713132e-35,-5.757831646729563e-88,2.1308541129480424e-52,-1.4883214565493e-33,0.0,70.0,255.0,255.0,255.0
2839,141.95000000000002,2.7249954313474315e-90,-1.0084643106835918e-54,7.043743927068111e-36,-2.803775944947036e-89,1.0376193453778113e-53,-7.247380879209399e-35,-2.1785137455064427e-88,8.062227691848106e-53,-5.631162822668594e-34,0.0,70.0,255.0,255.0,255.0
2840,142.0,1.0724618168753963e-90,-3.968958826308671e-55,2.7721684677809515e-36,-2.972093369609593e-89,1.0999101344505955e-53,-7.682458613339908e-35,7.885147834553631e-89,-2.918129727534758e-53,2.038203863931181e-34,0.0,70.0,255.0,255.0,255.0
2841,142.05,-2.470979382621619e-91,9.144582376700377e-56,-6.387146862717976e-37,-2.015261161491673e-89,7.458063726243355e-54,-5.209177015278218e-35,2.1805565299204112e-88,-8.069787613425261e-53,5.636443143561857e-34,0.0,70.0,255.0,255.0,255.0
2842,142.1,-9.427993446162764e-91,3.489104899934684e-55,-2.437008547497268e-36,-7.915368396891816e-90,2.9293137310806946e-54,-2.0460154697780513e-35,2.2279001808999062e-88,-8.244996649745266e-53,5.758820065825961e-34,0.0,70.0,255.0,255.0,255.0
2843,142.15,-1.0386347779513437e-90,3.843771968750732e-55,-2.684730156049849e-36,2.1263901940823337e-90,-7.869329235019114e-55,5.49643050547743e-36,1.5428063398955487e-88,-5.709606387529643e-53,3.987945323602971e-34,0.0,70.0,255.0,255.0,255.0
2844,142.20000000000002,-7.30160325208043e-91,2.7021719764327725e-55,-1.887365496949525e-36,7.51269500206367e-90,-2.7802926564489493e-54,1.9419298538249203e-35,5.837309988085523e-89,-2.1602673992265386e-53,1.5088655307822098e-34,0.0,70.0,255.0,255.0,255.0
2845,142.25,-2.873652777449766e-91,1.063479312301783e-55,-7.428003022249284e-37,7.963700182167857e-90,-2.94720032272845e-54,2.0585085813299529e-35,-2.112818994468659e-89,7.819105039021893e-54,-5.461350793503525e-35,0.0,70.0,255.0,255.0,255.0
2846,142.3,6.620969300874272e-92,-2.4502834629567817e-56,1.711430843804281e-37,5.399876007595011e-90,-1.99838215254676e-54,1.3957947744745678e-35,-5.8427836124258616e-89,2.1622930741079787e-53,-1.5102803885013388e-34,0.0,70.0,255.0,255.0,255.0
2847,142.35,2.526223230145244e-91,-9.349028402449769e-56,6.529944722496396e-37,2.1209165697419948e-90,-7.849072486204717e-55,5.4822819282861395e-36,-5.969640542892842e-89,2.209240193896564e-53,-1.5430711859942167e-34,0.0,70.0,255.0,255.0,255.0
2848,142.4,2.783013499829422e-91,-1.02993559491615e-55,7.193712772090421e-37,-5.697645352978314e-91,2.1085804134980423e-55,-1.4727641151964885e-36,-4.133937128526312e-89,1.529884420638158e-53,-1.0685667289188957e-34,0.0,70.0,255.0,255.0,255.0
2849,142.45000000000002,1.9564586948474126e-91,-7.2404479889517265e-56,5.057180607299907e-37,-2.0130205587843177e-90,7.449771720176865e-55,-5.2033853609028196e-36,-1.5641024972776664e-89,5.788419050580415e-54,-4.042993004602577e-35,0.0,70.0,255.0,255.0,255.0
2850,142.5,7.699929410451042e-92,-2.8495842289846345e-56,1.9903274111876007e-37,-2.1338670325754978e-90,7.896999464078457e-55,-5.515757119799066e-36,5.661281433210051e-90,-2.0951228807400068e-54,1.463364534702315e-35,0.0,70.0,255.0,255.0,255.0
2851,142.55,-1.7740833772808543e-92,6.565514751267308e-57,-4.5857651249915866e-38,-1.4468924154633126e-90,5.354648839436858e-55,-3.740020826200505e-36,1.5655691504993333e-89,-5.793846830066522e-54,4.0467841044350305e-35,0.0,70.0,255.0,255.0,255.0
2852,142.6,-6.768994744182085e-92,2.505064610452224e-56,-1.7496934150129042e-37,-5.682978820761643e-91,2.103152634011934e-55,-1.4689730153640353e-36,1.599560362572297e-89,-5.919641258409877e-54,4.1346467815090353e-35,0.0,70.0,255.0,255.0,255.0
2853,142.65,-7.457062198042498e-92,2.759704109138665e-56,-1.927549527863194e-37,1.526679471089843e-91,-5.6499241897302045e-56,3.946259553085305e-37,1.1076851151497633e-89,-4.0993129502298883e-54,2.863215920726115e-35,0.0,70.0,255.0,255.0,255.0
2854,142.70000000000002,-5.2423152730922425e-92,1.9400721914792033e-56,-1.3550674597043737e-37,5.393872330735991e-91,-1.9961603162179546e-55,1.3942429053620798e-36,4.191000010251554e-90,-1.551002210056324e-54,1.0833167105882028e-35,0.0,70.0,255.0,255.0,255.0
2855,142.75,-2.0631898673065067e-92,7.6354379292071e-57,-5.333066225011141e-38,5.717679481341397e-91,-2.1159946290293445e-55,1.4779426658967333e-36,-1.5169357881535717e-90,5.613864839381163e-55,-3.9210734530573696e-36,0.0,70.0,255.0,255.0,255.0
2856,142.8,4.753642082491555e-93,-1.7592243755014137e-57,1.2287520619235972e-38,3.8769365425824197e-91,-1.4347738322798383e-55,1.0021355600563428e-36,-4.19492989571477e-90,1.5524565791863218e-54,-1.084332532726734e-35,0.0,70.0,255.0,255.0,255.0
2857,142.85,1.813746675275913e-92,-6.712300393591285e-57,4.6882893755522886e-38,1.522749585626627e-91,-5.635380498430227e-56,3.9361013316999925e-37,-4.286009073963495e-90,1.5861630946738762e-54,-1.1078752660939808e-35,0.0,70.0,255.0,255.0,255.0
2858,142.9,1.9981137938757825e-92,-7.394604873931642e-57,5.16485339362359e-38,-4.0907253138107576e-92,1.5138926239403807e-56,-1.057397060376379e-37,-2.9680333207274227e-90,1.0984075945379768e-54,-7.671963937154977e-36,0.0,70.0,255.0,255.0,255.0
2859,142.95000000000002,1.4046741438948372e-92,-5.198407769650904e-57,3.6308923151759095e-38,-1.445283735100796e-91,5.348695446949541e-56,-3.7358626054549847e-37,-1.1229750682295275e-90,4.15589789644883e-55,-2.902738377502301e-36,0.0,70.0,255.0,255.0,255.0
2860,143.0,5.528300587749863e-93,-2.0459094269821e-57,1.428990788168605e-38,-1.5320475996106033e-91,5.669790520389211e-56,-3.96013543787868e-37,4.0646171940424535e-91,-1.5042305501245715e-55,1.050648465206283e-36,0.0,70.0,255.0,255.0,255.0
2861,143.05,-1.2737345571576642e-93,4.7138275073830714e-58,-3.292431227027704e-39,-1.0388220156965507e-91,3.84446489682497e-56,-2.6852141402487016e-37,1.12402807786574e-90,-4.1597948667876155e-55,2.9054602647190265e-36,0.0,70.0,255.0,255.0,255.0
2862,143.1,-4.859919569215645e-93,1.7985554698428696e-57,-1.256223352080097e-38,-4.0801952174486336e-92,1.509995653601595e-56,-1.054675173159653e-37,1.148432670131009e-90,-4.250111202856262e-55,2.9685428286688926e-36,0.0,70.0,255.0,255.0,255.0
2863,143.15,-5.353929774606298e-93,1.981378404339902e-57,-1.3839182958624236e-38,1.0961065443445847e-92,-4.0564630603129257e-57,2.8332868842019116e-38,7.952821314120556e-91,-2.9431742792202176e-55,2.0556965413588013e-36,0.0,70.0,255.0,255.0,255.0
2864,143.20000000000002,-3.7638130248710604e-93,1.392909163811577e-57,-9.728946636599057e-39,3.872626096671922e-92,-1.4331786256186227e-56,1.0010213681991483e-37,3.009002626665585e-91,-1.1135694852321163e-55,7.777864041272e-37,0.0,70.0,255.0,255.0,255.0
2865,143.25,-1.4813036779343759e-93,5.4819977872127916e-58,-3.828969276632751e-39,4.1051091710101695e-92,-1.519215791263409e-56,1.0611150925473913e-37,-1.0891108946340851e-91,4.030573611171377e-56,-2.8152040776777593e-37,0.0,70.0,255.0,255.0,255.0
2866,143.3,3.4129614613910946e-94,-1.2630662745183202e-58,8.822042888748581e-40,2.783515202037837e-92,-1.030121264501485e-56,7.195009604313724e-38,-3.011824157481904e-91,1.11461367528727e-55,-7.785157316087763e-37,0.0,70.0,255.0,255.0,255.0
2867,143.35,1.3022115241034612e-93,-4.819214857802058e-58,3.3660403276809733e-39,1.093285013528265e-92,-4.046021159761389e-57,2.8259936093861507e-38,-3.077216065605423e-91,1.1388138646862883e-55,-7.954186537357571e-37,0.0,70.0,255.0,255.0,255.0
2868,143.4,1.4345811596673745e-93,-5.309087434279709e-58,3.708197898261009e-39,-2.9370086356758636e-93,1.0869260018480334e-57,-7.59176933043847e-39,-2.1309520492079944e-91,7.886211715010888e-56,-5.508222282802215e-37,0.0,70.0,255.0,255.0,255.0
2869,143.45000000000002,1.0085106605358748e-93,-3.7322888559540246e-58,2.6068633946371263e-39,-1.0376670356797293e-92,3.840190555249499e-57,-2.682228673416065e-38,-8.062598243670581e-92,2.9838004447961663e-56,-2.0840723900650124e-37,0.0,70.0,255.0,255.0,255.0
2870,143.5,3.9691412398764515e-94,-1.4688968790302103e-58,1.0259692248449439e-39,-1.0999606879346445e-92,4.0707264466441994e-57,-2.8432493231088595e-38,2.9182638449388814e-92,-1.0799889434397778e-56,7.543316586481958e-38,0.0,70.0,255.0,255.0,255.0
2871,143.55,-9.145002739876975e-95,3.3843759069017498e-59,-2.3638592847173355e-40,-7.4584065118584114e-93,2.760201611809721e-57,-1.927897014767869e-38,8.070158512702157e-92,-2.9865983436145667e-56,2.086026617160789e-37,0.0,70.0,255.0,255.0,255.0
2872,143.6,-3.4892652719819604e-94,1.2913047327795109e-58,-9.019277899229253e-40,-2.9294483666442874e-93,1.0841281030296326e-57,-7.572227059480704e-39,8.24537561111598e-92,-3.0514425588889037e-56,2.131317862741357e-37,0.0,70.0,255.0,255.0,255.0
2873,143.65,-3.843948640631985e-94,1.4225656937198076e-58,-9.93608634419804e-40,7.869690992575703e-94,-2.9124094707918282e-58,2.03420847973488e-39,5.709868827114237e-92,-2.1131040678414005e-56,1.4759237176208539e-37,0.0,70.0,255.0,255.0,255.0
2874,143.70000000000002,-2.70229617272439e-94,1.000063785700328e-58,-6.985069419494373e-40,2.78042046046995e-93,-1.0289759648117682e-57,7.187010116727837e-39,2.1603667080265242e-92,-7.99506926863532e-57,5.584255189880291e-38,0.0,70.0,255.0,255.0,255.0
2875,143.75,-1.0635281801620349e-94,3.9358972890803946e-59,-2.749076227470202e-40,2.9473358072840945e-93,-1.0907478739427149e-57,7.618463669615171e-39,-7.819464334146804e-93,2.893821625877392e-57,-2.0212255691503155e-38,0.0,70.0,255.0,255.0,255.0
2876,143.8,2.4503963455970448e-95,-9.068408824238699e-60,6.333942501207983e-41,1.9984740270552695e-93,-7.39593802224029e-58,5.1657845475775216e-39,-2.1623924759896027e-92,8.002566215855817e-57,-5.589491525553893e-38,0.0,70.0,255.0,255.0,255.0
2877,143.85,9.349458468932348e-95,-3.460040733159896e-59,2.4167083201073193e-40,7.849433312944914e-94,-2.9049125235713326e-58,2.028972144061278e-39,-2.209341788409698e-92,8.176315886927334e-57,-5.710849136078598e-38,0.0,70.0,255.0,255.0,255.0
2878,143.9,1.029982965854196e-94,-3.8117534059952026e-59,2.6623663941820764e-40,-2.1086776135442856e-94,7.803778646870438e-59,-5.450645885010771e-40,-1.529954816376998e-92,5.662045563547053e-57,-3.9547258768119715e-38,0.0,70.0,255.0,255.0,255.0
2879,143.95000000000002,7.240780855388063e-95,-2.679662868472852e-59,1.8716437316062423e-40,-7.450114850825067e-94,2.7571330399757213e-58,-1.9257537327506936e-39,-5.78868588435498e-93,2.1422726265795315e-57,-1.496296858871015e-38,0.0,70.0,255.0,255.0,255.0
2880,144.0,2.849714807716891e-95,-1.0546203660194813e-59,7.366126614313829e-41,-7.897363497899267e-94,2.9226504912665755e-58,-2.041361447372092e-39,2.0952188871983885e-93,-7.753970691117715e-58,5.415856901192888e-39,0.0,70.0,255.0,255.0,255.0
2881,144.05,-6.565826425112041e-96,2.4298762279372382e-60,-1.6971771576585003e-41,-5.354895963626679e-94,1.9817359708639497e-58,-1.3841680426314047e-39,5.794113912562479e-93,-2.1442814272775705e-57,1.4976999306076756e-38,0.0,70.0,255.0,255.0,255.0
2882,144.1,-2.5051811559097882e-95,9.271156048444687e-60,-6.475553812000219e-41,-2.1032495853367877e-94,7.783690639890048e-59,-5.436615167644165e-40,5.919915425228103e-93,-2.1908379588202902e-57,1.530217916900824e-38,0.0,70.0,255.0,255.0,255.0
2883,144.15,-2.7598322278479916e-95,1.0213566867827287e-59,-7.133792325302666e-41,5.6501946160142436e-95,-2.0910198795634074e-59,1.4604987426941917e-40,4.09950438393756e-93,-1.5171415757742062e-57,1.0596663310393511e-38,0.0,70.0,255.0,255.0,255.0
2884,144.20000000000002,-1.940161694308364e-95,7.180136168881279e-60,-5.015055069306027e-41,1.9962547986007726e-94,-7.387725117852014e-59,5.160048142749346e-40,1.5510764571547077e-93,-5.740212376828158e-58,4.0093224560378384e-39,0.0,70.0,255.0,255.0,255.0
2885,144.25,-7.635774292472188e-96,2.8258417499752726e-60,-1.97374418255332e-41,2.1160959187561322e-94,-7.831232256391566e-59,5.4698211987320304e-40,-5.614112146467471e-94,2.0776665056969237e-58,-1.451171913268348e-39,0.0,70.0,255.0,255.0,255.0
2886,144.3,1.7593422444776845e-96,-6.510960875102873e-61,4.547661294260036e-42,1.4348435839540256e-94,-5.310058612155091e-59,3.708876229480998e-40,-1.5525308903538948e-93,5.745594932544695e-58,-4.013081968768123e-39,0.0,70.0,255.0,255.0,255.0
2887,144.35,6.712661547068068e-96,-2.4842168621798185e-60,1.7351320469276775e-41,5.635650284022375e-95,-2.0856373238468704e-59,1.456739229963907e-40,-1.5862438168154419e-93,5.870359483538305e-58,-4.1002253152469844e-39,0.0,70.0,255.0,255.0,255.0
2888,144.4,7.39499252850006e-96,-2.736733411357158e-60,1.9115053593899109e-41,-1.5140023286141652e-95,5.603008713832139e-60,-3.913490857659869e-41,-1.0984693719802613e-93,4.0652073954977344e-58,-2.8393944734543625e-39,0.0,70.0,255.0,255.0,255.0
2889,144.45000000000002,5.198659218453903e-96,-1.9239159907966045e-60,1.3437829611616906e-41,-5.34904343578024e-95,1.979570071650864e-59,-1.3826552434904557e-40,-4.1561994426384574e-94,1.5381232415172884e-58,-1.0743212354412147e-39,0.0,70.0,255.0,255.0,255.0
2890,144.5,2.0459490927198198e-96,-7.571633397062939e-61,5.2885011589945496e-42,-5.670201771252623e-95,2.0984241129005023e-59,-1.4656703212072017e-40,1.5042597138860202e-94,-5.566953316699886e-59,3.888307518805143e-40,0.0,70.0,255.0,255.0,255.0
2891,144.55,-4.715425527987193e-97,1.7450812210389783e-61,-1.2188736004551105e-42,-3.84478372189422e-95,1.4228747399808753e-59,-9.938244916099413e-41,4.1600964885310127e-94,-1.5395654574030596e-58,1.075328568995741e-39,0.0,70.0,255.0,255.0,255.0
2892,144.6,-1.7988346291744002e-96,6.657114002745814e-61,-4.649743757104864e-42,-1.5101052827216096e-95,5.588586554974425e-60,-3.9034175221146056e-41,4.250598420336652e-94,-1.5730583459503187e-58,1.098722091979694e-39,0.0,70.0,255.0,255.0,255.0
2893,144.65,-1.981647835520329e-96,7.333667776013404e-61,-5.1222911225697164e-42,4.058146984424325e-96,-1.5018360596944344e-60,1.0489760036975283e-41,2.943731039834844e-94,-1.0894138242488827e-58,7.609145834239353e-40,0.0,70.0,255.0,255.0,255.0
2894,144.70000000000002,-1.3930199307319677e-96,5.15527794305138e-61,-3.600767753407336e-42,1.4336257571132343e-95,-5.305551687514403e-60,3.7057283121247475e-41,1.1140331990067226e-94,-4.1228058924100045e-59,2.8796248572702306e-40,0.0,70.0,255.0,255.0,255.0
2895,144.75,-5.480220784070946e-97,2.0281160884990007e-61,-1.416562810444969e-42,1.519847897449155e-95,-5.624641952104439e-60,3.9286008609677587e-41,-4.029267090766133e-95,1.4911482098303287e-59,-1.0415109425370916e-40,0.0,70.0,255.0,255.0,255.0
2896,144.8,1.268279667171876e-97,-4.693640090530592e-62,3.278331075604234e-43,1.030699048036621e-95,-3.814403477684074e-60,2.664217369587656e-41,-1.1150770505850888e-94,4.126668970675465e-59,-2.882323072148422e-40,0.0,70.0,255.0,255.0,255.0
2897,144.85,4.826769696295265e-97,-1.7862873891850732e-61,1.247654559142687e-42,4.0477084686406636e-96,-1.4979729814289743e-60,1.0462777888193367e-41,-1.1399555131921753e-94,4.218739002629671e-59,-2.9466305267179166e-40,0.0,70.0,255.0,255.0,255.0
2898,144.9,5.31598813581254e-97,-1.9673369904820336e-61,1.3741108963797602e-42,-1.092564651555544e-96,4.043355249455979e-61,-2.8241315713026073e-42,-7.902304395367621e-95,2.9244790149779413e-59,-2.042638602413773e-40,0.0,70.0,255.0,255.0,255.0
2899,144.95000000000002,3.7342050447397213e-97,-1.3819518642394753e-61,9.652414020124263e-43,-3.854595926726957e-96,1.4265060335489674e-60,-9.963608135944361e-42,-2.9993335338844906e-95,1.109991154467136e-59,-7.752870746687513e-41,0.0,70.0,255.0,255.0,255.0
2900,145.0,1.4613922090855836e-97,-5.408309569330662e-62,3.77750082785324e-43,-4.0918981854400346e-96,1.514326679412734e-60,-1.0577002317990121e-41,1.0744712242043047e-95,-3.976395226214221e-60,2.777362513432255e-41,0.0,70.0,255.0,255.0,255.0
2901,145.05,-3.5769314070031374e-98,1.3237481517325875e-62,-9.245882978658595e-44,-2.780124702522652e-96,1.0288665109275453e-60,-7.186245622512106e-42,3.002117138093474e-95,-1.1110213086712622e-59,7.760065986362722e-41,0.0,70.0,255.0,255.0,255.0
2902,145.1,-1.3187324934370684e-97,4.88035553994479e-62,-3.408744794658866e-43,-1.0897810473465607e-96,4.0330537074147164e-61,-2.8169363316273986e-42,3.0922363243205125e-95,-1.1443725510155028e-59,7.993011870747248e-41,0.0,70.0,255.0,255.0,255.0
2903,145.15,-1.4474741880468745e-97,5.356801859147305e-62,-3.741524629493258e-43,3.121116217978606e-97,-1.1550604008795762e-61,8.067662482351413e-43,2.171907183122046e-95,-8.037778174229381e-60,5.614085754157362e-41,0.0,70.0,255.0,255.0,255.0
2904,145.20000000000002,-1.0066208716392078e-97,3.725295139065214e-62,-2.6019785464237246e-43,1.0821261357754855e-96,-4.004724466814665e-61,2.7971494225299642e-42,8.570021454707263e-96,-3.171587254585398e-60,2.2152344140477646e-41,0.0,70.0,255.0,255.0,255.0
2905,145.25,-3.6534805227138875e-98,1.3520773923326395e-62,-9.443752069632944e-44,1.169113767268587e-96,-4.326647655464974e-61,3.022000662282906e-42,-2.6861780605108732e-96,9.94098806553596e-61,-6.943406283580907e-42,0.0,70.0,255.0,255.0,255.0
2906,145.3,1.624928956293795e-98,-6.013525163997606e-63,4.2002211585918126e-44,8.135083297243982e-97,-3.010625660261069e-61,2.1028087941718734e-42,-8.576980465230083e-96,3.174162640095848e-60,-2.217033223966661e-41,0.0,70.0,255.0,255.0,255.0
2907,145.35,4.481602774530096e-98,-1.6585482679284296e-62,1.158433587208579e-43,3.114157207455788e-97,-1.1524850153691258e-61,8.04967438316245e-43,-9.693901653602977e-96,3.58751201432339e-60,-2.5057422158098195e-41,0.0,70.0,255.0,255.0,255.0
2908,145.4,4.739086163749583e-98,-1.7538375317688864e-62,1.2249895541754263e-43,-1.5588183563589953e-97,5.768863540623215e-62,-4.0293342163794624e-43,-7.863681886984992e-96,2.91018562540198e-60,-2.032655207368824e-41,0.0,70.0,255.0,255.0,255.0
2909,145.45000000000002,2.9227844181711006e-98,-1.081661913866108e-62,7.555001655706327e-44,-4.749524679529203e-97,1.7577006100328545e-61,-1.2276877690525791e-42,-4.307627511542356e-96,1.5941636301977947e-60,-1.1134633392576017e-41,0.0,70.0,255.0,255.0,255.0
2910,145.5,-1.0438515779620934e-100,3.863078263968266e-65,-2.6982148771528796e-46,-5.866445867901351e-97,2.1710499842601164e-61,-1.516396760895548e-42,-3.9666359960823985e-97,1.4679697402442563e-61,-1.0253216532727118e-42,0.0,70.0,255.0,255.0,255.0
2911,145.55,-2.9436614497302505e-98,1.0893880703940087e-62,-7.608965953249157e-44,-5.146188279137443e-97,1.90449758405728e-61,-1.3302199343798503e-42,2.8810303550552196e-96,-1.0662096008111925e-60,7.447073060626967e-42,0.0,70.0,255.0,255.0,255.0
2912,145.6,-5.156626794917064e-98,1.9083606623212485e-62,-1.3329181492570032e-43,-2.985415512846131e-97,1.1048403834489239e-61,-7.716894548328512e-43,5.762060710110003e-96,-2.1324192016222316e-60,1.4894146121252846e-41,0.0,70.0,255.0,255.0,255.0
2913,145.65,-5.929076962576382e-98,2.1942284538429327e-62,-1.532586050157767e-43,6.158724309725601e-98,-2.2792161756495134e-62,1.5919467774543445e-43,5.762060710109888e-96,-2.132419201622195e-60,1.4894146121252476e-41,0.0,70.0,255.0,255.0,255.0
2914,145.70000000000002,-4.540754363944504e-98,1.6804390447562972e-62,-1.1737234715115687e-43,2.776645197263756e-97,-1.027578818173271e-61,7.177251572923964e-43,4.321545532582392e-96,-1.599314401216639e-60,1.117060959093924e-41,0.0,70.0,255.0,255.0,255.0
